-- Generated by Craft v2.3.2624 on Jan 20, 2015 2:30:30 AM.

--
-- Disable foreign key checks and autocommit.
--

SET FOREIGN_KEY_CHECKS = 0;
SET SQL_MODE = "NO_AUTO_VALUE_ON_ZERO";
SET AUTOCOMMIT = 0;
SET NAMES utf8;


DROP TABLE IF EXISTS `craft_assetfiles`;


--
-- Schema for table `craft_assetfiles`
--
CREATE TABLE `craft_assetfiles` (
  `id` int(11) NOT NULL,
  `sourceId` int(11) DEFAULT NULL,
  `folderId` int(11) NOT NULL,
  `filename` varchar(255) COLLATE utf8_unicode_ci NOT NULL,
  `kind` varchar(50) COLLATE utf8_unicode_ci NOT NULL DEFAULT 'unknown',
  `width` smallint(6) unsigned DEFAULT NULL,
  `height` smallint(6) unsigned DEFAULT NULL,
  `size` int(11) unsigned DEFAULT NULL,
  `dateModified` datetime DEFAULT NULL,
  `dateCreated` datetime NOT NULL,
  `dateUpdated` datetime NOT NULL,
  `uid` char(36) COLLATE utf8_unicode_ci NOT NULL DEFAULT '0',
  PRIMARY KEY (`id`),
  UNIQUE KEY `craft_assetfiles_filename_folderId_unq_idx` (`filename`,`folderId`),
  KEY `craft_assetfiles_sourceId_fk` (`sourceId`),
  KEY `craft_assetfiles_folderId_fk` (`folderId`)
) ENGINE=InnoDB DEFAULT CHARSET=utf8 COLLATE=utf8_unicode_ci;

--
-- Data for table `craft_assetfiles`
--

INSERT INTO `craft_assetfiles` (`id`, `sourceId`, `folderId`, `filename`, `kind`, `width`, `height`, `size`, `dateModified`, `dateCreated`, `dateUpdated`, `uid`) VALUES ('5', '1', '1', 'Nlh44-1.jpg', 'image', '4320', '3240', '8934639', '2014-11-26 00:57:52', '2014-11-26 00:57:58', '2014-11-26 00:57:58', '958fb809-9d01-4af1-b5f3-1475854d1721');
INSERT INTO `craft_assetfiles` (`id`, `sourceId`, `folderId`, `filename`, `kind`, `width`, `height`, `size`, `dateModified`, `dateCreated`, `dateUpdated`, `uid`) VALUES ('16', '3', '3', 'black-hole.jpg', 'image', '110', '110', '9244', '2014-12-27 04:54:26', '2014-12-27 04:54:26', '2014-12-27 04:54:26', '89ef6e1d-bd00-43a8-b23d-7d7abeb0b801');
INSERT INTO `craft_assetfiles` (`id`, `sourceId`, `folderId`, `filename`, `kind`, `width`, `height`, `size`, `dateModified`, `dateCreated`, `dateUpdated`, `uid`) VALUES ('17', '3', '3', 'strogatz.jpg', 'image', '110', '110', '6678', '2014-12-27 04:54:52', '2014-12-27 04:54:52', '2014-12-27 04:54:52', 'f48153d9-fdab-44c2-b124-b709162ae325');
INSERT INTO `craft_assetfiles` (`id`, `sourceId`, `folderId`, `filename`, `kind`, `width`, `height`, `size`, `dateModified`, `dateCreated`, `dateUpdated`, `uid`) VALUES ('18', '3', '3', 'my-story-icon.jpg', 'image', '110', '110', '8246', '2014-12-27 04:55:02', '2014-12-27 04:55:02', '2014-12-27 04:55:02', '698a9712-0e18-4764-ad80-f872ec7168b4');
INSERT INTO `craft_assetfiles` (`id`, `sourceId`, `folderId`, `filename`, `kind`, `width`, `height`, `size`, `dateModified`, `dateCreated`, `dateUpdated`, `uid`) VALUES ('20', '3', '3', 'philosophy.jpg', 'image', '110', '110', '12127', '2014-12-27 04:55:59', '2014-12-27 04:55:59', '2014-12-27 04:55:59', 'ab8ed14c-d465-49ef-a089-e73a73034321');
INSERT INTO `craft_assetfiles` (`id`, `sourceId`, `folderId`, `filename`, `kind`, `width`, `height`, `size`, `dateModified`, `dateCreated`, `dateUpdated`, `uid`) VALUES ('21', '3', '3', 'fukuyama.jpg', 'image', '110', '110', '10504', '2014-12-27 04:56:05', '2014-12-27 04:56:06', '2014-12-27 04:56:06', '42a994c1-b1f8-4fbe-bb9d-6447ffc5af41');
INSERT INTO `craft_assetfiles` (`id`, `sourceId`, `folderId`, `filename`, `kind`, `width`, `height`, `size`, `dateModified`, `dateCreated`, `dateUpdated`, `uid`) VALUES ('22', '3', '3', 'casts.jpg', 'image', '110', '110', '12432', '2014-12-27 04:56:10', '2014-12-27 04:56:11', '2014-12-27 04:56:11', 'bceaa24c-0904-4622-a90e-52fe8f3c2948');
INSERT INTO `craft_assetfiles` (`id`, `sourceId`, `folderId`, `filename`, `kind`, `width`, `height`, `size`, `dateModified`, `dateCreated`, `dateUpdated`, `uid`) VALUES ('45', '4', '4', 'cast-video.jpg', 'image', '650', '367', '43721', '2014-12-31 18:12:21', '2014-12-31 18:12:21', '2014-12-31 18:12:21', '09199d88-5bf7-4ef9-a1f4-54924b5ec427');
INSERT INTO `craft_assetfiles` (`id`, `sourceId`, `folderId`, `filename`, `kind`, `width`, `height`, `size`, `dateModified`, `dateCreated`, `dateUpdated`, `uid`) VALUES ('49', '4', '4', 'honaz-2.jpg', 'image', '328', '218', '37696', '2015-01-02 03:24:49', '2015-01-02 03:24:49', '2015-01-02 03:24:49', 'eaf83d60-666e-4500-b9aa-e3e2ee7d4f68');
INSERT INTO `craft_assetfiles` (`id`, `sourceId`, `folderId`, `filename`, `kind`, `width`, `height`, `size`, `dateModified`, `dateCreated`, `dateUpdated`, `uid`) VALUES ('51', '4', '4', 'bulb-lab.jpg', 'image', '328', '219', '36180', '2015-01-11 16:21:42', '2015-01-02 03:40:28', '2015-01-11 16:21:43', '1b96b030-09bf-423f-90dd-db9692b1b1c1');
INSERT INTO `craft_assetfiles` (`id`, `sourceId`, `folderId`, `filename`, `kind`, `width`, `height`, `size`, `dateModified`, `dateCreated`, `dateUpdated`, `uid`) VALUES ('52', '4', '4', 'honaz-1.jpg', 'image', '328', '218', '31473', '2015-01-02 17:57:39', '2015-01-02 17:57:39', '2015-01-02 17:57:39', 'd44146f2-d59d-477b-8fd8-c4af0bdd8500');
INSERT INTO `craft_assetfiles` (`id`, `sourceId`, `folderId`, `filename`, `kind`, `width`, `height`, `size`, `dateModified`, `dateCreated`, `dateUpdated`, `uid`) VALUES ('64', '1', '1', 'boy-onion.jpg', 'image', '530', '299', '22041', '2015-01-03 22:08:52', '2015-01-03 02:58:20', '2015-01-03 22:08:52', '2442d373-70ed-483e-b94a-5102e3ca51d1');
INSERT INTO `craft_assetfiles` (`id`, `sourceId`, `folderId`, `filename`, `kind`, `width`, `height`, `size`, `dateModified`, `dateCreated`, `dateUpdated`, `uid`) VALUES ('67', '1', '1', 'honaz.jpg', 'image', '530', '300', '46085', '2015-01-03 22:09:34', '2015-01-03 03:02:49', '2015-01-03 22:09:35', 'b03b6a35-56de-4624-bf0d-1cb703416ecc');
INSERT INTO `craft_assetfiles` (`id`, `sourceId`, `folderId`, `filename`, `kind`, `width`, `height`, `size`, `dateModified`, `dateCreated`, `dateUpdated`, `uid`) VALUES ('70', '1', '1', 'wildflower-garden.jpg', 'image', '530', '298', '33961', '2015-01-03 22:10:22', '2015-01-03 04:12:51', '2015-01-03 22:10:22', '2d82df0d-cb0e-4550-9674-bfd37f837b44');
INSERT INTO `craft_assetfiles` (`id`, `sourceId`, `folderId`, `filename`, `kind`, `width`, `height`, `size`, `dateModified`, `dateCreated`, `dateUpdated`, `uid`) VALUES ('73', '1', '1', 'fire-and-ice.jpg', 'image', '530', '298', '35050', '2015-01-03 22:09:12', '2015-01-03 04:29:17', '2015-01-03 22:09:12', 'fd34c751-525e-4787-bff7-20654a85ae2f');
INSERT INTO `craft_assetfiles` (`id`, `sourceId`, `folderId`, `filename`, `kind`, `width`, `height`, `size`, `dateModified`, `dateCreated`, `dateUpdated`, `uid`) VALUES ('76', '1', '1', 'kids-and-chicken.jpg', 'image', '530', '299', '29955', '2015-01-03 22:09:58', '2015-01-03 04:32:29', '2015-01-03 22:09:59', '76b0d546-876d-4f67-8444-bedcef144a38');
INSERT INTO `craft_assetfiles` (`id`, `sourceId`, `folderId`, `filename`, `kind`, `width`, `height`, `size`, `dateModified`, `dateCreated`, `dateUpdated`, `uid`) VALUES ('79', '1', '1', 'tadpole-pond.jpg', 'image', '530', '299', '43710', '2015-01-03 22:10:11', '2015-01-03 04:35:34', '2015-01-03 22:10:12', '580c1f88-381d-4ff3-89b5-154d8a33ef36');
INSERT INTO `craft_assetfiles` (`id`, `sourceId`, `folderId`, `filename`, `kind`, `width`, `height`, `size`, `dateModified`, `dateCreated`, `dateUpdated`, `uid`) VALUES ('85', '1', '1', 'girl-tossing-salad.jpg', 'image', '152', '199', '13399', '2015-01-03 15:56:01', '2015-01-03 15:56:01', '2015-01-03 15:56:01', '9e432e53-e2d6-4f2f-bdef-4560aaeaae01');
INSERT INTO `craft_assetfiles` (`id`, `sourceId`, `folderId`, `filename`, `kind`, `width`, `height`, `size`, `dateModified`, `dateCreated`, `dateUpdated`, `uid`) VALUES ('107', '4', '4', 'fire-and-ice.jpg', 'image', '530', '298', '35050', '2015-01-04 16:03:45', '2015-01-04 16:03:45', '2015-01-04 16:03:45', '485801c2-31bc-4e57-9566-07b1c03403fa');
INSERT INTO `craft_assetfiles` (`id`, `sourceId`, `folderId`, `filename`, `kind`, `width`, `height`, `size`, `dateModified`, `dateCreated`, `dateUpdated`, `uid`) VALUES ('108', '4', '4', 'bonfire.jpg', 'image', '2048', '1530', '513805', '2015-01-04 16:06:16', '2015-01-04 16:06:24', '2015-01-04 16:06:24', 'f330fea1-4bf2-4402-91e7-3c3230343947');
INSERT INTO `craft_assetfiles` (`id`, `sourceId`, `folderId`, `filename`, `kind`, `width`, `height`, `size`, `dateModified`, `dateCreated`, `dateUpdated`, `uid`) VALUES ('115', '4', '4', 'sprouts-junk.png', 'image', '670', '872', '935725', '2015-01-04 22:14:59', '2015-01-04 22:15:11', '2015-01-04 22:15:11', '6d0ae26c-c4cc-4634-9e4f-e4977deba9b7');
INSERT INTO `craft_assetfiles` (`id`, `sourceId`, `folderId`, `filename`, `kind`, `width`, `height`, `size`, `dateModified`, `dateCreated`, `dateUpdated`, `uid`) VALUES ('124', '4', '4', 'Screen-Shot-2015-01-10-at-9.48.51-AM.png', 'image', '555', '555', '589937', '2015-01-10 14:49:43', '2015-01-10 14:49:45', '2015-01-10 14:49:45', '7c9b99b3-5f88-4fc0-b062-5ceb00a7f94f');
INSERT INTO `craft_assetfiles` (`id`, `sourceId`, `folderId`, `filename`, `kind`, `width`, `height`, `size`, `dateModified`, `dateCreated`, `dateUpdated`, `uid`) VALUES ('129', '4', '4', 'Screen-Shot-2015-01-10-at-9.54.16-AM.png', 'image', '500', '500', '575287', '2015-01-10 14:55:12', '2015-01-10 14:55:13', '2015-01-10 14:55:13', '1afe5d23-51ff-4ed2-b1ce-72a6cfa13fd4');
INSERT INTO `craft_assetfiles` (`id`, `sourceId`, `folderId`, `filename`, `kind`, `width`, `height`, `size`, `dateModified`, `dateCreated`, `dateUpdated`, `uid`) VALUES ('136', '1', '1', 'bulb-lab-pano-small.jpg', 'image', '320', '100', '30687', '2015-01-11 16:29:00', '2015-01-11 16:29:00', '2015-01-11 16:29:00', '2eef6b88-f683-48fc-b2af-4ea0a21adae1');
INSERT INTO `craft_assetfiles` (`id`, `sourceId`, `folderId`, `filename`, `kind`, `width`, `height`, `size`, `dateModified`, `dateCreated`, `dateUpdated`, `uid`) VALUES ('137', '1', '1', 'honaz-pano-small_1.jpg', 'image', '320', '107', '29538', '2015-01-11 16:31:07', '2015-01-11 16:31:08', '2015-01-11 16:31:08', 'e241d223-6a87-4bc4-b6fc-eea7cdb01742');
INSERT INTO `craft_assetfiles` (`id`, `sourceId`, `folderId`, `filename`, `kind`, `width`, `height`, `size`, `dateModified`, `dateCreated`, `dateUpdated`, `uid`) VALUES ('148', '5', '5', 'ropes.jpg', 'image', '1460', '490', '108418', '2015-01-11 21:48:07', '2015-01-11 21:38:12', '2015-01-11 21:48:07', '2217edb0-4141-4910-949e-a792b2ae7d35');
INSERT INTO `craft_assetfiles` (`id`, `sourceId`, `folderId`, `filename`, `kind`, `width`, `height`, `size`, `dateModified`, `dateCreated`, `dateUpdated`, `uid`) VALUES ('152', '5', '5', 'bubbles.jpg', 'image', '1460', '490', '86238', '2015-01-11 21:49:36', '2015-01-11 21:49:40', '2015-01-11 21:49:40', 'b1ed22dc-bb55-47a0-b265-ccfd635d4ef2');
INSERT INTO `craft_assetfiles` (`id`, `sourceId`, `folderId`, `filename`, `kind`, `width`, `height`, `size`, `dateModified`, `dateCreated`, `dateUpdated`, `uid`) VALUES ('156', '5', '5', 'bulb-lab-arial.jpg', 'image', '1460', '490', '101616', '2015-01-13 01:27:38', '2015-01-13 01:27:41', '2015-01-13 01:27:41', '6a6b623a-3287-4826-a7d8-acf45c2040f0');
INSERT INTO `craft_assetfiles` (`id`, `sourceId`, `folderId`, `filename`, `kind`, `width`, `height`, `size`, `dateModified`, `dateCreated`, `dateUpdated`, `uid`) VALUES ('159', '5', '5', 'kids-on-swing.jpg', 'image', '1460', '490', '100698', '2015-01-13 01:31:21', '2015-01-13 01:31:30', '2015-01-13 01:31:30', 'b806f0c5-b8dd-461b-85bd-0a1724e0ea58');
INSERT INTO `craft_assetfiles` (`id`, `sourceId`, `folderId`, `filename`, `kind`, `width`, `height`, `size`, `dateModified`, `dateCreated`, `dateUpdated`, `uid`) VALUES ('162', '5', '5', 'kids-in-winter.jpg', 'image', '1460', '490', '136049', '2015-01-13 01:35:48', '2015-01-13 01:35:50', '2015-01-13 01:35:50', 'b1679017-7a62-45e5-afb2-0aee1ac5ca30');
INSERT INTO `craft_assetfiles` (`id`, `sourceId`, `folderId`, `filename`, `kind`, `width`, `height`, `size`, `dateModified`, `dateCreated`, `dateUpdated`, `uid`) VALUES ('169', '1', '1', 'jumping.jpg', 'image', '725', '520', '56645', '2015-01-13 02:10:18', '2015-01-13 02:10:19', '2015-01-13 02:10:19', 'f7dd5b88-2758-4e65-a608-abe5d001cf6f');
INSERT INTO `craft_assetfiles` (`id`, `sourceId`, `folderId`, `filename`, `kind`, `width`, `height`, `size`, `dateModified`, `dateCreated`, `dateUpdated`, `uid`) VALUES ('170', '1', '1', 'looking-at-bark.jpg', 'image', '725', '520', '48479', '2015-01-13 02:10:30', '2015-01-13 02:10:30', '2015-01-13 02:10:30', '2eec5846-83c0-405e-bc6d-eac7777e5322');
INSERT INTO `craft_assetfiles` (`id`, `sourceId`, `folderId`, `filename`, `kind`, `width`, `height`, `size`, `dateModified`, `dateCreated`, `dateUpdated`, `uid`) VALUES ('172', '1', '1', 'on-log.jpg', 'image', '725', '520', '81777', '2015-01-13 02:11:02', '2015-01-13 02:11:03', '2015-01-13 02:11:03', 'ae843a66-0a07-46e8-a38c-77d32ca3cdb3');
INSERT INTO `craft_assetfiles` (`id`, `sourceId`, `folderId`, `filename`, `kind`, `width`, `height`, `size`, `dateModified`, `dateCreated`, `dateUpdated`, `uid`) VALUES ('178', '1', '1', 'Whats-Good-Ithaca-Playwork.png', 'image', '911', '488', '648330', '2015-01-13 04:40:19', '2015-01-13 04:40:22', '2015-01-13 04:43:18', '00f3a491-5b62-4665-987b-7b9020e107dd');
INSERT INTO `craft_assetfiles` (`id`, `sourceId`, `folderId`, `filename`, `kind`, `width`, `height`, `size`, `dateModified`, `dateCreated`, `dateUpdated`, `uid`) VALUES ('188', '1', '1', 'DSC03973.jpg', 'image', '1280', '852', '267569', '2015-01-19 03:18:05', '2015-01-19 03:18:06', '2015-01-19 03:18:06', '5ded014c-99f5-42cf-ad2c-e190ec0a18f2');
INSERT INTO `craft_assetfiles` (`id`, `sourceId`, `folderId`, `filename`, `kind`, `width`, `height`, `size`, `dateModified`, `dateCreated`, `dateUpdated`, `uid`) VALUES ('189', '1', '1', 'IMG_0145.jpg', 'image', '1280', '853', '1647584', '2015-01-19 03:18:08', '2015-01-19 03:18:10', '2015-01-19 03:18:10', 'dd7b2be0-e0a2-46b8-89f5-1da18db657ee');
INSERT INTO `craft_assetfiles` (`id`, `sourceId`, `folderId`, `filename`, `kind`, `width`, `height`, `size`, `dateModified`, `dateCreated`, `dateUpdated`, `uid`) VALUES ('190', '1', '1', 'IMG_0001.jpg', 'image', '1280', '853', '1611665', '2015-01-19 03:26:47', '2015-01-19 03:26:48', '2015-01-19 03:26:48', 'c7413ff1-2031-498b-aa58-fd610d78768b');
INSERT INTO `craft_assetfiles` (`id`, `sourceId`, `folderId`, `filename`, `kind`, `width`, `height`, `size`, `dateModified`, `dateCreated`, `dateUpdated`, `uid`) VALUES ('202', '1', '1', 'IMG_0011.jpg', 'image', '1280', '853', '1706240', '2015-01-20 01:14:28', '2015-01-20 01:14:30', '2015-01-20 01:14:30', 'a5bc1346-9b04-4eb7-93b6-133a5ca819c6');
INSERT INTO `craft_assetfiles` (`id`, `sourceId`, `folderId`, `filename`, `kind`, `width`, `height`, `size`, `dateModified`, `dateCreated`, `dateUpdated`, `uid`) VALUES ('203', '1', '1', 'IMG_0054.jpg', 'image', '1280', '853', '1836517', '2015-01-20 01:14:32', '2015-01-20 01:14:34', '2015-01-20 01:14:34', '603f6533-727f-4ae9-8b6a-5c2292ef7420');
INSERT INTO `craft_assetfiles` (`id`, `sourceId`, `folderId`, `filename`, `kind`, `width`, `height`, `size`, `dateModified`, `dateCreated`, `dateUpdated`, `uid`) VALUES ('204', '1', '1', 'IMG_0056.jpg', 'image', '1280', '853', '1859640', '2015-01-20 01:14:36', '2015-01-20 01:14:38', '2015-01-20 01:14:38', '2917f9fa-5157-4e21-a4e1-817b2061c8ee');
INSERT INTO `craft_assetfiles` (`id`, `sourceId`, `folderId`, `filename`, `kind`, `width`, `height`, `size`, `dateModified`, `dateCreated`, `dateUpdated`, `uid`) VALUES ('205', '1', '1', 'IMG_0059.jpg', 'image', '1280', '853', '1572497', '2015-01-20 01:14:41', '2015-01-20 01:14:42', '2015-01-20 01:14:42', '66a81385-045c-4910-9509-128eb613ded0');
INSERT INTO `craft_assetfiles` (`id`, `sourceId`, `folderId`, `filename`, `kind`, `width`, `height`, `size`, `dateModified`, `dateCreated`, `dateUpdated`, `uid`) VALUES ('206', '1', '1', 'IMG_2697.jpg', 'image', '1280', '956', '1576096', '2015-01-20 01:14:45', '2015-01-20 01:14:47', '2015-01-20 01:14:47', '286e4c60-c0b2-4fce-9219-ae28ff8d9527');
INSERT INTO `craft_assetfiles` (`id`, `sourceId`, `folderId`, `filename`, `kind`, `width`, `height`, `size`, `dateModified`, `dateCreated`, `dateUpdated`, `uid`) VALUES ('207', '3', '3', 'IMG_0011.jpg', 'image', '1280', '853', '1706240', '2015-01-20 01:14:57', '2015-01-20 01:14:59', '2015-01-20 01:14:59', '53dcaecd-bbf3-4968-9d3a-a4e8496de826');
INSERT INTO `craft_assetfiles` (`id`, `sourceId`, `folderId`, `filename`, `kind`, `width`, `height`, `size`, `dateModified`, `dateCreated`, `dateUpdated`, `uid`) VALUES ('208', '3', '3', 'IMG_0054.jpg', 'image', '1280', '853', '1836517', '2015-01-20 01:15:01', '2015-01-20 01:15:03', '2015-01-20 01:15:03', '0254c38d-de59-4fa9-91c6-eea22f3ab6ea');
INSERT INTO `craft_assetfiles` (`id`, `sourceId`, `folderId`, `filename`, `kind`, `width`, `height`, `size`, `dateModified`, `dateCreated`, `dateUpdated`, `uid`) VALUES ('209', '3', '3', 'IMG_0056.jpg', 'image', '1280', '853', '1859640', '2015-01-20 01:15:06', '2015-01-20 01:15:08', '2015-01-20 01:15:08', '2f5afdab-bc22-4ab2-90e8-cb7a114a91a6');
INSERT INTO `craft_assetfiles` (`id`, `sourceId`, `folderId`, `filename`, `kind`, `width`, `height`, `size`, `dateModified`, `dateCreated`, `dateUpdated`, `uid`) VALUES ('210', '3', '3', 'IMG_0059.jpg', 'image', '1280', '853', '1572497', '2015-01-20 01:15:10', '2015-01-20 01:15:12', '2015-01-20 01:15:12', 'a9687c2e-cc99-4283-9d30-01f656f88313');
INSERT INTO `craft_assetfiles` (`id`, `sourceId`, `folderId`, `filename`, `kind`, `width`, `height`, `size`, `dateModified`, `dateCreated`, `dateUpdated`, `uid`) VALUES ('211', '3', '3', 'IMG_2697.jpg', 'image', '1280', '956', '1576096', '2015-01-20 01:15:15', '2015-01-20 01:15:17', '2015-01-20 01:15:17', '15f9be38-3c12-49c4-a65d-765ca79ee2cc');
INSERT INTO `craft_assetfiles` (`id`, `sourceId`, `folderId`, `filename`, `kind`, `width`, `height`, `size`, `dateModified`, `dateCreated`, `dateUpdated`, `uid`) VALUES ('213', '3', '3', 'bottle-greenhouse.jpg', 'image', '725', '483', '629907', '2015-01-20 01:22:43', '2015-01-20 01:22:44', '2015-01-20 01:22:44', '6792e832-fa97-4db6-b0fc-f48fd26112e5');
INSERT INTO `craft_assetfiles` (`id`, `sourceId`, `folderId`, `filename`, `kind`, `width`, `height`, `size`, `dateModified`, `dateCreated`, `dateUpdated`, `uid`) VALUES ('214', '3', '3', 'bottle-greenhouse2.png', 'image', '1804', '1330', '4777266', '2015-01-20 01:23:46', '2015-01-20 01:23:52', '2015-01-20 01:25:00', '15d00979-53ca-480b-8237-67668e910b13');
INSERT INTO `craft_assetfiles` (`id`, `sourceId`, `folderId`, `filename`, `kind`, `width`, `height`, `size`, `dateModified`, `dateCreated`, `dateUpdated`, `uid`) VALUES ('215', '3', '3', 'Screen-Shot-2015-01-19-at-8.27.22-PM.png', 'image', '1126', '1194', '2704594', '2015-01-20 01:46:56', '2015-01-20 01:47:00', '2015-01-20 01:47:00', 'b092326e-209e-44a5-a9ec-491695ecf379');
INSERT INTO `craft_assetfiles` (`id`, `sourceId`, `folderId`, `filename`, `kind`, `width`, `height`, `size`, `dateModified`, `dateCreated`, `dateUpdated`, `uid`) VALUES ('216', '3', '3', 'IMG_1602.jpg', 'image', '1280', '853', '1734757', '2015-01-20 01:58:10', '2015-01-20 01:57:29', '2015-01-20 01:58:21', '99a9c728-8c14-4cb4-9873-4a0eaa9c2d24');
INSERT INTO `craft_assetfiles` (`id`, `sourceId`, `folderId`, `filename`, `kind`, `width`, `height`, `size`, `dateModified`, `dateCreated`, `dateUpdated`, `uid`) VALUES ('217', '3', '3', 'Screen-Shot-2015-01-18-at-9.19.53-PM.png', 'image', '1804', '1330', '4777266', '2015-01-20 01:57:29', '2015-01-20 01:57:33', '2015-01-20 01:57:33', '889d11e2-39c2-4adb-a629-6767088dbb32');
INSERT INTO `craft_assetfiles` (`id`, `sourceId`, `folderId`, `filename`, `kind`, `width`, `height`, `size`, `dateModified`, `dateCreated`, `dateUpdated`, `uid`) VALUES ('218', '3', '3', 'IMG_0313.jpg', 'image', '1280', '853', '1683927', '2015-01-20 01:58:06', '2015-01-20 01:58:08', '2015-01-20 01:58:08', 'f9c7aabf-d018-4fd0-b1bf-c057de7ef714');
INSERT INTO `craft_assetfiles` (`id`, `sourceId`, `folderId`, `filename`, `kind`, `width`, `height`, `size`, `dateModified`, `dateCreated`, `dateUpdated`, `uid`) VALUES ('220', '3', '3', 'IMG_4365.jpg', 'image', '1280', '960', '1668928', '2015-01-20 01:58:15', '2015-01-20 01:58:17', '2015-01-20 01:58:17', '13587551-9a9a-459d-b609-300cdcd71195');
INSERT INTO `craft_assetfiles` (`id`, `sourceId`, `folderId`, `filename`, `kind`, `width`, `height`, `size`, `dateModified`, `dateCreated`, `dateUpdated`, `uid`) VALUES ('222', '3', '3', 'IMG_0009.jpg', 'image', '1280', '853', '1798059', '2015-01-20 02:08:10', '2015-01-20 02:08:12', '2015-01-20 02:08:12', '2fde3a0f-b0ff-49b2-96c1-f6c1c1960578');
INSERT INTO `craft_assetfiles` (`id`, `sourceId`, `folderId`, `filename`, `kind`, `width`, `height`, `size`, `dateModified`, `dateCreated`, `dateUpdated`, `uid`) VALUES ('228', '3', '3', 'IMG_0117.jpg', 'image', '1280', '853', '1939410', '2015-01-20 02:24:00', '2015-01-20 02:24:02', '2015-01-20 02:24:02', '680a925c-3902-4bf9-9710-3526d17944c0');
INSERT INTO `craft_assetfiles` (`id`, `sourceId`, `folderId`, `filename`, `kind`, `width`, `height`, `size`, `dateModified`, `dateCreated`, `dateUpdated`, `uid`) VALUES ('229', '3', '3', 'IMG_0126.jpg', 'image', '1280', '853', '2193164', '2015-01-20 02:24:04', '2015-01-20 02:24:06', '2015-01-20 02:24:06', '357f20bb-2696-4601-b361-ca8c6e3b52ea');
INSERT INTO `craft_assetfiles` (`id`, `sourceId`, `folderId`, `filename`, `kind`, `width`, `height`, `size`, `dateModified`, `dateCreated`, `dateUpdated`, `uid`) VALUES ('230', '3', '3', 'IMG_0469.jpg', 'image', '1280', '853', '1494036', '2015-01-20 02:24:08', '2015-01-20 02:24:10', '2015-01-20 02:24:10', '131928bd-82a0-4091-82ff-448d23130c54');
INSERT INTO `craft_assetfiles` (`id`, `sourceId`, `folderId`, `filename`, `kind`, `width`, `height`, `size`, `dateModified`, `dateCreated`, `dateUpdated`, `uid`) VALUES ('231', '3', '3', 'IMG_2826.jpg', 'image', '1280', '960', '1945423', '2015-01-20 02:24:12', '2015-01-20 02:24:14', '2015-01-20 02:24:14', 'bb11fcae-ad96-4e72-b6d7-dd5969f591f3');
INSERT INTO `craft_assetfiles` (`id`, `sourceId`, `folderId`, `filename`, `kind`, `width`, `height`, `size`, `dateModified`, `dateCreated`, `dateUpdated`, `uid`) VALUES ('232', '3', '3', 'IMG_3254.jpg', 'image', '1280', '853', '1196032', '2015-01-20 02:24:16', '2015-01-20 02:24:18', '2015-01-20 02:24:18', '60d2eb94-c9d9-40b7-adf6-798392513bc0');
INSERT INTO `craft_assetfiles` (`id`, `sourceId`, `folderId`, `filename`, `kind`, `width`, `height`, `size`, `dateModified`, `dateCreated`, `dateUpdated`, `uid`) VALUES ('233', '3', '3', 'IMG_3368.jpg', 'image', '1280', '956', '1512258', '2015-01-20 02:25:20', '2015-01-20 02:25:22', '2015-01-20 02:25:22', 'a6ce7fa5-55df-4a6b-92ae-cb86bacbb56a');



DROP TABLE IF EXISTS `craft_assetfolders`;


--
-- Schema for table `craft_assetfolders`
--
CREATE TABLE `craft_assetfolders` (
  `id` int(11) NOT NULL AUTO_INCREMENT,
  `parentId` int(11) DEFAULT NULL,
  `sourceId` int(11) DEFAULT NULL,
  `name` varchar(255) COLLATE utf8_unicode_ci NOT NULL,
  `path` varchar(255) COLLATE utf8_unicode_ci DEFAULT NULL,
  `dateCreated` datetime NOT NULL,
  `dateUpdated` datetime NOT NULL,
  `uid` char(36) COLLATE utf8_unicode_ci NOT NULL DEFAULT '0',
  PRIMARY KEY (`id`),
  UNIQUE KEY `craft_assetfolders_name_parentId_sourceId_unq_idx` (`name`,`parentId`,`sourceId`),
  KEY `craft_assetfolders_parentId_fk` (`parentId`),
  KEY `craft_assetfolders_sourceId_fk` (`sourceId`)
) ENGINE=InnoDB AUTO_INCREMENT=6 DEFAULT CHARSET=utf8 COLLATE=utf8_unicode_ci;

--
-- Data for table `craft_assetfolders`
--

INSERT INTO `craft_assetfolders` (`id`, `parentId`, `sourceId`, `name`, `path`, `dateCreated`, `dateUpdated`, `uid`) VALUES ('1', NULL, '1', 'ICG Main Images', '', '2014-11-26 00:54:29', '2014-11-26 00:54:29', '279b9f4a-be54-4ff4-8e37-ede6569b5656');
INSERT INTO `craft_assetfolders` (`id`, `parentId`, `sourceId`, `name`, `path`, `dateCreated`, `dateUpdated`, `uid`) VALUES ('2', NULL, '2', 'Education', '', '2014-11-26 01:01:10', '2014-11-26 01:01:10', 'f74b106e-5b26-412c-af4d-d8930ff227f9');
INSERT INTO `craft_assetfolders` (`id`, `parentId`, `sourceId`, `name`, `path`, `dateCreated`, `dateUpdated`, `uid`) VALUES ('3', NULL, '3', 'Garden Feature Images', '', '2014-12-27 04:46:44', '2014-12-27 04:46:44', 'fa2397eb-1284-4056-a5c3-bc9b63dcffa0');
INSERT INTO `craft_assetfolders` (`id`, `parentId`, `sourceId`, `name`, `path`, `dateCreated`, `dateUpdated`, `uid`) VALUES ('4', NULL, '4', 'Programs', '', '2014-12-31 18:10:14', '2014-12-31 18:10:14', '78b62c8b-1a70-4b03-b551-8816383ae8c5');
INSERT INTO `craft_assetfolders` (`id`, `parentId`, `sourceId`, `name`, `path`, `dateCreated`, `dateUpdated`, `uid`) VALUES ('5', NULL, '5', 'Panos', '', '2015-01-11 21:33:35', '2015-01-11 21:33:35', '73a98f15-af5b-4c93-a3d0-47f63d957fac');



DROP TABLE IF EXISTS `craft_assetindexdata`;


--
-- Schema for table `craft_assetindexdata`
--
CREATE TABLE `craft_assetindexdata` (
  `id` int(11) NOT NULL AUTO_INCREMENT,
  `sessionId` varchar(36) COLLATE utf8_unicode_ci NOT NULL DEFAULT '',
  `sourceId` int(10) NOT NULL,
  `offset` int(10) NOT NULL,
  `uri` varchar(255) COLLATE utf8_unicode_ci DEFAULT NULL,
  `size` int(10) DEFAULT NULL,
  `recordId` int(10) DEFAULT NULL,
  `dateCreated` datetime NOT NULL,
  `dateUpdated` datetime NOT NULL,
  `uid` char(36) COLLATE utf8_unicode_ci NOT NULL DEFAULT '0',
  PRIMARY KEY (`id`),
  UNIQUE KEY `craft_assetindexdata_sessionId_sourceId_offset_unq_idx` (`sessionId`,`sourceId`,`offset`),
  KEY `craft_assetindexdata_sourceId_fk` (`sourceId`)
) ENGINE=InnoDB DEFAULT CHARSET=utf8 COLLATE=utf8_unicode_ci;

DROP TABLE IF EXISTS `craft_assetsources`;


--
-- Schema for table `craft_assetsources`
--
CREATE TABLE `craft_assetsources` (
  `id` int(11) NOT NULL AUTO_INCREMENT,
  `name` varchar(255) COLLATE utf8_unicode_ci NOT NULL,
  `handle` varchar(255) COLLATE utf8_unicode_ci NOT NULL,
  `type` varchar(150) COLLATE utf8_unicode_ci NOT NULL,
  `settings` text COLLATE utf8_unicode_ci,
  `sortOrder` tinyint(4) DEFAULT NULL,
  `fieldLayoutId` int(10) DEFAULT NULL,
  `dateCreated` datetime NOT NULL,
  `dateUpdated` datetime NOT NULL,
  `uid` char(36) COLLATE utf8_unicode_ci NOT NULL DEFAULT '0',
  PRIMARY KEY (`id`),
  UNIQUE KEY `craft_assetsources_name_unq_idx` (`name`),
  UNIQUE KEY `craft_assetsources_handle_unq_idx` (`handle`),
  KEY `craft_assetsources_fieldLayoutId_fk` (`fieldLayoutId`)
) ENGINE=InnoDB AUTO_INCREMENT=6 DEFAULT CHARSET=utf8 COLLATE=utf8_unicode_ci;

--
-- Data for table `craft_assetsources`
--

INSERT INTO `craft_assetsources` (`id`, `name`, `handle`, `type`, `settings`, `sortOrder`, `fieldLayoutId`, `dateCreated`, `dateUpdated`, `uid`) VALUES ('1', 'ICG Main Images', 'icgMainImages', 'Local', '{\"path\":\"images\\/\",\"url\":\"images\\/\"}', '1', '7', '2014-11-26 00:54:29', '2014-12-31 02:27:29', 'a6eb7c35-238e-484e-a796-f91f792043bb');
INSERT INTO `craft_assetsources` (`id`, `name`, `handle`, `type`, `settings`, `sortOrder`, `fieldLayoutId`, `dateCreated`, `dateUpdated`, `uid`) VALUES ('2', 'Education', 'education', 'Local', '{\"path\":\"images\\/education\\/\",\"url\":\"images\\/education\\/\"}', '2', '8', '2014-11-26 01:01:10', '2014-12-31 02:27:29', '4434cfc9-094c-46f8-a012-d44a4ca0db72');
INSERT INTO `craft_assetsources` (`id`, `name`, `handle`, `type`, `settings`, `sortOrder`, `fieldLayoutId`, `dateCreated`, `dateUpdated`, `uid`) VALUES ('3', 'Garden Feature Images', 'gardenFeatureImages', 'Local', '{\"path\":\"images\\/garden\\/\",\"url\":\"images\\/garden\\/\"}', '3', '13', '2014-12-27 04:46:44', '2014-12-31 02:27:29', '14026da9-9b31-41d2-9f95-b7d9998547f5');
INSERT INTO `craft_assetsources` (`id`, `name`, `handle`, `type`, `settings`, `sortOrder`, `fieldLayoutId`, `dateCreated`, `dateUpdated`, `uid`) VALUES ('4', 'Programs', 'programs', 'Local', '{\"path\":\"images\\/programs\\/\",\"url\":\"images\\/programs\\/\"}', '4', '31', '2014-12-31 18:10:14', '2014-12-31 18:10:14', 'f7a4bdd5-e68e-4999-b517-d1a000d9a31f');
INSERT INTO `craft_assetsources` (`id`, `name`, `handle`, `type`, `settings`, `sortOrder`, `fieldLayoutId`, `dateCreated`, `dateUpdated`, `uid`) VALUES ('5', 'Panos', 'panos', 'Local', '{\"path\":\"images\\/panos\\/\",\"url\":\"images\\/panos\\/\"}', '5', '103', '2015-01-11 21:33:35', '2015-01-11 21:34:07', '23418715-6261-4653-ab98-6c8abf3ac6c2');



DROP TABLE IF EXISTS `craft_assettransformindex`;


--
-- Schema for table `craft_assettransformindex`
--
CREATE TABLE `craft_assettransformindex` (
  `id` int(11) NOT NULL AUTO_INCREMENT,
  `fileId` int(11) NOT NULL,
  `filename` varchar(255) COLLATE utf8_unicode_ci DEFAULT NULL,
  `format` varchar(255) COLLATE utf8_unicode_ci DEFAULT NULL,
  `location` varchar(255) COLLATE utf8_unicode_ci NOT NULL,
  `sourceId` int(11) DEFAULT NULL,
  `fileExists` tinyint(1) DEFAULT NULL,
  `inProgress` tinyint(1) DEFAULT NULL,
  `dateIndexed` datetime DEFAULT NULL,
  `dateCreated` datetime NOT NULL,
  `dateUpdated` datetime NOT NULL,
  `uid` char(36) COLLATE utf8_unicode_ci NOT NULL DEFAULT '0',
  PRIMARY KEY (`id`),
  KEY `craft_assettransformindex_sourceId_fileId_location_idx` (`sourceId`,`fileId`,`location`)
) ENGINE=InnoDB AUTO_INCREMENT=14 DEFAULT CHARSET=utf8 COLLATE=utf8_unicode_ci;

--
-- Data for table `craft_assettransformindex`
--

INSERT INTO `craft_assettransformindex` (`id`, `fileId`, `filename`, `format`, `location`, `sourceId`, `fileExists`, `inProgress`, `dateIndexed`, `dateCreated`, `dateUpdated`, `uid`) VALUES ('1', '45', 'cast-video.jpg', 'jpg', '_crop160x160', '4', '1', '0', '2015-01-04 16:08:34', '2015-01-04 16:08:34', '2015-01-04 16:08:35', 'b7fc55ca-0885-42ac-a46f-76480ca41e2d');
INSERT INTO `craft_assettransformindex` (`id`, `fileId`, `filename`, `format`, `location`, `sourceId`, `fileExists`, `inProgress`, `dateIndexed`, `dateCreated`, `dateUpdated`, `uid`) VALUES ('3', '107', 'fire-and-ice.jpg', 'jpg', '_crop160x160', '4', '1', '0', '2015-01-04 16:10:52', '2015-01-04 16:10:52', '2015-01-04 16:10:53', 'f631251d-de70-42cb-b36b-0a110acbf459');
INSERT INTO `craft_assettransformindex` (`id`, `fileId`, `filename`, `format`, `location`, `sourceId`, `fileExists`, `inProgress`, `dateIndexed`, `dateCreated`, `dateUpdated`, `uid`) VALUES ('4', '85', 'girl-tossing-salad.jpg', 'jpg', '_crop160x160', '1', '1', '0', '2015-01-04 16:23:13', '2015-01-04 16:23:13', '2015-01-04 16:23:13', '49638925-e491-4e35-8777-93923f12d51d');
INSERT INTO `craft_assettransformindex` (`id`, `fileId`, `filename`, `format`, `location`, `sourceId`, `fileExists`, `inProgress`, `dateIndexed`, `dateCreated`, `dateUpdated`, `uid`) VALUES ('5', '115', 'sprouts-junk.jpg', 'jpg', '_crop160x160', '4', '1', '0', '2015-01-04 22:19:13', '2015-01-04 22:19:13', '2015-01-04 22:19:13', '24c2b901-cde2-47be-8f7c-6422015d44a1');
INSERT INTO `craft_assettransformindex` (`id`, `fileId`, `filename`, `format`, `location`, `sourceId`, `fileExists`, `inProgress`, `dateIndexed`, `dateCreated`, `dateUpdated`, `uid`) VALUES ('6', '124', 'Screen-Shot-2015-01-10-at-9.48.51-AM.jpg', 'jpg', '_crop160x160', '4', '1', '0', '2015-01-10 15:09:31', '2015-01-10 15:09:31', '2015-01-10 15:09:32', 'e88d45eb-42a1-4fba-9125-de0a0f3a7d02');
INSERT INTO `craft_assettransformindex` (`id`, `fileId`, `filename`, `format`, `location`, `sourceId`, `fileExists`, `inProgress`, `dateIndexed`, `dateCreated`, `dateUpdated`, `uid`) VALUES ('7', '129', 'Screen-Shot-2015-01-10-at-9.54.16-AM.jpg', 'jpg', '_crop160x160', '4', '1', '0', '2015-01-10 15:09:31', '2015-01-10 15:09:31', '2015-01-10 15:09:32', '82320082-a0bc-4fd0-8b96-7a3e279c4466');
INSERT INTO `craft_assettransformindex` (`id`, `fileId`, `filename`, `format`, `location`, `sourceId`, `fileExists`, `inProgress`, `dateIndexed`, `dateCreated`, `dateUpdated`, `uid`) VALUES ('8', '51', 'bulb-lab.jpg', 'jpg', '_crop160x160', '4', '1', '0', '2015-01-11 16:21:51', '2015-01-11 16:21:51', '2015-01-11 16:21:53', 'e9622c6b-299d-43f9-a3b5-50d63edca34f');
INSERT INTO `craft_assettransformindex` (`id`, `fileId`, `filename`, `format`, `location`, `sourceId`, `fileExists`, `inProgress`, `dateIndexed`, `dateCreated`, `dateUpdated`, `uid`) VALUES ('9', '108', 'bonfire.jpg', 'jpg', '_crop160x160', '4', '1', '0', '2015-01-11 16:23:32', '2015-01-11 16:23:32', '2015-01-11 16:23:34', '87072e81-242c-4be9-b89e-9f776e17ab45');
INSERT INTO `craft_assettransformindex` (`id`, `fileId`, `filename`, `format`, `location`, `sourceId`, `fileExists`, `inProgress`, `dateIndexed`, `dateCreated`, `dateUpdated`, `uid`) VALUES ('10', '67', 'honaz.jpg', 'jpg', '_crop160x160', '1', '1', '0', '2015-01-11 21:58:48', '2015-01-11 21:58:48', '2015-01-11 21:58:49', '844e921f-e77e-42b1-bbf1-33af495438d8');
INSERT INTO `craft_assettransformindex` (`id`, `fileId`, `filename`, `format`, `location`, `sourceId`, `fileExists`, `inProgress`, `dateIndexed`, `dateCreated`, `dateUpdated`, `uid`) VALUES ('11', '169', 'jumping.jpg', 'jpg', '_crop160x160', '1', '1', '0', '2015-01-13 02:17:21', '2015-01-13 02:17:21', '2015-01-13 02:17:21', '7780e708-432b-4ebf-88c2-c2755199ebc8');
INSERT INTO `craft_assettransformindex` (`id`, `fileId`, `filename`, `format`, `location`, `sourceId`, `fileExists`, `inProgress`, `dateIndexed`, `dateCreated`, `dateUpdated`, `uid`) VALUES ('12', '170', 'looking-at-bark.jpg', 'jpg', '_crop160x160', '1', '1', '0', '2015-01-13 02:17:21', '2015-01-13 02:17:21', '2015-01-13 02:17:21', '53c0c657-f41f-472e-9eb0-b643a98841ec');
INSERT INTO `craft_assettransformindex` (`id`, `fileId`, `filename`, `format`, `location`, `sourceId`, `fileExists`, `inProgress`, `dateIndexed`, `dateCreated`, `dateUpdated`, `uid`) VALUES ('13', '172', 'on-log.jpg', 'jpg', '_crop160x160', '1', '1', '0', '2015-01-13 02:17:21', '2015-01-13 02:17:21', '2015-01-13 02:17:22', '4313b4d2-972b-4d11-b716-dabb66c3cc40');



DROP TABLE IF EXISTS `craft_assettransforms`;


--
-- Schema for table `craft_assettransforms`
--
CREATE TABLE `craft_assettransforms` (
  `id` int(11) NOT NULL AUTO_INCREMENT,
  `name` varchar(255) COLLATE utf8_unicode_ci NOT NULL,
  `handle` varchar(255) COLLATE utf8_unicode_ci NOT NULL,
  `mode` enum('stretch','fit','crop') COLLATE utf8_unicode_ci NOT NULL DEFAULT 'crop',
  `position` enum('top-left','top-center','top-right','center-left','center-center','center-right','bottom-left','bottom-center','bottom-right') COLLATE utf8_unicode_ci NOT NULL DEFAULT 'center-center',
  `height` int(10) DEFAULT NULL,
  `width` int(10) DEFAULT NULL,
  `format` varchar(255) COLLATE utf8_unicode_ci DEFAULT NULL,
  `quality` int(10) DEFAULT NULL,
  `dimensionChangeTime` datetime DEFAULT NULL,
  `dateCreated` datetime NOT NULL,
  `dateUpdated` datetime NOT NULL,
  `uid` char(36) COLLATE utf8_unicode_ci NOT NULL DEFAULT '0',
  PRIMARY KEY (`id`),
  UNIQUE KEY `craft_assettransforms_name_unq_idx` (`name`),
  UNIQUE KEY `craft_assettransforms_handle_unq_idx` (`handle`)
) ENGINE=InnoDB AUTO_INCREMENT=8 DEFAULT CHARSET=utf8 COLLATE=utf8_unicode_ci;

--
-- Data for table `craft_assettransforms`
--

INSERT INTO `craft_assettransforms` (`id`, `name`, `handle`, `mode`, `position`, `height`, `width`, `format`, `quality`, `dimensionChangeTime`, `dateCreated`, `dateUpdated`, `uid`) VALUES ('2', 'Crop 520x290', 'crop520x290', 'crop', 'center-center', '290', '520', 'jpg', '70', '2015-01-03 17:32:39', '2015-01-03 17:32:39', '2015-01-03 17:33:30', 'be975648-8964-4b19-8c06-c5588fe43d46');
INSERT INTO `craft_assettransforms` (`id`, `name`, `handle`, `mode`, `position`, `height`, `width`, `format`, `quality`, `dimensionChangeTime`, `dateCreated`, `dateUpdated`, `uid`) VALUES ('3', 'Crop 420x240', 'crop420x240', 'crop', 'center-center', '240', '420', 'jpg', '70', '2015-01-03 19:04:47', '2015-01-03 17:33:22', '2015-01-03 19:04:47', '5d1faaad-a8f1-43c9-aceb-954c0e626c7f');
INSERT INTO `craft_assettransforms` (`id`, `name`, `handle`, `mode`, `position`, `height`, `width`, `format`, `quality`, `dimensionChangeTime`, `dateCreated`, `dateUpdated`, `uid`) VALUES ('4', 'Crop 340x190', 'crop340x190', 'crop', 'center-center', '190', '340', 'jpg', '70', '2015-01-03 19:04:30', '2015-01-03 17:33:59', '2015-01-03 19:04:30', 'ee989664-bf77-4732-89f0-f1673720bb49');
INSERT INTO `craft_assettransforms` (`id`, `name`, `handle`, `mode`, `position`, `height`, `width`, `format`, `quality`, `dimensionChangeTime`, `dateCreated`, `dateUpdated`, `uid`) VALUES ('5', 'Crop 160x90', 'crop160x90', 'crop', 'center-center', '90', '160', 'jpg', '70', '2015-01-03 19:03:50', '2015-01-03 17:34:41', '2015-01-03 19:03:50', '4ad5b327-efd6-4afc-9734-b20f5a346a22');
INSERT INTO `craft_assettransforms` (`id`, `name`, `handle`, `mode`, `position`, `height`, `width`, `format`, `quality`, `dimensionChangeTime`, `dateCreated`, `dateUpdated`, `uid`) VALUES ('6', 'Crop 160x160', 'crop160x160', 'crop', 'center-center', '160', '160', 'jpg', '60', '2015-01-03 19:02:43', '2015-01-03 17:35:07', '2015-01-03 19:02:43', '583298cb-6a73-480e-83b3-76ca0bb19f16');
INSERT INTO `craft_assettransforms` (`id`, `name`, `handle`, `mode`, `position`, `height`, `width`, `format`, `quality`, `dimensionChangeTime`, `dateCreated`, `dateUpdated`, `uid`) VALUES ('7', 'Crop 725x520', 'crop725x520', 'crop', 'center-center', '520', '725', 'jpg', '80', '2015-01-13 02:09:39', '2015-01-13 02:09:39', '2015-01-13 02:09:39', 'b8d197a0-a5b0-4723-ac72-38b7d6f2ee6e');



DROP TABLE IF EXISTS `craft_categories`;


--
-- Schema for table `craft_categories`
--
CREATE TABLE `craft_categories` (
  `id` int(11) NOT NULL,
  `groupId` int(11) NOT NULL,
  `dateCreated` datetime NOT NULL,
  `dateUpdated` datetime NOT NULL,
  `uid` char(36) COLLATE utf8_unicode_ci NOT NULL DEFAULT '0',
  PRIMARY KEY (`id`),
  KEY `craft_categories_groupId_fk` (`groupId`)
) ENGINE=InnoDB DEFAULT CHARSET=utf8 COLLATE=utf8_unicode_ci;

--
-- Data for table `craft_categories`
--

INSERT INTO `craft_categories` (`id`, `groupId`, `dateCreated`, `dateUpdated`, `uid`) VALUES ('35', '2', '2014-12-31 17:55:20', '2014-12-31 17:55:20', '337a7940-9e42-457a-b7ae-9fdb99263fd7');
INSERT INTO `craft_categories` (`id`, `groupId`, `dateCreated`, `dateUpdated`, `uid`) VALUES ('36', '2', '2014-12-31 17:55:30', '2014-12-31 17:56:50', '5b6afc0b-01e2-4551-9469-5f0cfc020796');
INSERT INTO `craft_categories` (`id`, `groupId`, `dateCreated`, `dateUpdated`, `uid`) VALUES ('37', '2', '2014-12-31 17:55:44', '2014-12-31 17:55:44', 'e90e245d-ae55-47cb-bff5-9a78fc322b21');
INSERT INTO `craft_categories` (`id`, `groupId`, `dateCreated`, `dateUpdated`, `uid`) VALUES ('38', '2', '2014-12-31 17:55:58', '2014-12-31 17:55:58', '7f70cb2c-1e93-454d-a949-5bec21b105d9');
INSERT INTO `craft_categories` (`id`, `groupId`, `dateCreated`, `dateUpdated`, `uid`) VALUES ('39', '2', '2014-12-31 17:56:28', '2014-12-31 17:56:28', '16894e31-7ba1-4ac7-a206-0f8110e996e7');
INSERT INTO `craft_categories` (`id`, `groupId`, `dateCreated`, `dateUpdated`, `uid`) VALUES ('40', '2', '2014-12-31 17:56:35', '2014-12-31 17:56:35', '96ca59bb-6ac3-4d25-8735-0a817e82439d');



DROP TABLE IF EXISTS `craft_categorygroups`;


--
-- Schema for table `craft_categorygroups`
--
CREATE TABLE `craft_categorygroups` (
  `id` int(11) NOT NULL AUTO_INCREMENT,
  `structureId` int(11) NOT NULL,
  `fieldLayoutId` int(11) DEFAULT NULL,
  `name` varchar(255) COLLATE utf8_unicode_ci NOT NULL,
  `handle` varchar(255) COLLATE utf8_unicode_ci NOT NULL,
  `hasUrls` tinyint(1) unsigned NOT NULL DEFAULT '1',
  `template` varchar(500) COLLATE utf8_unicode_ci DEFAULT NULL,
  `dateCreated` datetime NOT NULL,
  `dateUpdated` datetime NOT NULL,
  `uid` char(36) COLLATE utf8_unicode_ci NOT NULL DEFAULT '0',
  PRIMARY KEY (`id`),
  UNIQUE KEY `craft_categorygroups_name_unq_idx` (`name`),
  UNIQUE KEY `craft_categorygroups_handle_unq_idx` (`handle`),
  KEY `craft_categorygroups_structureId_fk` (`structureId`),
  KEY `craft_categorygroups_fieldLayoutId_fk` (`fieldLayoutId`)
) ENGINE=InnoDB AUTO_INCREMENT=3 DEFAULT CHARSET=utf8 COLLATE=utf8_unicode_ci;

--
-- Data for table `craft_categorygroups`
--

INSERT INTO `craft_categorygroups` (`id`, `structureId`, `fieldLayoutId`, `name`, `handle`, `hasUrls`, `template`, `dateCreated`, `dateUpdated`, `uid`) VALUES ('2', '2', '36', 'Program Type', 'programType', '1', '', '2014-12-31 17:54:31', '2014-12-31 18:14:28', '2dde326d-484d-432f-9b1c-7c318a248d00');



DROP TABLE IF EXISTS `craft_categorygroups_i18n`;


--
-- Schema for table `craft_categorygroups_i18n`
--
CREATE TABLE `craft_categorygroups_i18n` (
  `id` int(11) NOT NULL AUTO_INCREMENT,
  `groupId` int(11) NOT NULL,
  `locale` char(12) COLLATE utf8_unicode_ci NOT NULL,
  `urlFormat` varchar(255) COLLATE utf8_unicode_ci DEFAULT NULL,
  `nestedUrlFormat` varchar(255) COLLATE utf8_unicode_ci DEFAULT NULL,
  `dateCreated` datetime NOT NULL,
  `dateUpdated` datetime NOT NULL,
  `uid` char(36) COLLATE utf8_unicode_ci NOT NULL DEFAULT '0',
  PRIMARY KEY (`id`),
  UNIQUE KEY `craft_categorygroups_i18n_groupId_locale_unq_idx` (`groupId`,`locale`),
  KEY `craft_categorygroups_i18n_locale_fk` (`locale`)
) ENGINE=InnoDB AUTO_INCREMENT=3 DEFAULT CHARSET=utf8 COLLATE=utf8_unicode_ci;

--
-- Data for table `craft_categorygroups_i18n`
--

INSERT INTO `craft_categorygroups_i18n` (`id`, `groupId`, `locale`, `urlFormat`, `nestedUrlFormat`, `dateCreated`, `dateUpdated`, `uid`) VALUES ('2', '2', 'en_us', 'program-type/{slug}', '{parent.uri}/{slug}', '2014-12-31 17:54:31', '2014-12-31 17:54:31', '84286a0e-093a-414c-adc8-7f68288cae23');



DROP TABLE IF EXISTS `craft_content`;


--
-- Schema for table `craft_content`
--
CREATE TABLE `craft_content` (
  `id` int(11) NOT NULL AUTO_INCREMENT,
  `elementId` int(11) NOT NULL,
  `locale` char(12) COLLATE utf8_unicode_ci NOT NULL,
  `title` varchar(255) COLLATE utf8_unicode_ci DEFAULT NULL,
  `field_heading` text COLLATE utf8_unicode_ci,
  `field_body` text COLLATE utf8_unicode_ci,
  `field_programHook` text COLLATE utf8_unicode_ci,
  `field_programDescription` text COLLATE utf8_unicode_ci,
  `field_programType` varchar(255) COLLATE utf8_unicode_ci DEFAULT NULL,
  `field_programSessionDate` datetime DEFAULT NULL,
  `field_navigationTextLink` text COLLATE utf8_unicode_ci,
  `field_programAges` varchar(255) COLLATE utf8_unicode_ci DEFAULT NULL,
  `field_programSeason` varchar(255) COLLATE utf8_unicode_ci DEFAULT NULL,
  `field_isEvent` varchar(255) COLLATE utf8_unicode_ci DEFAULT NULL,
  `dateCreated` datetime NOT NULL,
  `dateUpdated` datetime NOT NULL,
  `uid` char(36) COLLATE utf8_unicode_ci NOT NULL DEFAULT '0',
  PRIMARY KEY (`id`),
  UNIQUE KEY `craft_content_elementId_locale_unq_idx` (`elementId`,`locale`),
  KEY `craft_content_title_idx` (`title`),
  KEY `craft_content_locale_fk` (`locale`)
) ENGINE=InnoDB AUTO_INCREMENT=148 DEFAULT CHARSET=utf8 COLLATE=utf8_unicode_ci;

--
-- Data for table `craft_content`
--

INSERT INTO `craft_content` (`id`, `elementId`, `locale`, `title`, `field_heading`, `field_body`, `field_programHook`, `field_programDescription`, `field_programType`, `field_programSessionDate`, `field_navigationTextLink`, `field_programAges`, `field_programSeason`, `field_isEvent`, `dateCreated`, `dateUpdated`, `uid`) VALUES ('1', '1', 'en_us', NULL, NULL, NULL, NULL, NULL, NULL, NULL, NULL, NULL, NULL, NULL, '2014-11-26 00:20:27', '2014-11-26 00:20:27', 'd1dfe812-c552-4aaa-80e2-332b45d9f5f1');
INSERT INTO `craft_content` (`id`, `elementId`, `locale`, `title`, `field_heading`, `field_body`, `field_programHook`, `field_programDescription`, `field_programType`, `field_programSessionDate`, `field_navigationTextLink`, `field_programAges`, `field_programSeason`, `field_isEvent`, `dateCreated`, `dateUpdated`, `uid`) VALUES ('2', '2', 'en_us', 'Homepage', 'Connecting kids with nature', '<p>Everything we do at the Ithaca Children\'s Garden is done with one goal in mind: To inspire the next generation of environmental stewards. We know the best way to do that is to get more children outside, with hands-on experiences, having fun in the natural world. Come visit and discover ICG for yourself. Bring your family and friends. Register your child for a program. Become a member, volunteer, or make a financial gift online. Together, we are better.</p>', NULL, NULL, NULL, NULL, NULL, NULL, NULL, NULL, '2014-11-26 00:20:30', '2015-01-03 03:04:08', '4ecd704a-2c59-4527-b52e-f9a0f97e7c0e');
INSERT INTO `craft_content` (`id`, `elementId`, `locale`, `title`, `field_heading`, `field_body`, `field_programHook`, `field_programDescription`, `field_programType`, `field_programSessionDate`, `field_navigationTextLink`, `field_programAges`, `field_programSeason`, `field_isEvent`, `dateCreated`, `dateUpdated`, `uid`) VALUES ('3', '3', 'en_us', 'We just installed Craft! And Boy Does it RAWK!!', NULL, '<p>Craft is the CMS that’s powering Ontherocks.dev. It’s beautiful, powerful, flexible, and easy-to-use, and it’s made by Pixel &amp; Tonic. We can’t wait to dive in and see what it’s capable of!</p><!--pagebreak-->\r\n<p>This is even more captivating content, which you couldn’t see on the News index page because it was entered after a Page Break, and the News index template only likes to show the content on the first page.</p><p>Craft: a nice alternative to Word, if you’re making a website.</p>', NULL, NULL, NULL, NULL, NULL, NULL, NULL, NULL, '2014-11-26 00:20:30', '2014-11-26 00:45:55', 'c63f50fa-54fc-4d5b-995d-a8d0f1c2b9ff');
INSERT INTO `craft_content` (`id`, `elementId`, `locale`, `title`, `field_heading`, `field_body`, `field_programHook`, `field_programDescription`, `field_programType`, `field_programSessionDate`, `field_navigationTextLink`, `field_programAges`, `field_programSeason`, `field_isEvent`, `dateCreated`, `dateUpdated`, `uid`) VALUES ('4', '4', 'en_us', NULL, 'First Global Heading', '<p>WTH are Globals? How are they different from singles and entries?</p><p><a href=\"{entry:14:url}\">Play Work Field Trip</a></p>', NULL, NULL, NULL, NULL, NULL, NULL, NULL, NULL, '2014-11-26 00:48:53', '2014-11-30 23:16:23', '98c8d837-1217-4684-916e-861c5b1178cf');
INSERT INTO `craft_content` (`id`, `elementId`, `locale`, `title`, `field_heading`, `field_body`, `field_programHook`, `field_programDescription`, `field_programType`, `field_programSessionDate`, `field_navigationTextLink`, `field_programAges`, `field_programSeason`, `field_isEvent`, `dateCreated`, `dateUpdated`, `uid`) VALUES ('5', '5', 'en_us', 'Nlh44-1', NULL, NULL, NULL, NULL, NULL, NULL, NULL, NULL, NULL, NULL, '2014-11-26 00:57:58', '2014-11-26 00:57:58', '3e73f605-5330-4c0e-a088-853650dcf740');
INSERT INTO `craft_content` (`id`, `elementId`, `locale`, `title`, `field_heading`, `field_body`, `field_programHook`, `field_programDescription`, `field_programType`, `field_programSessionDate`, `field_navigationTextLink`, `field_programAges`, `field_programSeason`, `field_isEvent`, `dateCreated`, `dateUpdated`, `uid`) VALUES ('16', '16', 'en_us', 'black-hole', NULL, NULL, NULL, NULL, NULL, NULL, NULL, NULL, NULL, NULL, '2014-12-27 04:54:26', '2014-12-27 04:54:26', '24db75de-ecd3-40f3-9a59-68d2aad7face');
INSERT INTO `craft_content` (`id`, `elementId`, `locale`, `title`, `field_heading`, `field_body`, `field_programHook`, `field_programDescription`, `field_programType`, `field_programSessionDate`, `field_navigationTextLink`, `field_programAges`, `field_programSeason`, `field_isEvent`, `dateCreated`, `dateUpdated`, `uid`) VALUES ('17', '17', 'en_us', 'strogatz', NULL, NULL, NULL, NULL, NULL, NULL, NULL, NULL, NULL, NULL, '2014-12-27 04:54:52', '2014-12-27 04:54:52', '009289c9-f63a-4d3d-b588-06a81f77e84c');
INSERT INTO `craft_content` (`id`, `elementId`, `locale`, `title`, `field_heading`, `field_body`, `field_programHook`, `field_programDescription`, `field_programType`, `field_programSessionDate`, `field_navigationTextLink`, `field_programAges`, `field_programSeason`, `field_isEvent`, `dateCreated`, `dateUpdated`, `uid`) VALUES ('18', '18', 'en_us', 'my-story-icon', NULL, NULL, NULL, NULL, NULL, NULL, NULL, NULL, NULL, NULL, '2014-12-27 04:55:02', '2014-12-27 04:55:02', 'f998d6fc-2646-4c32-8262-61acc44cd5c0');
INSERT INTO `craft_content` (`id`, `elementId`, `locale`, `title`, `field_heading`, `field_body`, `field_programHook`, `field_programDescription`, `field_programType`, `field_programSessionDate`, `field_navigationTextLink`, `field_programAges`, `field_programSeason`, `field_isEvent`, `dateCreated`, `dateUpdated`, `uid`) VALUES ('20', '20', 'en_us', 'philosophy', NULL, NULL, NULL, NULL, NULL, NULL, NULL, NULL, NULL, NULL, '2014-12-27 04:55:59', '2014-12-27 04:55:59', 'b57cf6d9-3fec-4071-b18b-fe1a02fcfd3f');
INSERT INTO `craft_content` (`id`, `elementId`, `locale`, `title`, `field_heading`, `field_body`, `field_programHook`, `field_programDescription`, `field_programType`, `field_programSessionDate`, `field_navigationTextLink`, `field_programAges`, `field_programSeason`, `field_isEvent`, `dateCreated`, `dateUpdated`, `uid`) VALUES ('21', '21', 'en_us', 'fukuyama', NULL, NULL, NULL, NULL, NULL, NULL, NULL, NULL, NULL, NULL, '2014-12-27 04:56:05', '2014-12-27 04:56:05', '4c5ddbef-4206-4ed4-bfa7-8dabd4623264');
INSERT INTO `craft_content` (`id`, `elementId`, `locale`, `title`, `field_heading`, `field_body`, `field_programHook`, `field_programDescription`, `field_programType`, `field_programSessionDate`, `field_navigationTextLink`, `field_programAges`, `field_programSeason`, `field_isEvent`, `dateCreated`, `dateUpdated`, `uid`) VALUES ('22', '22', 'en_us', 'casts', NULL, NULL, NULL, NULL, NULL, NULL, NULL, NULL, NULL, NULL, '2014-12-27 04:56:11', '2014-12-27 04:56:11', '595def34-be9f-4ffd-8fc8-65878e575a9d');
INSERT INTO `craft_content` (`id`, `elementId`, `locale`, `title`, `field_heading`, `field_body`, `field_programHook`, `field_programDescription`, `field_programType`, `field_programSessionDate`, `field_navigationTextLink`, `field_programAges`, `field_programSeason`, `field_isEvent`, `dateCreated`, `dateUpdated`, `uid`) VALUES ('23', '23', 'en_us', 'The Troll House', '', '<p>Morbi leo risus, porta ac consectetur ac, vestibulum at eros. Donec sed odio dui. Nullam id dolor id nibh ultricies vehicula ut id elit. Cras mattis consectetur purus sit amet fermentum. Nullam quis risus eget urna mollis ornare vel eu leo. Curabitur blandit tempus porttitor. Curabitur blandit tempus porttitor.</p>', NULL, NULL, NULL, NULL, NULL, NULL, NULL, NULL, '2014-12-27 04:56:35', '2015-01-20 02:04:16', '7f37aeef-8148-41be-995d-31310adf0cf6');
INSERT INTO `craft_content` (`id`, `elementId`, `locale`, `title`, `field_heading`, `field_body`, `field_programHook`, `field_programDescription`, `field_programType`, `field_programSessionDate`, `field_navigationTextLink`, `field_programAges`, `field_programSeason`, `field_isEvent`, `dateCreated`, `dateUpdated`, `uid`) VALUES ('25', '35', 'en_us', 'School', NULL, NULL, NULL, NULL, '[]', NULL, NULL, NULL, NULL, NULL, '2014-12-31 17:55:19', '2014-12-31 17:55:19', 'f6eb48e0-05a6-48c8-a723-c00756856a49');
INSERT INTO `craft_content` (`id`, `elementId`, `locale`, `title`, `field_heading`, `field_body`, `field_programHook`, `field_programDescription`, `field_programType`, `field_programSessionDate`, `field_navigationTextLink`, `field_programAges`, `field_programSeason`, `field_isEvent`, `dateCreated`, `dateUpdated`, `uid`) VALUES ('26', '36', 'en_us', 'After School', NULL, NULL, NULL, NULL, '[]', NULL, NULL, NULL, NULL, NULL, '2014-12-31 17:55:30', '2014-12-31 17:56:50', '0d3ad94d-0a47-4219-b5fb-ad3ee1114db3');
INSERT INTO `craft_content` (`id`, `elementId`, `locale`, `title`, `field_heading`, `field_body`, `field_programHook`, `field_programDescription`, `field_programType`, `field_programSessionDate`, `field_navigationTextLink`, `field_programAges`, `field_programSeason`, `field_isEvent`, `dateCreated`, `dateUpdated`, `uid`) VALUES ('27', '37', 'en_us', 'Adult Education', NULL, NULL, NULL, NULL, '[]', NULL, NULL, NULL, NULL, NULL, '2014-12-31 17:55:44', '2014-12-31 17:55:44', 'face1522-078f-445d-be40-b18f7eff499a');
INSERT INTO `craft_content` (`id`, `elementId`, `locale`, `title`, `field_heading`, `field_body`, `field_programHook`, `field_programDescription`, `field_programType`, `field_programSessionDate`, `field_navigationTextLink`, `field_programAges`, `field_programSeason`, `field_isEvent`, `dateCreated`, `dateUpdated`, `uid`) VALUES ('28', '38', 'en_us', 'Summer Camp', NULL, NULL, NULL, NULL, '[]', NULL, NULL, NULL, NULL, NULL, '2014-12-31 17:55:58', '2014-12-31 17:55:58', '2fc4c61b-e27c-4eae-8fc4-9279c5b2fa2f');
INSERT INTO `craft_content` (`id`, `elementId`, `locale`, `title`, `field_heading`, `field_body`, `field_programHook`, `field_programDescription`, `field_programType`, `field_programSessionDate`, `field_navigationTextLink`, `field_programAges`, `field_programSeason`, `field_isEvent`, `dateCreated`, `dateUpdated`, `uid`) VALUES ('29', '39', 'en_us', 'Family', NULL, NULL, NULL, NULL, '[]', NULL, NULL, NULL, NULL, NULL, '2014-12-31 17:56:28', '2014-12-31 17:56:28', '27c885c8-ae05-48e7-a243-68b869c96853');
INSERT INTO `craft_content` (`id`, `elementId`, `locale`, `title`, `field_heading`, `field_body`, `field_programHook`, `field_programDescription`, `field_programType`, `field_programSessionDate`, `field_navigationTextLink`, `field_programAges`, `field_programSeason`, `field_isEvent`, `dateCreated`, `dateUpdated`, `uid`) VALUES ('30', '40', 'en_us', 'Drop Off', NULL, NULL, NULL, NULL, '[]', NULL, NULL, NULL, NULL, NULL, '2014-12-31 17:56:35', '2014-12-31 17:56:35', '2893e985-62a1-4977-8815-8ce7d459a6b1');
INSERT INTO `craft_content` (`id`, `elementId`, `locale`, `title`, `field_heading`, `field_body`, `field_programHook`, `field_programDescription`, `field_programType`, `field_programSessionDate`, `field_navigationTextLink`, `field_programAges`, `field_programSeason`, `field_isEvent`, `dateCreated`, `dateUpdated`, `uid`) VALUES ('31', '41', 'en_us', 'Little Troll Monsters', NULL, NULL, 'There once was a scary troll that ate all the good boys and girls.', NULL, '', NULL, NULL, '[\"under5\"]', '[\"winter\"]', '[\"yes\"]', '2014-12-31 18:09:28', '2015-01-10 18:47:00', 'b384d206-9add-44b8-a1eb-9ee26a3cceda');
INSERT INTO `craft_content` (`id`, `elementId`, `locale`, `title`, `field_heading`, `field_body`, `field_programHook`, `field_programDescription`, `field_programType`, `field_programSessionDate`, `field_navigationTextLink`, `field_programAges`, `field_programSeason`, `field_isEvent`, `dateCreated`, `dateUpdated`, `uid`) VALUES ('32', '45', 'en_us', 'cast-video', NULL, NULL, NULL, NULL, '[]', NULL, NULL, NULL, NULL, NULL, '2014-12-31 18:12:21', '2014-12-31 18:12:21', '1343b1af-defc-4287-8277-96c45997edc1');
INSERT INTO `craft_content` (`id`, `elementId`, `locale`, `title`, `field_heading`, `field_body`, `field_programHook`, `field_programDescription`, `field_programType`, `field_programSessionDate`, `field_navigationTextLink`, `field_programAges`, `field_programSeason`, `field_isEvent`, `dateCreated`, `dateUpdated`, `uid`) VALUES ('33', '49', 'en_us', 'honaz-2', NULL, NULL, NULL, NULL, '[]', NULL, NULL, NULL, NULL, NULL, '2015-01-02 03:24:49', '2015-01-02 03:24:49', 'e638b1b5-07b3-44ed-aa8a-fc2303c79eb4');
INSERT INTO `craft_content` (`id`, `elementId`, `locale`, `title`, `field_heading`, `field_body`, `field_programHook`, `field_programDescription`, `field_programType`, `field_programSessionDate`, `field_navigationTextLink`, `field_programAges`, `field_programSeason`, `field_isEvent`, `dateCreated`, `dateUpdated`, `uid`) VALUES ('34', '51', 'en_us', 'BLMG', NULL, NULL, NULL, NULL, '[]', NULL, NULL, NULL, NULL, NULL, '2015-01-02 03:40:28', '2015-01-11 16:21:43', 'b440c1fa-107c-4002-b0b9-260a1a6d0597');
INSERT INTO `craft_content` (`id`, `elementId`, `locale`, `title`, `field_heading`, `field_body`, `field_programHook`, `field_programDescription`, `field_programType`, `field_programSessionDate`, `field_navigationTextLink`, `field_programAges`, `field_programSeason`, `field_isEvent`, `dateCreated`, `dateUpdated`, `uid`) VALUES ('35', '52', 'en_us', 'HONAZ 1', NULL, NULL, NULL, NULL, '[]', NULL, NULL, NULL, NULL, NULL, '2015-01-02 17:57:39', '2015-01-02 17:58:16', '615efba6-0a1e-4372-a679-96ed5c57cd6f');
INSERT INTO `craft_content` (`id`, `elementId`, `locale`, `title`, `field_heading`, `field_body`, `field_programHook`, `field_programDescription`, `field_programType`, `field_programSessionDate`, `field_navigationTextLink`, `field_programAges`, `field_programSeason`, `field_isEvent`, `dateCreated`, `dateUpdated`, `uid`) VALUES ('36', '53', 'en_us', 'Bonkers-ville Rambling', NULL, NULL, 'Come join us as we ramble the wetlands of America', NULL, '', NULL, NULL, '[\"under5\"]', '[\"summer\"]', '', '2015-01-02 19:11:59', '2015-01-11 16:23:29', 'c101300a-ab88-45c9-9baf-cf99d1d891bc');
INSERT INTO `craft_content` (`id`, `elementId`, `locale`, `title`, `field_heading`, `field_body`, `field_programHook`, `field_programDescription`, `field_programType`, `field_programSessionDate`, `field_navigationTextLink`, `field_programAges`, `field_programSeason`, `field_isEvent`, `dateCreated`, `dateUpdated`, `uid`) VALUES ('38', '59', 'en_us', 'Little Troll Monsters 12/11', NULL, NULL, NULL, NULL, '[]', '2014-12-11 00:00:00', NULL, NULL, NULL, NULL, '2015-01-02 19:50:51', '2015-01-04 15:44:38', 'e8373090-01ce-44f3-ad02-cf5b969cdbdc');
INSERT INTO `craft_content` (`id`, `elementId`, `locale`, `title`, `field_heading`, `field_body`, `field_programHook`, `field_programDescription`, `field_programType`, `field_programSessionDate`, `field_navigationTextLink`, `field_programAges`, `field_programSeason`, `field_isEvent`, `dateCreated`, `dateUpdated`, `uid`) VALUES ('39', '60', 'en_us', 'Little Troll Monsters 2/18', NULL, NULL, NULL, NULL, '[]', '2015-02-18 00:00:00', NULL, NULL, NULL, NULL, '2015-01-02 20:23:07', '2015-01-04 15:44:38', '49c9f7a4-77bb-44b1-a6e9-d244bd45955b');
INSERT INTO `craft_content` (`id`, `elementId`, `locale`, `title`, `field_heading`, `field_body`, `field_programHook`, `field_programDescription`, `field_programType`, `field_programSessionDate`, `field_navigationTextLink`, `field_programAges`, `field_programSeason`, `field_isEvent`, `dateCreated`, `dateUpdated`, `uid`) VALUES ('40', '61', 'en_us', 'Bonkers-ville Rambling 1/16', NULL, NULL, NULL, NULL, '[]', '2015-01-16 00:00:00', NULL, NULL, NULL, NULL, '2015-01-02 20:25:12', '2015-01-04 15:44:38', '9adbfa8d-4ab2-4caf-ac0a-a435b044b144');
INSERT INTO `craft_content` (`id`, `elementId`, `locale`, `title`, `field_heading`, `field_body`, `field_programHook`, `field_programDescription`, `field_programType`, `field_programSessionDate`, `field_navigationTextLink`, `field_programAges`, `field_programSeason`, `field_isEvent`, `dateCreated`, `dateUpdated`, `uid`) VALUES ('41', '62', 'en_us', 'Bonkers-ville Rambling 2/12', NULL, NULL, NULL, NULL, '[]', '2015-02-12 00:00:00', NULL, NULL, NULL, NULL, '2015-01-02 20:25:33', '2015-01-04 15:44:38', '36c16f18-d912-4d3a-b73c-fe94b25a52b6');
INSERT INTO `craft_content` (`id`, `elementId`, `locale`, `title`, `field_heading`, `field_body`, `field_programHook`, `field_programDescription`, `field_programType`, `field_programSessionDate`, `field_navigationTextLink`, `field_programAges`, `field_programSeason`, `field_isEvent`, `dateCreated`, `dateUpdated`, `uid`) VALUES ('42', '63', 'en_us', 'Bonkers-ville Rambling 3/11', NULL, NULL, NULL, NULL, '[]', '2015-03-11 00:00:00', NULL, NULL, NULL, NULL, '2015-01-02 20:25:54', '2015-01-04 15:44:38', 'f010ed3f-a037-437b-a37c-98bd774abdfc');
INSERT INTO `craft_content` (`id`, `elementId`, `locale`, `title`, `field_heading`, `field_body`, `field_programHook`, `field_programDescription`, `field_programType`, `field_programSessionDate`, `field_navigationTextLink`, `field_programAges`, `field_programSeason`, `field_isEvent`, `dateCreated`, `dateUpdated`, `uid`) VALUES ('43', '64', 'en_us', 'boy-onion', NULL, NULL, NULL, NULL, '[]', NULL, NULL, NULL, NULL, NULL, '2015-01-03 02:58:20', '2015-01-03 22:08:52', '1714e44a-68e3-42e6-b97c-fcb5b3a52967');
INSERT INTO `craft_content` (`id`, `elementId`, `locale`, `title`, `field_heading`, `field_body`, `field_programHook`, `field_programDescription`, `field_programType`, `field_programSessionDate`, `field_navigationTextLink`, `field_programAges`, `field_programSeason`, `field_isEvent`, `dateCreated`, `dateUpdated`, `uid`) VALUES ('44', '65', 'en_us', 'Education', NULL, NULL, NULL, NULL, '[]', NULL, NULL, NULL, NULL, NULL, '2015-01-03 02:59:21', '2015-01-04 22:58:39', '425e05c8-d8ba-4b02-9377-12a7811a760e');
INSERT INTO `craft_content` (`id`, `elementId`, `locale`, `title`, `field_heading`, `field_body`, `field_programHook`, `field_programDescription`, `field_programType`, `field_programSessionDate`, `field_navigationTextLink`, `field_programAges`, `field_programSeason`, `field_isEvent`, `dateCreated`, `dateUpdated`, `uid`) VALUES ('45', '67', 'en_us', 'honaz', NULL, NULL, NULL, NULL, '[]', NULL, NULL, NULL, NULL, NULL, '2015-01-03 03:02:49', '2015-01-03 22:09:35', 'cb008754-5f9d-43c1-bc5c-67ff78520128');
INSERT INTO `craft_content` (`id`, `elementId`, `locale`, `title`, `field_heading`, `field_body`, `field_programHook`, `field_programDescription`, `field_programType`, `field_programSessionDate`, `field_navigationTextLink`, `field_programAges`, `field_programSeason`, `field_isEvent`, `dateCreated`, `dateUpdated`, `uid`) VALUES ('46', '68', 'en_us', 'HONAZ', NULL, NULL, NULL, NULL, '[]', NULL, NULL, NULL, NULL, NULL, '2015-01-03 03:03:48', '2015-01-03 03:03:48', '970a6085-6ceb-44fe-ba2b-11ec1d18f1d6');
INSERT INTO `craft_content` (`id`, `elementId`, `locale`, `title`, `field_heading`, `field_body`, `field_programHook`, `field_programDescription`, `field_programType`, `field_programSessionDate`, `field_navigationTextLink`, `field_programAges`, `field_programSeason`, `field_isEvent`, `dateCreated`, `dateUpdated`, `uid`) VALUES ('47', '70', 'en_us', 'wildflower-garden', NULL, NULL, NULL, NULL, '[]', NULL, NULL, NULL, NULL, NULL, '2015-01-03 04:12:51', '2015-01-03 22:10:22', 'b3cb14a2-bd02-4cf3-8e47-34c3c9261b95');
INSERT INTO `craft_content` (`id`, `elementId`, `locale`, `title`, `field_heading`, `field_body`, `field_programHook`, `field_programDescription`, `field_programType`, `field_programSessionDate`, `field_navigationTextLink`, `field_programAges`, `field_programSeason`, `field_isEvent`, `dateCreated`, `dateUpdated`, `uid`) VALUES ('48', '71', 'en_us', 'The Garden', NULL, NULL, NULL, NULL, '[]', NULL, NULL, NULL, NULL, NULL, '2015-01-03 04:13:47', '2015-01-03 04:17:04', '0286e5f9-6b6a-4832-a7ca-25d07fb9df36');
INSERT INTO `craft_content` (`id`, `elementId`, `locale`, `title`, `field_heading`, `field_body`, `field_programHook`, `field_programDescription`, `field_programType`, `field_programSessionDate`, `field_navigationTextLink`, `field_programAges`, `field_programSeason`, `field_isEvent`, `dateCreated`, `dateUpdated`, `uid`) VALUES ('49', '73', 'en_us', 'fire-and-ice', NULL, NULL, NULL, NULL, '[]', NULL, NULL, NULL, NULL, NULL, '2015-01-03 04:29:17', '2015-01-03 22:09:12', '507cc3b5-c8e2-44d2-a416-97a0675d213e');
INSERT INTO `craft_content` (`id`, `elementId`, `locale`, `title`, `field_heading`, `field_body`, `field_programHook`, `field_programDescription`, `field_programType`, `field_programSessionDate`, `field_navigationTextLink`, `field_programAges`, `field_programSeason`, `field_isEvent`, `dateCreated`, `dateUpdated`, `uid`) VALUES ('50', '74', 'en_us', 'Fire and Ice Festival', NULL, NULL, NULL, NULL, '[]', NULL, NULL, NULL, NULL, NULL, '2015-01-03 04:30:06', '2015-01-03 15:17:59', 'e10bda94-e8b7-49f6-a089-056194d6f0e6');
INSERT INTO `craft_content` (`id`, `elementId`, `locale`, `title`, `field_heading`, `field_body`, `field_programHook`, `field_programDescription`, `field_programType`, `field_programSessionDate`, `field_navigationTextLink`, `field_programAges`, `field_programSeason`, `field_isEvent`, `dateCreated`, `dateUpdated`, `uid`) VALUES ('51', '76', 'en_us', 'kids-and-chicken', NULL, NULL, NULL, NULL, '[]', NULL, NULL, NULL, NULL, NULL, '2015-01-03 04:32:29', '2015-01-03 22:09:59', '237acebb-1898-43d8-b879-be517b05de26');
INSERT INTO `craft_content` (`id`, `elementId`, `locale`, `title`, `field_heading`, `field_body`, `field_programHook`, `field_programDescription`, `field_programType`, `field_programSessionDate`, `field_navigationTextLink`, `field_programAges`, `field_programSeason`, `field_isEvent`, `dateCreated`, `dateUpdated`, `uid`) VALUES ('52', '77', 'en_us', 'Blog', NULL, NULL, NULL, NULL, '[]', NULL, NULL, NULL, NULL, NULL, '2015-01-03 04:33:20', '2015-01-03 04:33:20', '37363c89-eeac-4e30-a507-1f56b5bd8512');
INSERT INTO `craft_content` (`id`, `elementId`, `locale`, `title`, `field_heading`, `field_body`, `field_programHook`, `field_programDescription`, `field_programType`, `field_programSessionDate`, `field_navigationTextLink`, `field_programAges`, `field_programSeason`, `field_isEvent`, `dateCreated`, `dateUpdated`, `uid`) VALUES ('53', '79', 'en_us', 'tadpole-pond', NULL, NULL, NULL, NULL, '[]', NULL, NULL, NULL, NULL, NULL, '2015-01-03 04:35:34', '2015-01-03 22:10:12', '65fb29e6-9e5f-4ea4-81ba-512aec5ba3a5');
INSERT INTO `craft_content` (`id`, `elementId`, `locale`, `title`, `field_heading`, `field_body`, `field_programHook`, `field_programDescription`, `field_programType`, `field_programSessionDate`, `field_navigationTextLink`, `field_programAges`, `field_programSeason`, `field_isEvent`, `dateCreated`, `dateUpdated`, `uid`) VALUES ('54', '80', 'en_us', 'Volunteer', NULL, NULL, NULL, NULL, '[]', NULL, NULL, NULL, NULL, NULL, '2015-01-03 04:36:25', '2015-01-03 04:36:25', '752693e9-10ab-4e39-bb4e-46535231859f');
INSERT INTO `craft_content` (`id`, `elementId`, `locale`, `title`, `field_heading`, `field_body`, `field_programHook`, `field_programDescription`, `field_programType`, `field_programSessionDate`, `field_navigationTextLink`, `field_programAges`, `field_programSeason`, `field_isEvent`, `dateCreated`, `dateUpdated`, `uid`) VALUES ('55', '82', 'en_us', 'Home', NULL, NULL, NULL, NULL, '[]', NULL, '', NULL, NULL, NULL, '2015-01-03 06:09:34', '2015-01-03 06:09:34', '199e9d4f-3f3e-4b78-a07f-7ee7e3547fab');
INSERT INTO `craft_content` (`id`, `elementId`, `locale`, `title`, `field_heading`, `field_body`, `field_programHook`, `field_programDescription`, `field_programType`, `field_programSessionDate`, `field_navigationTextLink`, `field_programAges`, `field_programSeason`, `field_isEvent`, `dateCreated`, `dateUpdated`, `uid`) VALUES ('56', '83', 'en_us', 'Education', NULL, NULL, NULL, NULL, '[]', NULL, 'programs', NULL, NULL, NULL, '2015-01-03 06:10:15', '2015-01-07 03:48:24', '474655b9-3741-463c-ac7f-36a2341e626b');
INSERT INTO `craft_content` (`id`, `elementId`, `locale`, `title`, `field_heading`, `field_body`, `field_programHook`, `field_programDescription`, `field_programType`, `field_programSessionDate`, `field_navigationTextLink`, `field_programAges`, `field_programSeason`, `field_isEvent`, `dateCreated`, `dateUpdated`, `uid`) VALUES ('57', '84', 'en_us', 'Blog', NULL, NULL, NULL, NULL, '[]', NULL, 'news', NULL, NULL, NULL, '2015-01-03 06:10:44', '2015-01-03 06:25:08', '7d023364-d603-44b3-bedc-446393da4364');
INSERT INTO `craft_content` (`id`, `elementId`, `locale`, `title`, `field_heading`, `field_body`, `field_programHook`, `field_programDescription`, `field_programType`, `field_programSessionDate`, `field_navigationTextLink`, `field_programAges`, `field_programSeason`, `field_isEvent`, `dateCreated`, `dateUpdated`, `uid`) VALUES ('58', '85', 'en_us', 'girl-tossing-salad', NULL, NULL, NULL, NULL, '[]', NULL, NULL, NULL, NULL, NULL, '2015-01-03 15:56:01', '2015-01-03 15:56:01', '95598f6a-ca97-453c-90cb-38c5d1c0fe56');
INSERT INTO `craft_content` (`id`, `elementId`, `locale`, `title`, `field_heading`, `field_body`, `field_programHook`, `field_programDescription`, `field_programType`, `field_programSessionDate`, `field_navigationTextLink`, `field_programAges`, `field_programSeason`, `field_isEvent`, `dateCreated`, `dateUpdated`, `uid`) VALUES ('59', '86', 'en_us', 'What is the Ithaca Children\'s Garden?', NULL, NULL, NULL, NULL, '[]', NULL, NULL, NULL, NULL, NULL, '2015-01-03 15:59:37', '2015-01-03 21:52:30', '554e1d05-85b4-4a64-8c9b-af9380268677');
INSERT INTO `craft_content` (`id`, `elementId`, `locale`, `title`, `field_heading`, `field_body`, `field_programHook`, `field_programDescription`, `field_programType`, `field_programSessionDate`, `field_navigationTextLink`, `field_programAges`, `field_programSeason`, `field_isEvent`, `dateCreated`, `dateUpdated`, `uid`) VALUES ('60', '92', 'en_us', 'About', NULL, NULL, NULL, NULL, '[]', NULL, NULL, NULL, NULL, NULL, '2015-01-03 17:38:51', '2015-01-03 17:53:38', '1dae09bd-38c6-4871-9a7d-e06ba062d51a');
INSERT INTO `craft_content` (`id`, `elementId`, `locale`, `title`, `field_heading`, `field_body`, `field_programHook`, `field_programDescription`, `field_programType`, `field_programSessionDate`, `field_navigationTextLink`, `field_programAges`, `field_programSeason`, `field_isEvent`, `dateCreated`, `dateUpdated`, `uid`) VALUES ('61', '93', 'en_us', 'Giving to the Garden', NULL, NULL, NULL, NULL, '[]', NULL, NULL, NULL, NULL, NULL, '2015-01-03 17:50:35', '2015-01-03 21:52:30', '72b19e23-5da1-4ee7-bdc8-36c2fcca62ca');
INSERT INTO `craft_content` (`id`, `elementId`, `locale`, `title`, `field_heading`, `field_body`, `field_programHook`, `field_programDescription`, `field_programType`, `field_programSessionDate`, `field_navigationTextLink`, `field_programAges`, `field_programSeason`, `field_isEvent`, `dateCreated`, `dateUpdated`, `uid`) VALUES ('62', '100', 'en_us', 'Giving', NULL, NULL, NULL, NULL, '[]', NULL, NULL, NULL, NULL, NULL, '2015-01-03 17:51:27', '2015-01-03 17:51:27', 'ab8999cb-6d48-4994-88e2-a43c9be6f954');
INSERT INTO `craft_content` (`id`, `elementId`, `locale`, `title`, `field_heading`, `field_body`, `field_programHook`, `field_programDescription`, `field_programType`, `field_programSessionDate`, `field_navigationTextLink`, `field_programAges`, `field_programSeason`, `field_isEvent`, `dateCreated`, `dateUpdated`, `uid`) VALUES ('69', '107', 'en_us', 'fire-and-ice', NULL, NULL, NULL, NULL, '[]', NULL, NULL, '[]', '[]', '[]', '2015-01-04 16:03:45', '2015-01-04 16:03:45', 'f7541fca-16cb-4256-9f38-b2fca7e98cdd');
INSERT INTO `craft_content` (`id`, `elementId`, `locale`, `title`, `field_heading`, `field_body`, `field_programHook`, `field_programDescription`, `field_programType`, `field_programSessionDate`, `field_navigationTextLink`, `field_programAges`, `field_programSeason`, `field_isEvent`, `dateCreated`, `dateUpdated`, `uid`) VALUES ('70', '108', 'en_us', 'bonfire', NULL, NULL, NULL, NULL, '[]', NULL, NULL, '[]', '[]', '[]', '2015-01-04 16:06:24', '2015-01-04 16:06:24', '608201f0-2e49-4db5-84bf-bc5eaae1f03c');
INSERT INTO `craft_content` (`id`, `elementId`, `locale`, `title`, `field_heading`, `field_body`, `field_programHook`, `field_programDescription`, `field_programType`, `field_programSessionDate`, `field_navigationTextLink`, `field_programAges`, `field_programSeason`, `field_isEvent`, `dateCreated`, `dateUpdated`, `uid`) VALUES ('71', '109', 'en_us', 'Festival of Fire and Ice', NULL, NULL, 'FIRE & ICE brings fun, art, and creativity to the coldest and snowiest time of the year with an outdoor extravaganza for all ages to enjoy.', NULL, '[\"family\"]', NULL, NULL, '[\"allAges\"]', '[\"winter\"]', '[\"yes\"]', '2015-01-04 16:07:31', '2015-01-04 16:07:31', '8c536899-0219-4e45-9ead-f876a12b10d3');
INSERT INTO `craft_content` (`id`, `elementId`, `locale`, `title`, `field_heading`, `field_body`, `field_programHook`, `field_programDescription`, `field_programType`, `field_programSessionDate`, `field_navigationTextLink`, `field_programAges`, `field_programSeason`, `field_isEvent`, `dateCreated`, `dateUpdated`, `uid`) VALUES ('72', '113', 'en_us', 'Fire and Ice 2/7/14', NULL, NULL, NULL, NULL, '[]', '2015-02-07 14:00:00', NULL, '[]', '[]', '[]', '2015-01-04 16:10:46', '2015-01-04 16:13:02', '0a42eacf-0e87-484d-a2d6-a873a285cce4');
INSERT INTO `craft_content` (`id`, `elementId`, `locale`, `title`, `field_heading`, `field_body`, `field_programHook`, `field_programDescription`, `field_programType`, `field_programSessionDate`, `field_navigationTextLink`, `field_programAges`, `field_programSeason`, `field_isEvent`, `dateCreated`, `dateUpdated`, `uid`) VALUES ('74', '115', 'en_us', 'sprouts-junk', NULL, NULL, NULL, NULL, '[]', NULL, NULL, '[]', '[]', '[]', '2015-01-04 22:15:11', '2015-01-04 22:15:11', '36681076-fcfa-44b1-8d84-c25649b8fb0d');
INSERT INTO `craft_content` (`id`, `elementId`, `locale`, `title`, `field_heading`, `field_body`, `field_programHook`, `field_programDescription`, `field_programType`, `field_programSessionDate`, `field_navigationTextLink`, `field_programAges`, `field_programSeason`, `field_isEvent`, `dateCreated`, `dateUpdated`, `uid`) VALUES ('75', '116', 'en_us', 'Winter Sprouts', NULL, NULL, 'Chase your cabin fever away with ICG. Join us for stories of the natural world in winter, and the promise of spring - then dig in to a great hands-on project!', NULL, '', NULL, NULL, '[\"under5\"]', '[\"winter\"]', '', '2015-01-04 22:17:14', '2015-01-10 18:28:49', '8d1e65d9-a148-457e-bb9c-556014c31425');
INSERT INTO `craft_content` (`id`, `elementId`, `locale`, `title`, `field_heading`, `field_body`, `field_programHook`, `field_programDescription`, `field_programType`, `field_programSessionDate`, `field_navigationTextLink`, `field_programAges`, `field_programSeason`, `field_isEvent`, `dateCreated`, `dateUpdated`, `uid`) VALUES ('76', '122', 'en_us', 'Winter Sprouts 1/5', NULL, NULL, NULL, NULL, '[]', '2015-01-05 10:30:00', NULL, '[]', '[]', '[]', '2015-01-04 22:18:01', '2015-01-04 22:18:01', 'e9c725df-5543-461f-bbb8-b9e33231b6b4');
INSERT INTO `craft_content` (`id`, `elementId`, `locale`, `title`, `field_heading`, `field_body`, `field_programHook`, `field_programDescription`, `field_programType`, `field_programSessionDate`, `field_navigationTextLink`, `field_programAges`, `field_programSeason`, `field_isEvent`, `dateCreated`, `dateUpdated`, `uid`) VALUES ('77', '123', 'en_us', 'Winter Sprouts 1/12', NULL, NULL, NULL, NULL, '[]', '2015-01-12 10:30:00', NULL, '[]', '[]', '[]', '2015-01-04 22:18:52', '2015-01-04 22:19:53', 'd8257c6e-6267-4cec-8dc8-3ddfc5b1d4dd');
INSERT INTO `craft_content` (`id`, `elementId`, `locale`, `title`, `field_heading`, `field_body`, `field_programHook`, `field_programDescription`, `field_programType`, `field_programSessionDate`, `field_navigationTextLink`, `field_programAges`, `field_programSeason`, `field_isEvent`, `dateCreated`, `dateUpdated`, `uid`) VALUES ('78', '124', 'en_us', 'Screen-Shot-2015-01-10-at-9.48.51-AM', NULL, NULL, NULL, NULL, '[]', NULL, NULL, '[]', '[]', '[]', '2015-01-10 14:49:45', '2015-01-10 14:49:45', '2c6ab35c-c37a-4852-afad-c4a09d82b6dc');
INSERT INTO `craft_content` (`id`, `elementId`, `locale`, `title`, `field_heading`, `field_body`, `field_programHook`, `field_programDescription`, `field_programType`, `field_programSessionDate`, `field_navigationTextLink`, `field_programAges`, `field_programSeason`, `field_isEvent`, `dateCreated`, `dateUpdated`, `uid`) VALUES ('79', '125', 'en_us', 'Nature’s Play Corps: Winter Play Lab', NULL, NULL, 'We\'ll spend the morning building snow forts, creating ice art, and cooking over the fire. Then we\'ll walk over to the Classrooms @ GreenStar for indoor experiments and nature art in the afternoon', NULL, '[\"school-break\"]', NULL, NULL, '[\"6-12\"]', '[\"winter\"]', '', '2015-01-10 14:52:38', '2015-01-10 18:31:48', '18261ecf-a985-4a36-a9e9-640af202cf95');
INSERT INTO `craft_content` (`id`, `elementId`, `locale`, `title`, `field_heading`, `field_body`, `field_programHook`, `field_programDescription`, `field_programType`, `field_programSessionDate`, `field_navigationTextLink`, `field_programAges`, `field_programSeason`, `field_isEvent`, `dateCreated`, `dateUpdated`, `uid`) VALUES ('80', '129', 'en_us', 'Screen-Shot-2015-01-10-at-9.54.16-AM', NULL, NULL, NULL, NULL, '[]', NULL, NULL, '[]', '[]', '[]', '2015-01-10 14:55:13', '2015-01-10 14:55:13', '49c14513-dd78-46c4-869d-d7b0e24749a9');
INSERT INTO `craft_content` (`id`, `elementId`, `locale`, `title`, `field_heading`, `field_body`, `field_programHook`, `field_programDescription`, `field_programType`, `field_programSessionDate`, `field_navigationTextLink`, `field_programAges`, `field_programSeason`, `field_isEvent`, `dateCreated`, `dateUpdated`, `uid`) VALUES ('81', '130', 'en_us', 'Enchanted Spring for Preschoolers', NULL, NULL, 'Enchanted Spring welcomes children 3 to 5 years old to explore with us at Ithaca Children\'s Garden. Spend your mornings full of imagination, exploration, and curiosity.', NULL, '[\"camp\"]', NULL, NULL, '[\"under5\"]', '[\"spring\"]', '', '2015-01-10 14:57:54', '2015-01-10 18:24:05', 'cd7e7a93-9390-44a9-bc0a-3f0e5407a868');
INSERT INTO `craft_content` (`id`, `elementId`, `locale`, `title`, `field_heading`, `field_body`, `field_programHook`, `field_programDescription`, `field_programType`, `field_programSessionDate`, `field_navigationTextLink`, `field_programAges`, `field_programSeason`, `field_isEvent`, `dateCreated`, `dateUpdated`, `uid`) VALUES ('82', '133', 'en_us', 'Enchanted Spring for Preschoolers 6/6', NULL, NULL, NULL, NULL, '[]', '2015-05-05 00:00:00', NULL, '[]', '[]', '[]', '2015-01-10 15:07:16', '2015-01-10 15:08:49', 'd913fbbf-085e-4fb1-8488-769b2a5bdea1');
INSERT INTO `craft_content` (`id`, `elementId`, `locale`, `title`, `field_heading`, `field_body`, `field_programHook`, `field_programDescription`, `field_programType`, `field_programSessionDate`, `field_navigationTextLink`, `field_programAges`, `field_programSeason`, `field_isEvent`, `dateCreated`, `dateUpdated`, `uid`) VALUES ('83', '134', 'en_us', 'Nature\'s Play Corps: Winter Play Lab 2/16', NULL, NULL, NULL, NULL, '[]', '2015-02-16 00:00:00', NULL, '[]', '[]', '[]', '2015-01-10 15:08:21', '2015-01-10 15:09:01', '7e15b90e-b9e5-4e08-a850-1e7c4538b9e9');
INSERT INTO `craft_content` (`id`, `elementId`, `locale`, `title`, `field_heading`, `field_body`, `field_programHook`, `field_programDescription`, `field_programType`, `field_programSessionDate`, `field_navigationTextLink`, `field_programAges`, `field_programSeason`, `field_isEvent`, `dateCreated`, `dateUpdated`, `uid`) VALUES ('85', '136', 'en_us', 'bulb-lab-pano-small', NULL, NULL, NULL, NULL, '[]', NULL, NULL, '[]', '[]', '[]', '2015-01-11 16:29:00', '2015-01-11 16:29:00', 'd40f7dee-f616-44a2-995e-0f68a3e285ab');
INSERT INTO `craft_content` (`id`, `elementId`, `locale`, `title`, `field_heading`, `field_body`, `field_programHook`, `field_programDescription`, `field_programType`, `field_programSessionDate`, `field_navigationTextLink`, `field_programAges`, `field_programSeason`, `field_isEvent`, `dateCreated`, `dateUpdated`, `uid`) VALUES ('86', '137', 'en_us', 'honaz-pano-small 1', NULL, NULL, NULL, NULL, '[]', NULL, NULL, '[]', '[]', '[]', '2015-01-11 16:31:08', '2015-01-11 16:31:08', 'c5f699da-39fa-4641-ae06-99e24ac35f10');
INSERT INTO `craft_content` (`id`, `elementId`, `locale`, `title`, `field_heading`, `field_body`, `field_programHook`, `field_programDescription`, `field_programType`, `field_programSessionDate`, `field_navigationTextLink`, `field_programAges`, `field_programSeason`, `field_isEvent`, `dateCreated`, `dateUpdated`, `uid`) VALUES ('87', '138', 'en_us', 'The Garden', NULL, NULL, NULL, NULL, '[]', NULL, NULL, '[]', '[]', '[]', '2015-01-11 16:31:39', '2015-01-11 16:57:01', 'e59733e5-4f46-4774-8db1-6e04d7932b52');
INSERT INTO `craft_content` (`id`, `elementId`, `locale`, `title`, `field_heading`, `field_body`, `field_programHook`, `field_programDescription`, `field_programType`, `field_programSessionDate`, `field_navigationTextLink`, `field_programAges`, `field_programSeason`, `field_isEvent`, `dateCreated`, `dateUpdated`, `uid`) VALUES ('88', '142', 'en_us', 'The Garden', NULL, NULL, NULL, NULL, '[]', NULL, NULL, '[]', '[]', '[]', '2015-01-11 16:32:42', '2015-01-11 16:32:42', 'd1508892-345f-4e7e-bbaf-45c18de37ff0');
INSERT INTO `craft_content` (`id`, `elementId`, `locale`, `title`, `field_heading`, `field_body`, `field_programHook`, `field_programDescription`, `field_programType`, `field_programSessionDate`, `field_navigationTextLink`, `field_programAges`, `field_programSeason`, `field_isEvent`, `dateCreated`, `dateUpdated`, `uid`) VALUES ('89', '144', 'en_us', 'Hands-on-Nature Anarchy Zone', NULL, NULL, NULL, NULL, '[]', NULL, NULL, '[]', '[]', '[]', '2015-01-11 17:01:30', '2015-01-11 17:07:03', '11c7fc77-1dc5-4f86-8a97-f65e73e9d58b');
INSERT INTO `craft_content` (`id`, `elementId`, `locale`, `title`, `field_heading`, `field_body`, `field_programHook`, `field_programDescription`, `field_programType`, `field_programSessionDate`, `field_navigationTextLink`, `field_programAges`, `field_programSeason`, `field_isEvent`, `dateCreated`, `dateUpdated`, `uid`) VALUES ('90', '146', 'en_us', 'HONAZ', NULL, NULL, NULL, NULL, '[]', NULL, NULL, '[]', '[]', '[]', '2015-01-11 17:07:38', '2015-01-11 17:07:38', 'baf38f0c-cc1c-4e07-8cde-51924e400743');
INSERT INTO `craft_content` (`id`, `elementId`, `locale`, `title`, `field_heading`, `field_body`, `field_programHook`, `field_programDescription`, `field_programType`, `field_programSessionDate`, `field_navigationTextLink`, `field_programAges`, `field_programSeason`, `field_isEvent`, `dateCreated`, `dateUpdated`, `uid`) VALUES ('92', '148', 'en_us', 'ropes', NULL, NULL, NULL, NULL, '[]', NULL, NULL, '[]', '[]', '[]', '2015-01-11 21:38:12', '2015-01-11 21:48:07', '348fccff-22d1-47fb-b4df-a66773e5b843');
INSERT INTO `craft_content` (`id`, `elementId`, `locale`, `title`, `field_heading`, `field_body`, `field_programHook`, `field_programDescription`, `field_programType`, `field_programSessionDate`, `field_navigationTextLink`, `field_programAges`, `field_programSeason`, `field_isEvent`, `dateCreated`, `dateUpdated`, `uid`) VALUES ('93', '149', 'en_us', 'Kids on ropes in HONAZ', NULL, NULL, NULL, NULL, '[]', NULL, NULL, '[]', '[]', '[]', '2015-01-11 21:38:26', '2015-01-11 21:38:26', '68628cb9-f3ea-4e63-97bf-1c933f89865a');
INSERT INTO `craft_content` (`id`, `elementId`, `locale`, `title`, `field_heading`, `field_body`, `field_programHook`, `field_programDescription`, `field_programType`, `field_programSessionDate`, `field_navigationTextLink`, `field_programAges`, `field_programSeason`, `field_isEvent`, `dateCreated`, `dateUpdated`, `uid`) VALUES ('96', '152', 'en_us', 'bubbles', NULL, NULL, NULL, NULL, '[]', NULL, NULL, '[]', '[]', '[]', '2015-01-11 21:49:40', '2015-01-11 21:49:40', '91241401-3453-447e-87e1-b1fd5664e8b5');
INSERT INTO `craft_content` (`id`, `elementId`, `locale`, `title`, `field_heading`, `field_body`, `field_programHook`, `field_programDescription`, `field_programType`, `field_programSessionDate`, `field_navigationTextLink`, `field_programAges`, `field_programSeason`, `field_isEvent`, `dateCreated`, `dateUpdated`, `uid`) VALUES ('97', '153', 'en_us', 'Bubbles', NULL, NULL, NULL, NULL, '[]', NULL, NULL, '[]', '[]', '[]', '2015-01-11 21:49:47', '2015-01-11 21:49:47', '592e60e9-7e67-4be0-acf0-c216e06fa2e6');
INSERT INTO `craft_content` (`id`, `elementId`, `locale`, `title`, `field_heading`, `field_body`, `field_programHook`, `field_programDescription`, `field_programType`, `field_programSessionDate`, `field_navigationTextLink`, `field_programAges`, `field_programSeason`, `field_isEvent`, `dateCreated`, `dateUpdated`, `uid`) VALUES ('98', '154', 'en_us', 'Enchanted Spring 2/8', NULL, NULL, NULL, NULL, '[]', '2015-02-08 00:00:00', NULL, '[]', '[]', '[]', '2015-01-12 00:16:27', '2015-01-12 00:16:27', 'a4a6f2f0-481d-4911-aca4-104cd4eac7f0');
INSERT INTO `craft_content` (`id`, `elementId`, `locale`, `title`, `field_heading`, `field_body`, `field_programHook`, `field_programDescription`, `field_programType`, `field_programSessionDate`, `field_navigationTextLink`, `field_programAges`, `field_programSeason`, `field_isEvent`, `dateCreated`, `dateUpdated`, `uid`) VALUES ('100', '156', 'en_us', 'bulb-lab-arial', NULL, NULL, NULL, NULL, '[]', NULL, NULL, '[]', '[]', '[]', '2015-01-13 01:27:41', '2015-01-13 01:27:41', '37f41ed5-e627-4469-9177-3366a069185e');
INSERT INTO `craft_content` (`id`, `elementId`, `locale`, `title`, `field_heading`, `field_body`, `field_programHook`, `field_programDescription`, `field_programType`, `field_programSessionDate`, `field_navigationTextLink`, `field_programAges`, `field_programSeason`, `field_isEvent`, `dateCreated`, `dateUpdated`, `uid`) VALUES ('101', '157', 'en_us', 'Bulb Labyrinth from above', NULL, NULL, NULL, NULL, '[]', NULL, NULL, '[]', '[]', '[]', '2015-01-13 01:27:46', '2015-01-13 01:27:46', 'e6b295fa-5e82-4c0a-aae0-511e8cb13569');
INSERT INTO `craft_content` (`id`, `elementId`, `locale`, `title`, `field_heading`, `field_body`, `field_programHook`, `field_programDescription`, `field_programType`, `field_programSessionDate`, `field_navigationTextLink`, `field_programAges`, `field_programSeason`, `field_isEvent`, `dateCreated`, `dateUpdated`, `uid`) VALUES ('103', '159', 'en_us', 'kids-on-swing', NULL, NULL, NULL, NULL, '[]', NULL, NULL, '[]', '[]', '[]', '2015-01-13 01:31:30', '2015-01-13 01:31:30', '328f4bec-5356-44c7-9507-45a959d4ad65');
INSERT INTO `craft_content` (`id`, `elementId`, `locale`, `title`, `field_heading`, `field_body`, `field_programHook`, `field_programDescription`, `field_programType`, `field_programSessionDate`, `field_navigationTextLink`, `field_programAges`, `field_programSeason`, `field_isEvent`, `dateCreated`, `dateUpdated`, `uid`) VALUES ('104', '160', 'en_us', 'Kids on the swing', NULL, NULL, NULL, NULL, '[]', NULL, NULL, '[]', '[]', '[]', '2015-01-13 01:31:34', '2015-01-13 01:31:34', '04ecbfe7-65e4-422e-aecc-b731dc191542');
INSERT INTO `craft_content` (`id`, `elementId`, `locale`, `title`, `field_heading`, `field_body`, `field_programHook`, `field_programDescription`, `field_programType`, `field_programSessionDate`, `field_navigationTextLink`, `field_programAges`, `field_programSeason`, `field_isEvent`, `dateCreated`, `dateUpdated`, `uid`) VALUES ('106', '162', 'en_us', 'kids-in-winter', NULL, NULL, NULL, NULL, '[]', NULL, NULL, '[]', '[]', '[]', '2015-01-13 01:35:50', '2015-01-13 01:35:50', 'd3fb7c99-0bc5-4501-b727-42011f896e82');
INSERT INTO `craft_content` (`id`, `elementId`, `locale`, `title`, `field_heading`, `field_body`, `field_programHook`, `field_programDescription`, `field_programType`, `field_programSessionDate`, `field_navigationTextLink`, `field_programAges`, `field_programSeason`, `field_isEvent`, `dateCreated`, `dateUpdated`, `uid`) VALUES ('107', '163', 'en_us', 'Kids on fort in winter', NULL, NULL, NULL, NULL, '[]', NULL, NULL, '[]', '[]', '[]', '2015-01-13 01:35:53', '2015-01-13 01:35:53', '0495fe01-c440-4062-8be4-2dcbcdb786a4');
INSERT INTO `craft_content` (`id`, `elementId`, `locale`, `title`, `field_heading`, `field_body`, `field_programHook`, `field_programDescription`, `field_programType`, `field_programSessionDate`, `field_navigationTextLink`, `field_programAges`, `field_programSeason`, `field_isEvent`, `dateCreated`, `dateUpdated`, `uid`) VALUES ('108', '164', 'en_us', 'Play', NULL, NULL, NULL, NULL, '[]', NULL, NULL, '[]', '[]', '[]', '2015-01-13 01:49:48', '2015-01-15 18:10:29', '6db196e6-f5f8-475f-a2bd-738475466f57');
INSERT INTO `craft_content` (`id`, `elementId`, `locale`, `title`, `field_heading`, `field_body`, `field_programHook`, `field_programDescription`, `field_programType`, `field_programSessionDate`, `field_navigationTextLink`, `field_programAges`, `field_programSeason`, `field_isEvent`, `dateCreated`, `dateUpdated`, `uid`) VALUES ('109', '169', 'en_us', 'Jumping in the Anarchy Zone', NULL, NULL, NULL, NULL, '[]', NULL, NULL, '[]', '[]', '[]', '2015-01-13 02:10:18', '2015-01-13 02:12:36', 'd84066d1-3a05-4837-be7c-d83a64d4d4e0');
INSERT INTO `craft_content` (`id`, `elementId`, `locale`, `title`, `field_heading`, `field_body`, `field_programHook`, `field_programDescription`, `field_programType`, `field_programSessionDate`, `field_navigationTextLink`, `field_programAges`, `field_programSeason`, `field_isEvent`, `dateCreated`, `dateUpdated`, `uid`) VALUES ('110', '170', 'en_us', 'Curiosity driven bark inspection', NULL, NULL, NULL, NULL, '[]', NULL, NULL, '[]', '[]', '[]', '2015-01-13 02:10:30', '2015-01-13 02:12:32', 'd426c261-94cd-445d-931e-b656c6bc6996');
INSERT INTO `craft_content` (`id`, `elementId`, `locale`, `title`, `field_heading`, `field_body`, `field_programHook`, `field_programDescription`, `field_programType`, `field_programSessionDate`, `field_navigationTextLink`, `field_programAges`, `field_programSeason`, `field_isEvent`, `dateCreated`, `dateUpdated`, `uid`) VALUES ('112', '172', 'en_us', 'Climbing on garden features', NULL, NULL, NULL, NULL, '[]', NULL, NULL, '[]', '[]', '[]', '2015-01-13 02:11:03', '2015-01-13 02:12:20', '1bfb9ba7-539b-48a2-9676-833ece925263');
INSERT INTO `craft_content` (`id`, `elementId`, `locale`, `title`, `field_heading`, `field_body`, `field_programHook`, `field_programDescription`, `field_programType`, `field_programSessionDate`, `field_navigationTextLink`, `field_programAges`, `field_programSeason`, `field_isEvent`, `dateCreated`, `dateUpdated`, `uid`) VALUES ('113', '174', 'en_us', 'Play', NULL, NULL, NULL, NULL, '[]', NULL, NULL, '[]', '[]', '[]', '2015-01-13 02:13:25', '2015-01-13 02:13:25', 'b6112da3-c581-4864-b2ad-f0797470a129');
INSERT INTO `craft_content` (`id`, `elementId`, `locale`, `title`, `field_heading`, `field_body`, `field_programHook`, `field_programDescription`, `field_programType`, `field_programSessionDate`, `field_navigationTextLink`, `field_programAges`, `field_programSeason`, `field_isEvent`, `dateCreated`, `dateUpdated`, `uid`) VALUES ('114', '178', 'en_us', 'What\'s Good Ithaca - Playwork', NULL, NULL, NULL, NULL, '[]', NULL, NULL, '[]', '[]', '[]', '2015-01-13 04:40:22', '2015-01-13 04:43:18', 'eda62ab0-593c-4e1b-8726-f2e24e95d69a');
INSERT INTO `craft_content` (`id`, `elementId`, `locale`, `title`, `field_heading`, `field_body`, `field_programHook`, `field_programDescription`, `field_programType`, `field_programSessionDate`, `field_navigationTextLink`, `field_programAges`, `field_programSeason`, `field_isEvent`, `dateCreated`, `dateUpdated`, `uid`) VALUES ('115', '179', 'en_us', 'Recycled Bottle Greenhouse', NULL, NULL, NULL, NULL, '[]', NULL, NULL, '[]', '[]', '[]', '2015-01-19 01:58:55', '2015-01-20 01:51:22', '50f10c03-3038-4b82-8159-34adf5270249');
INSERT INTO `craft_content` (`id`, `elementId`, `locale`, `title`, `field_heading`, `field_body`, `field_programHook`, `field_programDescription`, `field_programType`, `field_programSessionDate`, `field_navigationTextLink`, `field_programAges`, `field_programSeason`, `field_isEvent`, `dateCreated`, `dateUpdated`, `uid`) VALUES ('116', '185', 'en_us', 'Gaia the Turtle', NULL, NULL, NULL, NULL, '[]', NULL, NULL, '[]', '[]', '[]', '2015-01-19 03:06:36', '2015-01-19 21:57:46', 'f50b85bf-fc5c-42f0-9ce9-427322871646');
INSERT INTO `craft_content` (`id`, `elementId`, `locale`, `title`, `field_heading`, `field_body`, `field_programHook`, `field_programDescription`, `field_programType`, `field_programSessionDate`, `field_navigationTextLink`, `field_programAges`, `field_programSeason`, `field_isEvent`, `dateCreated`, `dateUpdated`, `uid`) VALUES ('117', '188', 'en_us', 'Can you find the 13 central scutes, and 28 moon plates?', NULL, NULL, NULL, NULL, '[]', NULL, NULL, '[]', '[]', '[]', '2015-01-19 03:18:06', '2015-01-19 03:32:13', 'd4088725-65bb-4ffa-a78c-98d2f28ede8d');
INSERT INTO `craft_content` (`id`, `elementId`, `locale`, `title`, `field_heading`, `field_body`, `field_programHook`, `field_programDescription`, `field_programType`, `field_programSessionDate`, `field_navigationTextLink`, `field_programAges`, `field_programSeason`, `field_isEvent`, `dateCreated`, `dateUpdated`, `uid`) VALUES ('118', '189', 'en_us', 'Young friends love to jump off Gaia', NULL, NULL, NULL, NULL, '[]', NULL, NULL, '[]', '[]', '[]', '2015-01-19 03:18:10', '2015-01-19 03:30:44', 'f0c241e3-a3bc-4a7c-884b-697343c68f1c');
INSERT INTO `craft_content` (`id`, `elementId`, `locale`, `title`, `field_heading`, `field_body`, `field_programHook`, `field_programDescription`, `field_programType`, `field_programSessionDate`, `field_navigationTextLink`, `field_programAges`, `field_programSeason`, `field_isEvent`, `dateCreated`, `dateUpdated`, `uid`) VALUES ('119', '190', 'en_us', 'Gaia\'s eye sockets were made with bowling balls!', NULL, NULL, NULL, NULL, '[]', NULL, NULL, '[]', '[]', '[]', '2015-01-19 03:26:48', '2015-01-19 03:31:24', '8bb7f5d0-6b1a-4492-a07d-bf46d0da3fcd');
INSERT INTO `craft_content` (`id`, `elementId`, `locale`, `title`, `field_heading`, `field_body`, `field_programHook`, `field_programDescription`, `field_programType`, `field_programSessionDate`, `field_navigationTextLink`, `field_programAges`, `field_programSeason`, `field_isEvent`, `dateCreated`, `dateUpdated`, `uid`) VALUES ('120', '197', 'en_us', 'Bird Garden', NULL, NULL, NULL, NULL, '[]', NULL, NULL, '[]', '[]', '[]', '2015-01-19 22:26:25', '2015-01-20 01:20:06', 'ae0bed17-215f-48e6-a776-dc0edfdf37ee');
INSERT INTO `craft_content` (`id`, `elementId`, `locale`, `title`, `field_heading`, `field_body`, `field_programHook`, `field_programDescription`, `field_programType`, `field_programSessionDate`, `field_navigationTextLink`, `field_programAges`, `field_programSeason`, `field_isEvent`, `dateCreated`, `dateUpdated`, `uid`) VALUES ('121', '202', 'en_us', 'IMG 0011', NULL, NULL, NULL, NULL, '[]', NULL, NULL, '[]', '[]', '[]', '2015-01-20 01:14:30', '2015-01-20 01:14:30', '18498fe6-b1b2-4d34-9826-a0efc0c5dac4');
INSERT INTO `craft_content` (`id`, `elementId`, `locale`, `title`, `field_heading`, `field_body`, `field_programHook`, `field_programDescription`, `field_programType`, `field_programSessionDate`, `field_navigationTextLink`, `field_programAges`, `field_programSeason`, `field_isEvent`, `dateCreated`, `dateUpdated`, `uid`) VALUES ('122', '203', 'en_us', 'IMG 0054', NULL, NULL, NULL, NULL, '[]', NULL, NULL, '[]', '[]', '[]', '2015-01-20 01:14:34', '2015-01-20 01:14:34', 'b62a442c-8d11-4dee-8458-8902e6db5f6b');
INSERT INTO `craft_content` (`id`, `elementId`, `locale`, `title`, `field_heading`, `field_body`, `field_programHook`, `field_programDescription`, `field_programType`, `field_programSessionDate`, `field_navigationTextLink`, `field_programAges`, `field_programSeason`, `field_isEvent`, `dateCreated`, `dateUpdated`, `uid`) VALUES ('123', '204', 'en_us', 'IMG 0056', NULL, NULL, NULL, NULL, '[]', NULL, NULL, '[]', '[]', '[]', '2015-01-20 01:14:38', '2015-01-20 01:14:38', 'd6672e97-fd4b-4ad1-b165-79cbdbe79c2a');
INSERT INTO `craft_content` (`id`, `elementId`, `locale`, `title`, `field_heading`, `field_body`, `field_programHook`, `field_programDescription`, `field_programType`, `field_programSessionDate`, `field_navigationTextLink`, `field_programAges`, `field_programSeason`, `field_isEvent`, `dateCreated`, `dateUpdated`, `uid`) VALUES ('124', '205', 'en_us', 'IMG 0059', NULL, NULL, NULL, NULL, '[]', NULL, NULL, '[]', '[]', '[]', '2015-01-20 01:14:42', '2015-01-20 01:14:42', '43d12a98-0ea2-4883-beeb-807b10ca54c7');
INSERT INTO `craft_content` (`id`, `elementId`, `locale`, `title`, `field_heading`, `field_body`, `field_programHook`, `field_programDescription`, `field_programType`, `field_programSessionDate`, `field_navigationTextLink`, `field_programAges`, `field_programSeason`, `field_isEvent`, `dateCreated`, `dateUpdated`, `uid`) VALUES ('125', '206', 'en_us', 'IMG 2697', NULL, NULL, NULL, NULL, '[]', NULL, NULL, '[]', '[]', '[]', '2015-01-20 01:14:47', '2015-01-20 01:14:47', 'c1e07df6-c1a9-4981-86db-89da262971ec');
INSERT INTO `craft_content` (`id`, `elementId`, `locale`, `title`, `field_heading`, `field_body`, `field_programHook`, `field_programDescription`, `field_programType`, `field_programSessionDate`, `field_navigationTextLink`, `field_programAges`, `field_programSeason`, `field_isEvent`, `dateCreated`, `dateUpdated`, `uid`) VALUES ('126', '207', 'en_us', 'IMG 0011', NULL, NULL, NULL, NULL, '[]', NULL, NULL, '[]', '[]', '[]', '2015-01-20 01:14:59', '2015-01-20 01:14:59', '5816f5a5-4eae-4478-b9b0-0a3744043ce6');
INSERT INTO `craft_content` (`id`, `elementId`, `locale`, `title`, `field_heading`, `field_body`, `field_programHook`, `field_programDescription`, `field_programType`, `field_programSessionDate`, `field_navigationTextLink`, `field_programAges`, `field_programSeason`, `field_isEvent`, `dateCreated`, `dateUpdated`, `uid`) VALUES ('127', '208', 'en_us', 'IMG 0054', NULL, NULL, NULL, NULL, '[]', NULL, NULL, '[]', '[]', '[]', '2015-01-20 01:15:03', '2015-01-20 01:15:03', '23fb1aa6-2189-4378-b836-f39a16dc153a');
INSERT INTO `craft_content` (`id`, `elementId`, `locale`, `title`, `field_heading`, `field_body`, `field_programHook`, `field_programDescription`, `field_programType`, `field_programSessionDate`, `field_navigationTextLink`, `field_programAges`, `field_programSeason`, `field_isEvent`, `dateCreated`, `dateUpdated`, `uid`) VALUES ('128', '209', 'en_us', 'IMG 0056', NULL, NULL, NULL, NULL, '[]', NULL, NULL, '[]', '[]', '[]', '2015-01-20 01:15:08', '2015-01-20 01:15:08', 'b59a9bdb-b257-4631-b3f6-c18ada479a68');
INSERT INTO `craft_content` (`id`, `elementId`, `locale`, `title`, `field_heading`, `field_body`, `field_programHook`, `field_programDescription`, `field_programType`, `field_programSessionDate`, `field_navigationTextLink`, `field_programAges`, `field_programSeason`, `field_isEvent`, `dateCreated`, `dateUpdated`, `uid`) VALUES ('129', '210', 'en_us', 'IMG 0059', NULL, NULL, NULL, NULL, '[]', NULL, NULL, '[]', '[]', '[]', '2015-01-20 01:15:12', '2015-01-20 01:15:12', '2daf2f0a-6d73-4bb3-949a-d9ea3af49845');
INSERT INTO `craft_content` (`id`, `elementId`, `locale`, `title`, `field_heading`, `field_body`, `field_programHook`, `field_programDescription`, `field_programType`, `field_programSessionDate`, `field_navigationTextLink`, `field_programAges`, `field_programSeason`, `field_isEvent`, `dateCreated`, `dateUpdated`, `uid`) VALUES ('130', '211', 'en_us', 'IMG 2697', NULL, NULL, NULL, NULL, '[]', NULL, NULL, '[]', '[]', '[]', '2015-01-20 01:15:17', '2015-01-20 01:15:17', '7a0d5e61-ba64-4ddd-b50c-02f7bbd2b464');
INSERT INTO `craft_content` (`id`, `elementId`, `locale`, `title`, `field_heading`, `field_body`, `field_programHook`, `field_programDescription`, `field_programType`, `field_programSessionDate`, `field_navigationTextLink`, `field_programAges`, `field_programSeason`, `field_isEvent`, `dateCreated`, `dateUpdated`, `uid`) VALUES ('131', '213', 'en_us', 'bottle-greenhouse', NULL, NULL, NULL, NULL, '[]', NULL, NULL, '[]', '[]', '[]', '2015-01-20 01:22:44', '2015-01-20 01:22:44', 'add69f49-642c-4d1b-b0dd-3b1bb7d62b73');
INSERT INTO `craft_content` (`id`, `elementId`, `locale`, `title`, `field_heading`, `field_body`, `field_programHook`, `field_programDescription`, `field_programType`, `field_programSessionDate`, `field_navigationTextLink`, `field_programAges`, `field_programSeason`, `field_isEvent`, `dateCreated`, `dateUpdated`, `uid`) VALUES ('132', '214', 'en_us', 'Recycled Bottle Greenhouse', NULL, NULL, NULL, NULL, '[]', NULL, NULL, '[]', '[]', '[]', '2015-01-20 01:23:52', '2015-01-20 01:25:00', 'dc88c978-076c-4a1a-b529-90f0ac9d9bbe');
INSERT INTO `craft_content` (`id`, `elementId`, `locale`, `title`, `field_heading`, `field_body`, `field_programHook`, `field_programDescription`, `field_programType`, `field_programSessionDate`, `field_navigationTextLink`, `field_programAges`, `field_programSeason`, `field_isEvent`, `dateCreated`, `dateUpdated`, `uid`) VALUES ('133', '215', 'en_us', 'Bottle Greenhouse interior', NULL, NULL, NULL, NULL, '[]', NULL, NULL, '[]', '[]', '[]', '2015-01-20 01:47:00', '2015-01-20 01:47:38', 'f07cfa8e-f779-4247-bc1a-6dbc12ed084a');
INSERT INTO `craft_content` (`id`, `elementId`, `locale`, `title`, `field_heading`, `field_body`, `field_programHook`, `field_programDescription`, `field_programType`, `field_programSessionDate`, `field_navigationTextLink`, `field_programAges`, `field_programSeason`, `field_isEvent`, `dateCreated`, `dateUpdated`, `uid`) VALUES ('134', '216', 'en_us', 'View of the Troll House from across the bioswale', NULL, NULL, NULL, NULL, '[]', NULL, NULL, '[]', '[]', '[]', '2015-01-20 01:57:29', '2015-01-20 02:02:51', 'daa94331-afa6-4735-96cf-4c2827ee68d4');
INSERT INTO `craft_content` (`id`, `elementId`, `locale`, `title`, `field_heading`, `field_body`, `field_programHook`, `field_programDescription`, `field_programType`, `field_programSessionDate`, `field_navigationTextLink`, `field_programAges`, `field_programSeason`, `field_isEvent`, `dateCreated`, `dateUpdated`, `uid`) VALUES ('135', '217', 'en_us', 'Screen-Shot-2015-01-18-at-9.19.53-PM', NULL, NULL, NULL, NULL, '[]', NULL, NULL, '[]', '[]', '[]', '2015-01-20 01:57:33', '2015-01-20 01:57:33', '0387a7dc-74b7-43c6-a10a-09ffbaee4281');
INSERT INTO `craft_content` (`id`, `elementId`, `locale`, `title`, `field_heading`, `field_body`, `field_programHook`, `field_programDescription`, `field_programType`, `field_programSessionDate`, `field_navigationTextLink`, `field_programAges`, `field_programSeason`, `field_isEvent`, `dateCreated`, `dateUpdated`, `uid`) VALUES ('136', '218', 'en_us', 'Troll House', NULL, NULL, NULL, NULL, '[]', NULL, NULL, '[]', '[]', '[]', '2015-01-20 01:58:08', '2015-01-20 02:02:24', '30c3f69b-906a-4eb9-a473-fa7bd83c61b9');
INSERT INTO `craft_content` (`id`, `elementId`, `locale`, `title`, `field_heading`, `field_body`, `field_programHook`, `field_programDescription`, `field_programType`, `field_programSessionDate`, `field_navigationTextLink`, `field_programAges`, `field_programSeason`, `field_isEvent`, `dateCreated`, `dateUpdated`, `uid`) VALUES ('138', '220', 'en_us', 'Parents can sit nearby while children play', NULL, NULL, NULL, NULL, '[]', NULL, NULL, '[]', '[]', '[]', '2015-01-20 01:58:17', '2015-01-20 02:03:23', 'ff81ee3b-2bdc-4990-9bf8-aeeafc7832ed');
INSERT INTO `craft_content` (`id`, `elementId`, `locale`, `title`, `field_heading`, `field_body`, `field_programHook`, `field_programDescription`, `field_programType`, `field_programSessionDate`, `field_navigationTextLink`, `field_programAges`, `field_programSeason`, `field_isEvent`, `dateCreated`, `dateUpdated`, `uid`) VALUES ('139', '222', 'en_us', 'Visitors are encouraged to take their time and look closely...', NULL, NULL, NULL, NULL, '[]', NULL, NULL, '[]', '[]', '[]', '2015-01-20 02:08:12', '2015-01-20 02:09:15', 'b697829b-e228-4f17-82de-7b0b1aa139da');
INSERT INTO `craft_content` (`id`, `elementId`, `locale`, `title`, `field_heading`, `field_body`, `field_programHook`, `field_programDescription`, `field_programType`, `field_programSessionDate`, `field_navigationTextLink`, `field_programAges`, `field_programSeason`, `field_isEvent`, `dateCreated`, `dateUpdated`, `uid`) VALUES ('140', '223', 'en_us', 'Wildflower Meadow', NULL, NULL, NULL, NULL, '[]', NULL, NULL, '[]', '[]', '[]', '2015-01-20 02:14:24', '2015-01-20 02:15:22', 'cabf3ce9-b0c3-4af1-9d36-c7550453e8be');
INSERT INTO `craft_content` (`id`, `elementId`, `locale`, `title`, `field_heading`, `field_body`, `field_programHook`, `field_programDescription`, `field_programType`, `field_programSessionDate`, `field_navigationTextLink`, `field_programAges`, `field_programSeason`, `field_isEvent`, `dateCreated`, `dateUpdated`, `uid`) VALUES ('141', '228', 'en_us', 'Crops are planted throughout the growing season', NULL, NULL, NULL, NULL, '[]', NULL, NULL, '[]', '[]', '[]', '2015-01-20 02:24:02', '2015-01-20 02:27:50', '6c3bcc84-e924-4723-b25b-6081dbb27ead');
INSERT INTO `craft_content` (`id`, `elementId`, `locale`, `title`, `field_heading`, `field_body`, `field_programHook`, `field_programDescription`, `field_programType`, `field_programSessionDate`, `field_navigationTextLink`, `field_programAges`, `field_programSeason`, `field_isEvent`, `dateCreated`, `dateUpdated`, `uid`) VALUES ('142', '229', 'en_us', 'Wide Pathways allow easy access for strollers and wheelchairs', NULL, NULL, NULL, NULL, '[]', NULL, NULL, '[]', '[]', '[]', '2015-01-20 02:24:06', '2015-01-20 02:26:17', 'b4e8ad9b-7dec-4434-89bc-670bf9b5e5bb');
INSERT INTO `craft_content` (`id`, `elementId`, `locale`, `title`, `field_heading`, `field_body`, `field_programHook`, `field_programDescription`, `field_programType`, `field_programSessionDate`, `field_navigationTextLink`, `field_programAges`, `field_programSeason`, `field_isEvent`, `dateCreated`, `dateUpdated`, `uid`) VALUES ('143', '230', 'en_us', 'Have a seat under our kiwi vine pergola!', NULL, NULL, NULL, NULL, '[]', NULL, NULL, '[]', '[]', '[]', '2015-01-20 02:24:10', '2015-01-20 02:28:14', 'd941cf2f-5a66-44c9-8cfc-db4d96be11a5');
INSERT INTO `craft_content` (`id`, `elementId`, `locale`, `title`, `field_heading`, `field_body`, `field_programHook`, `field_programDescription`, `field_programType`, `field_programSessionDate`, `field_navigationTextLink`, `field_programAges`, `field_programSeason`, `field_isEvent`, `dateCreated`, `dateUpdated`, `uid`) VALUES ('144', '231', 'en_us', 'All kinds of things grow in ICG\'s Kitchen Garden!', NULL, NULL, NULL, NULL, '[]', NULL, NULL, '[]', '[]', '[]', '2015-01-20 02:24:14', '2015-01-20 02:28:54', '2395860c-af64-4bbf-88e6-2ff793dd3370');
INSERT INTO `craft_content` (`id`, `elementId`, `locale`, `title`, `field_heading`, `field_body`, `field_programHook`, `field_programDescription`, `field_programType`, `field_programSessionDate`, `field_navigationTextLink`, `field_programAges`, `field_programSeason`, `field_isEvent`, `dateCreated`, `dateUpdated`, `uid`) VALUES ('145', '232', 'en_us', 'Take a peek at the fruit growing on our espaliered trees!', NULL, NULL, NULL, NULL, '[]', NULL, NULL, '[]', '[]', '[]', '2015-01-20 02:24:18', '2015-01-20 02:28:39', '1e30729e-3f13-43a5-9e59-0b15bd86d267');
INSERT INTO `craft_content` (`id`, `elementId`, `locale`, `title`, `field_heading`, `field_body`, `field_programHook`, `field_programDescription`, `field_programType`, `field_programSessionDate`, `field_navigationTextLink`, `field_programAges`, `field_programSeason`, `field_isEvent`, `dateCreated`, `dateUpdated`, `uid`) VALUES ('146', '233', 'en_us', 'Welcome to the Kitchen Garden!', NULL, NULL, NULL, NULL, '[]', NULL, NULL, '[]', '[]', '[]', '2015-01-20 02:25:22', '2015-01-20 02:28:24', '8a232240-1d1e-4617-a3d9-7d1013d35692');
INSERT INTO `craft_content` (`id`, `elementId`, `locale`, `title`, `field_heading`, `field_body`, `field_programHook`, `field_programDescription`, `field_programType`, `field_programSessionDate`, `field_navigationTextLink`, `field_programAges`, `field_programSeason`, `field_isEvent`, `dateCreated`, `dateUpdated`, `uid`) VALUES ('147', '234', 'en_us', 'Kitchen Garden', NULL, NULL, NULL, NULL, '[]', NULL, NULL, '[]', '[]', '[]', '2015-01-20 02:28:56', '2015-01-20 02:29:57', '5a93c4ab-0960-4bf1-945d-3e496d3146b2');



DROP TABLE IF EXISTS `craft_deprecationerrors`;


--
-- Schema for table `craft_deprecationerrors`
--
CREATE TABLE `craft_deprecationerrors` (
  `id` int(11) NOT NULL AUTO_INCREMENT,
  `key` varchar(255) COLLATE utf8_unicode_ci NOT NULL,
  `fingerprint` varchar(255) COLLATE utf8_unicode_ci NOT NULL,
  `lastOccurrence` datetime NOT NULL,
  `file` varchar(255) COLLATE utf8_unicode_ci NOT NULL,
  `line` smallint(6) unsigned NOT NULL,
  `class` varchar(255) COLLATE utf8_unicode_ci DEFAULT NULL,
  `method` varchar(255) COLLATE utf8_unicode_ci DEFAULT NULL,
  `template` varchar(255) COLLATE utf8_unicode_ci DEFAULT NULL,
  `templateLine` smallint(6) unsigned DEFAULT NULL,
  `message` varchar(255) COLLATE utf8_unicode_ci DEFAULT NULL,
  `traces` text COLLATE utf8_unicode_ci,
  `dateCreated` datetime NOT NULL,
  `dateUpdated` datetime NOT NULL,
  `uid` char(36) COLLATE utf8_unicode_ci NOT NULL DEFAULT '0',
  PRIMARY KEY (`id`),
  UNIQUE KEY `craft_deprecationerrors_key_fingerprint_unq_idx` (`key`,`fingerprint`)
) ENGINE=InnoDB DEFAULT CHARSET=utf8 COLLATE=utf8_unicode_ci;

DROP TABLE IF EXISTS `craft_elements`;


--
-- Schema for table `craft_elements`
--
CREATE TABLE `craft_elements` (
  `id` int(11) NOT NULL AUTO_INCREMENT,
  `type` varchar(150) COLLATE utf8_unicode_ci NOT NULL,
  `enabled` tinyint(1) unsigned NOT NULL DEFAULT '1',
  `archived` tinyint(1) unsigned NOT NULL DEFAULT '0',
  `dateCreated` datetime NOT NULL,
  `dateUpdated` datetime NOT NULL,
  `uid` char(36) COLLATE utf8_unicode_ci NOT NULL DEFAULT '0',
  PRIMARY KEY (`id`),
  KEY `craft_elements_type_idx` (`type`),
  KEY `craft_elements_enabled_idx` (`enabled`),
  KEY `craft_elements_archived_dateCreated_idx` (`archived`,`dateCreated`)
) ENGINE=InnoDB AUTO_INCREMENT=238 DEFAULT CHARSET=utf8 COLLATE=utf8_unicode_ci;

--
-- Data for table `craft_elements`
--

INSERT INTO `craft_elements` (`id`, `type`, `enabled`, `archived`, `dateCreated`, `dateUpdated`, `uid`) VALUES ('1', 'User', '1', '0', '2014-11-26 00:20:27', '2014-11-26 00:20:27', '72dbb5d5-e820-48f2-8078-6f089f019d36');
INSERT INTO `craft_elements` (`id`, `type`, `enabled`, `archived`, `dateCreated`, `dateUpdated`, `uid`) VALUES ('2', 'Entry', '1', '0', '2014-11-26 00:20:30', '2015-01-03 03:04:08', '7275f77b-370d-4e1e-8068-9c420a9cb804');
INSERT INTO `craft_elements` (`id`, `type`, `enabled`, `archived`, `dateCreated`, `dateUpdated`, `uid`) VALUES ('3', 'Entry', '1', '0', '2014-11-26 00:20:30', '2014-11-26 00:45:55', '1284f284-4b7d-46bc-b2b8-08e0378762e8');
INSERT INTO `craft_elements` (`id`, `type`, `enabled`, `archived`, `dateCreated`, `dateUpdated`, `uid`) VALUES ('4', 'GlobalSet', '1', '0', '2014-11-26 00:48:53', '2014-11-30 23:16:23', '94a704b5-6bb5-4408-8a51-ca5fee8cbada');
INSERT INTO `craft_elements` (`id`, `type`, `enabled`, `archived`, `dateCreated`, `dateUpdated`, `uid`) VALUES ('5', 'Asset', '1', '0', '2014-11-26 00:57:58', '2014-11-26 00:57:58', '53f674ba-9fa6-44a8-a8cf-53ba6f0e5b64');
INSERT INTO `craft_elements` (`id`, `type`, `enabled`, `archived`, `dateCreated`, `dateUpdated`, `uid`) VALUES ('16', 'Asset', '1', '0', '2014-12-27 04:54:26', '2014-12-27 04:54:26', '451d7d1e-4895-4bc8-8554-3c83873b31d0');
INSERT INTO `craft_elements` (`id`, `type`, `enabled`, `archived`, `dateCreated`, `dateUpdated`, `uid`) VALUES ('17', 'Asset', '1', '0', '2014-12-27 04:54:52', '2014-12-27 04:54:52', '9f377571-6570-460b-a754-8c90dc6cb86a');
INSERT INTO `craft_elements` (`id`, `type`, `enabled`, `archived`, `dateCreated`, `dateUpdated`, `uid`) VALUES ('18', 'Asset', '1', '0', '2014-12-27 04:55:02', '2014-12-27 04:55:02', '847c6a6d-dba1-47de-a8e0-577ab1641b43');
INSERT INTO `craft_elements` (`id`, `type`, `enabled`, `archived`, `dateCreated`, `dateUpdated`, `uid`) VALUES ('20', 'Asset', '1', '0', '2014-12-27 04:55:59', '2014-12-27 04:55:59', '5bd933fd-cb5a-4c19-bef2-4f441795df5c');
INSERT INTO `craft_elements` (`id`, `type`, `enabled`, `archived`, `dateCreated`, `dateUpdated`, `uid`) VALUES ('21', 'Asset', '1', '0', '2014-12-27 04:56:05', '2014-12-27 04:56:05', '9830ad2d-b68f-4d85-9d10-406bb7247eb5');
INSERT INTO `craft_elements` (`id`, `type`, `enabled`, `archived`, `dateCreated`, `dateUpdated`, `uid`) VALUES ('22', 'Asset', '1', '0', '2014-12-27 04:56:11', '2014-12-27 04:56:11', 'be8f42ba-417b-46b0-8353-8a03771011c4');
INSERT INTO `craft_elements` (`id`, `type`, `enabled`, `archived`, `dateCreated`, `dateUpdated`, `uid`) VALUES ('23', 'Entry', '1', '0', '2014-12-27 04:56:35', '2015-01-20 02:04:16', '82ec782e-c3a0-450c-a932-a25e51821989');
INSERT INTO `craft_elements` (`id`, `type`, `enabled`, `archived`, `dateCreated`, `dateUpdated`, `uid`) VALUES ('35', 'Category', '1', '0', '2014-12-31 17:55:19', '2014-12-31 17:55:19', 'cfd0c78d-61e1-49dd-a405-a161875a94c0');
INSERT INTO `craft_elements` (`id`, `type`, `enabled`, `archived`, `dateCreated`, `dateUpdated`, `uid`) VALUES ('36', 'Category', '1', '0', '2014-12-31 17:55:30', '2014-12-31 17:56:50', '1daa9022-377d-46f0-9329-ecff2f756042');
INSERT INTO `craft_elements` (`id`, `type`, `enabled`, `archived`, `dateCreated`, `dateUpdated`, `uid`) VALUES ('37', 'Category', '1', '0', '2014-12-31 17:55:44', '2014-12-31 17:55:44', '057f1b46-ed31-4145-8d74-622274fd8fcc');
INSERT INTO `craft_elements` (`id`, `type`, `enabled`, `archived`, `dateCreated`, `dateUpdated`, `uid`) VALUES ('38', 'Category', '1', '0', '2014-12-31 17:55:58', '2014-12-31 17:55:58', '012061b5-248c-4a21-b0e7-8a47ed002ee5');
INSERT INTO `craft_elements` (`id`, `type`, `enabled`, `archived`, `dateCreated`, `dateUpdated`, `uid`) VALUES ('39', 'Category', '1', '0', '2014-12-31 17:56:28', '2014-12-31 17:56:28', 'cf1aaf41-b249-448d-8ddc-8075678bf6b1');
INSERT INTO `craft_elements` (`id`, `type`, `enabled`, `archived`, `dateCreated`, `dateUpdated`, `uid`) VALUES ('40', 'Category', '1', '0', '2014-12-31 17:56:35', '2014-12-31 17:56:35', 'bbd784d0-6096-4bf2-b70c-2a72dfafdfd9');
INSERT INTO `craft_elements` (`id`, `type`, `enabled`, `archived`, `dateCreated`, `dateUpdated`, `uid`) VALUES ('41', 'Entry', '1', '0', '2014-12-31 18:09:28', '2015-01-10 18:47:00', '7add4309-e1cc-4576-a4f8-832baa595158');
INSERT INTO `craft_elements` (`id`, `type`, `enabled`, `archived`, `dateCreated`, `dateUpdated`, `uid`) VALUES ('42', 'MatrixBlock', '1', '0', '2014-12-31 18:09:28', '2015-01-10 18:47:00', '97e56b8f-76fa-4872-a0c6-c7591b117349');
INSERT INTO `craft_elements` (`id`, `type`, `enabled`, `archived`, `dateCreated`, `dateUpdated`, `uid`) VALUES ('43', 'MatrixBlock', '1', '0', '2014-12-31 18:09:28', '2015-01-10 18:47:00', '5f5de93b-7ee8-4c39-b64b-8b65c482fb98');
INSERT INTO `craft_elements` (`id`, `type`, `enabled`, `archived`, `dateCreated`, `dateUpdated`, `uid`) VALUES ('44', 'MatrixBlock', '1', '0', '2014-12-31 18:09:28', '2015-01-10 18:47:01', 'faca1995-de2e-4e2a-8fca-8396b6477826');
INSERT INTO `craft_elements` (`id`, `type`, `enabled`, `archived`, `dateCreated`, `dateUpdated`, `uid`) VALUES ('45', 'Asset', '1', '0', '2014-12-31 18:12:21', '2014-12-31 18:12:21', '45b825ba-1c44-466b-8d63-4afe4ac20886');
INSERT INTO `craft_elements` (`id`, `type`, `enabled`, `archived`, `dateCreated`, `dateUpdated`, `uid`) VALUES ('46', 'MatrixBlock', '1', '0', '2014-12-31 18:13:17', '2015-01-10 18:47:00', 'ac531eb2-5495-491e-ae8d-e4a04b94c204');
INSERT INTO `craft_elements` (`id`, `type`, `enabled`, `archived`, `dateCreated`, `dateUpdated`, `uid`) VALUES ('47', 'MatrixBlock', '1', '0', '2014-12-31 18:13:17', '2015-01-10 18:47:01', '5cc40187-bfcb-4171-8435-72b00671b98e');
INSERT INTO `craft_elements` (`id`, `type`, `enabled`, `archived`, `dateCreated`, `dateUpdated`, `uid`) VALUES ('49', 'Asset', '1', '0', '2015-01-02 03:24:49', '2015-01-02 03:24:49', '2e51e700-1be7-41f5-a425-dc37e7c19a7c');
INSERT INTO `craft_elements` (`id`, `type`, `enabled`, `archived`, `dateCreated`, `dateUpdated`, `uid`) VALUES ('50', 'MatrixBlock', '1', '0', '2015-01-02 03:24:56', '2015-01-10 18:47:00', '90512fc9-a6a0-4c14-b46e-5a38ec0d1cf5');
INSERT INTO `craft_elements` (`id`, `type`, `enabled`, `archived`, `dateCreated`, `dateUpdated`, `uid`) VALUES ('51', 'Asset', '1', '0', '2015-01-02 03:40:28', '2015-01-11 16:21:43', '85741aa8-8994-4520-b465-557d1c7c630a');
INSERT INTO `craft_elements` (`id`, `type`, `enabled`, `archived`, `dateCreated`, `dateUpdated`, `uid`) VALUES ('52', 'Asset', '1', '0', '2015-01-02 17:57:39', '2015-01-02 17:58:16', 'b817564c-c02f-49e5-b3fd-fc7a8cf7e095');
INSERT INTO `craft_elements` (`id`, `type`, `enabled`, `archived`, `dateCreated`, `dateUpdated`, `uid`) VALUES ('53', 'Entry', '1', '0', '2015-01-02 19:11:59', '2015-01-11 16:23:29', '2c56fead-d5d8-436c-8756-7f39de2eaf9e');
INSERT INTO `craft_elements` (`id`, `type`, `enabled`, `archived`, `dateCreated`, `dateUpdated`, `uid`) VALUES ('54', 'MatrixBlock', '1', '0', '2015-01-02 19:11:59', '2015-01-11 16:23:29', '66376346-ae0d-460f-bf66-b3f91f1dfddf');
INSERT INTO `craft_elements` (`id`, `type`, `enabled`, `archived`, `dateCreated`, `dateUpdated`, `uid`) VALUES ('55', 'MatrixBlock', '1', '0', '2015-01-02 19:11:59', '2015-01-11 16:23:29', 'c0dec569-bb61-453d-955f-4b34b5c1f0f8');
INSERT INTO `craft_elements` (`id`, `type`, `enabled`, `archived`, `dateCreated`, `dateUpdated`, `uid`) VALUES ('56', 'MatrixBlock', '1', '0', '2015-01-02 19:11:59', '2015-01-11 16:23:29', '6e109f00-0bbd-4e6d-a252-299abf2403a4');
INSERT INTO `craft_elements` (`id`, `type`, `enabled`, `archived`, `dateCreated`, `dateUpdated`, `uid`) VALUES ('57', 'MatrixBlock', '1', '0', '2015-01-02 19:11:59', '2015-01-11 16:23:29', 'bc3a727e-2f76-44eb-9628-2c6ed287486c');
INSERT INTO `craft_elements` (`id`, `type`, `enabled`, `archived`, `dateCreated`, `dateUpdated`, `uid`) VALUES ('59', 'Entry', '1', '0', '2015-01-02 19:50:51', '2015-01-04 15:44:38', 'a704bc29-9e65-4f33-9c15-35afd37e7c52');
INSERT INTO `craft_elements` (`id`, `type`, `enabled`, `archived`, `dateCreated`, `dateUpdated`, `uid`) VALUES ('60', 'Entry', '1', '0', '2015-01-02 20:23:07', '2015-01-04 15:44:38', 'e69df2c6-4376-4392-afb8-e631d6560244');
INSERT INTO `craft_elements` (`id`, `type`, `enabled`, `archived`, `dateCreated`, `dateUpdated`, `uid`) VALUES ('61', 'Entry', '1', '0', '2015-01-02 20:25:12', '2015-01-04 15:44:38', '4840bdd0-aae8-48cf-b033-56d301493532');
INSERT INTO `craft_elements` (`id`, `type`, `enabled`, `archived`, `dateCreated`, `dateUpdated`, `uid`) VALUES ('62', 'Entry', '1', '0', '2015-01-02 20:25:33', '2015-01-04 15:44:38', '6ecc46ad-a5c2-487e-99b8-b766aa40bbd2');
INSERT INTO `craft_elements` (`id`, `type`, `enabled`, `archived`, `dateCreated`, `dateUpdated`, `uid`) VALUES ('63', 'Entry', '1', '0', '2015-01-02 20:25:54', '2015-01-04 15:44:38', 'a9682621-4f12-4837-a3a6-d66b20eec292');
INSERT INTO `craft_elements` (`id`, `type`, `enabled`, `archived`, `dateCreated`, `dateUpdated`, `uid`) VALUES ('64', 'Asset', '1', '0', '2015-01-03 02:58:20', '2015-01-03 22:08:52', 'ae95011f-46d2-42d3-96b6-83a3ea70ff62');
INSERT INTO `craft_elements` (`id`, `type`, `enabled`, `archived`, `dateCreated`, `dateUpdated`, `uid`) VALUES ('65', 'Entry', '1', '0', '2015-01-03 02:59:21', '2015-01-04 22:58:39', '136a704e-57ad-440c-b7ab-d531600c73bd');
INSERT INTO `craft_elements` (`id`, `type`, `enabled`, `archived`, `dateCreated`, `dateUpdated`, `uid`) VALUES ('66', 'MatrixBlock', '1', '0', '2015-01-03 02:59:22', '2015-01-04 22:58:39', '10c15a5f-8caf-4f70-8528-680df03ea718');
INSERT INTO `craft_elements` (`id`, `type`, `enabled`, `archived`, `dateCreated`, `dateUpdated`, `uid`) VALUES ('67', 'Asset', '1', '0', '2015-01-03 03:02:49', '2015-01-03 22:09:35', '09a03ada-e25b-44fd-8b19-6e59afd592d4');
INSERT INTO `craft_elements` (`id`, `type`, `enabled`, `archived`, `dateCreated`, `dateUpdated`, `uid`) VALUES ('68', 'Entry', '1', '0', '2015-01-03 03:03:48', '2015-01-03 03:03:48', '3ce322ce-8759-4238-9213-5af3c173701e');
INSERT INTO `craft_elements` (`id`, `type`, `enabled`, `archived`, `dateCreated`, `dateUpdated`, `uid`) VALUES ('69', 'MatrixBlock', '1', '0', '2015-01-03 03:03:48', '2015-01-03 03:03:48', '88fd84d1-789f-45c3-9333-be6b983475e9');
INSERT INTO `craft_elements` (`id`, `type`, `enabled`, `archived`, `dateCreated`, `dateUpdated`, `uid`) VALUES ('70', 'Asset', '1', '0', '2015-01-03 04:12:50', '2015-01-03 22:10:22', '8ffccfad-c298-4d79-89eb-f7b3b2af72ba');
INSERT INTO `craft_elements` (`id`, `type`, `enabled`, `archived`, `dateCreated`, `dateUpdated`, `uid`) VALUES ('71', 'Entry', '1', '0', '2015-01-03 04:13:47', '2015-01-03 04:17:04', 'aeb02702-e623-4ecf-9db3-3610a7c17d27');
INSERT INTO `craft_elements` (`id`, `type`, `enabled`, `archived`, `dateCreated`, `dateUpdated`, `uid`) VALUES ('72', 'MatrixBlock', '1', '0', '2015-01-03 04:13:47', '2015-01-03 04:17:04', 'd8d8c9ce-ac33-4d6e-a95a-812f18501d36');
INSERT INTO `craft_elements` (`id`, `type`, `enabled`, `archived`, `dateCreated`, `dateUpdated`, `uid`) VALUES ('73', 'Asset', '1', '0', '2015-01-03 04:29:17', '2015-01-03 22:09:12', '2ed47a4d-c465-441b-8217-adc292037a17');
INSERT INTO `craft_elements` (`id`, `type`, `enabled`, `archived`, `dateCreated`, `dateUpdated`, `uid`) VALUES ('74', 'Entry', '1', '0', '2015-01-03 04:30:06', '2015-01-03 15:17:59', '09f15a53-3788-43ca-8241-e1e6f1eef786');
INSERT INTO `craft_elements` (`id`, `type`, `enabled`, `archived`, `dateCreated`, `dateUpdated`, `uid`) VALUES ('75', 'MatrixBlock', '1', '0', '2015-01-03 04:30:07', '2015-01-03 15:17:59', 'b297d726-f847-4408-a1b1-342cf6f30817');
INSERT INTO `craft_elements` (`id`, `type`, `enabled`, `archived`, `dateCreated`, `dateUpdated`, `uid`) VALUES ('76', 'Asset', '1', '0', '2015-01-03 04:32:29', '2015-01-03 22:09:59', '3100fcb5-c3d1-4feb-bc05-80f4e621792a');
INSERT INTO `craft_elements` (`id`, `type`, `enabled`, `archived`, `dateCreated`, `dateUpdated`, `uid`) VALUES ('77', 'Entry', '1', '0', '2015-01-03 04:33:20', '2015-01-03 04:33:20', '7ef6b1e6-5d61-469d-bf5c-68a5e67ace70');
INSERT INTO `craft_elements` (`id`, `type`, `enabled`, `archived`, `dateCreated`, `dateUpdated`, `uid`) VALUES ('78', 'MatrixBlock', '1', '0', '2015-01-03 04:33:20', '2015-01-03 04:33:20', 'ca364772-4608-4339-b161-9d0c3863c6c8');
INSERT INTO `craft_elements` (`id`, `type`, `enabled`, `archived`, `dateCreated`, `dateUpdated`, `uid`) VALUES ('79', 'Asset', '1', '0', '2015-01-03 04:35:34', '2015-01-03 22:10:12', '795faf40-da4a-4248-b43d-fbf66e3ab9d9');
INSERT INTO `craft_elements` (`id`, `type`, `enabled`, `archived`, `dateCreated`, `dateUpdated`, `uid`) VALUES ('80', 'Entry', '1', '0', '2015-01-03 04:36:25', '2015-01-03 04:36:25', 'bbf5097c-ebf6-442c-a738-ba874d7b0485');
INSERT INTO `craft_elements` (`id`, `type`, `enabled`, `archived`, `dateCreated`, `dateUpdated`, `uid`) VALUES ('81', 'MatrixBlock', '1', '0', '2015-01-03 04:36:25', '2015-01-03 04:36:25', 'ddbd0872-30fa-4b4a-8738-3de61bb9d8d2');
INSERT INTO `craft_elements` (`id`, `type`, `enabled`, `archived`, `dateCreated`, `dateUpdated`, `uid`) VALUES ('82', 'Entry', '1', '0', '2015-01-03 06:09:34', '2015-01-03 06:09:34', '4d40d5e1-afe8-4b75-8da4-783fb37ed7d7');
INSERT INTO `craft_elements` (`id`, `type`, `enabled`, `archived`, `dateCreated`, `dateUpdated`, `uid`) VALUES ('83', 'Entry', '1', '0', '2015-01-03 06:10:15', '2015-01-07 03:48:24', 'ef9540b9-73ab-401c-a583-f6a630ff3245');
INSERT INTO `craft_elements` (`id`, `type`, `enabled`, `archived`, `dateCreated`, `dateUpdated`, `uid`) VALUES ('84', 'Entry', '1', '0', '2015-01-03 06:10:44', '2015-01-03 06:25:08', '44d5f9ba-7c58-4212-a482-dcd0d2d7cf37');
INSERT INTO `craft_elements` (`id`, `type`, `enabled`, `archived`, `dateCreated`, `dateUpdated`, `uid`) VALUES ('85', 'Asset', '1', '0', '2015-01-03 15:56:01', '2015-01-03 15:56:01', '123f2a4d-8566-471e-b2cc-de0dbea11edc');
INSERT INTO `craft_elements` (`id`, `type`, `enabled`, `archived`, `dateCreated`, `dateUpdated`, `uid`) VALUES ('86', 'Entry', '1', '0', '2015-01-03 15:59:37', '2015-01-03 21:52:30', 'bbcf421c-643b-4590-88c2-63a4c0eef7ca');
INSERT INTO `craft_elements` (`id`, `type`, `enabled`, `archived`, `dateCreated`, `dateUpdated`, `uid`) VALUES ('87', 'MatrixBlock', '1', '0', '2015-01-03 15:59:38', '2015-01-03 17:55:20', '570ec9a3-31a0-4766-96d7-f5485da82e45');
INSERT INTO `craft_elements` (`id`, `type`, `enabled`, `archived`, `dateCreated`, `dateUpdated`, `uid`) VALUES ('88', 'MatrixBlock', '1', '0', '2015-01-03 15:59:38', '2015-01-03 17:55:20', '67433e2e-c13f-4b16-9df6-beef3cff2885');
INSERT INTO `craft_elements` (`id`, `type`, `enabled`, `archived`, `dateCreated`, `dateUpdated`, `uid`) VALUES ('89', 'MatrixBlock', '1', '0', '2015-01-03 15:59:38', '2015-01-03 17:55:20', 'f93c6616-d418-4aed-925f-2b7434ad6926');
INSERT INTO `craft_elements` (`id`, `type`, `enabled`, `archived`, `dateCreated`, `dateUpdated`, `uid`) VALUES ('90', 'MatrixBlock', '1', '0', '2015-01-03 15:59:38', '2015-01-03 17:55:20', 'c21fcb7b-0c11-4373-a637-03cac4ae99f5');
INSERT INTO `craft_elements` (`id`, `type`, `enabled`, `archived`, `dateCreated`, `dateUpdated`, `uid`) VALUES ('91', 'MatrixBlock', '1', '0', '2015-01-03 15:59:38', '2015-01-03 17:55:20', '62c18465-00f2-4b98-82f7-630d8fee281c');
INSERT INTO `craft_elements` (`id`, `type`, `enabled`, `archived`, `dateCreated`, `dateUpdated`, `uid`) VALUES ('92', 'Entry', '1', '0', '2015-01-03 17:38:51', '2015-01-03 17:53:38', '4611c34b-4d64-4f18-81ad-e17cd46222af');
INSERT INTO `craft_elements` (`id`, `type`, `enabled`, `archived`, `dateCreated`, `dateUpdated`, `uid`) VALUES ('93', 'Entry', '1', '0', '2015-01-03 17:50:35', '2015-01-03 21:52:30', 'a970e7c6-9e08-4101-895c-9c52a8ebbc87');
INSERT INTO `craft_elements` (`id`, `type`, `enabled`, `archived`, `dateCreated`, `dateUpdated`, `uid`) VALUES ('94', 'MatrixBlock', '1', '0', '2015-01-03 17:50:35', '2015-01-03 17:50:35', 'e1b9f71f-4550-4520-9413-5f6a725a9590');
INSERT INTO `craft_elements` (`id`, `type`, `enabled`, `archived`, `dateCreated`, `dateUpdated`, `uid`) VALUES ('95', 'MatrixBlock', '1', '0', '2015-01-03 17:50:35', '2015-01-03 17:50:35', 'a8466d08-8254-4de3-a751-e5bb23d19b93');
INSERT INTO `craft_elements` (`id`, `type`, `enabled`, `archived`, `dateCreated`, `dateUpdated`, `uid`) VALUES ('96', 'MatrixBlock', '1', '0', '2015-01-03 17:50:35', '2015-01-03 17:50:35', '6f40ae17-1243-4100-9c78-c2e998d48947');
INSERT INTO `craft_elements` (`id`, `type`, `enabled`, `archived`, `dateCreated`, `dateUpdated`, `uid`) VALUES ('97', 'MatrixBlock', '1', '0', '2015-01-03 17:50:35', '2015-01-03 17:50:35', '42979c76-225a-44dd-83e4-a3d74ecda4eb');
INSERT INTO `craft_elements` (`id`, `type`, `enabled`, `archived`, `dateCreated`, `dateUpdated`, `uid`) VALUES ('98', 'MatrixBlock', '1', '0', '2015-01-03 17:50:35', '2015-01-03 17:50:35', 'd8361740-ad54-4379-af72-045969ff2551');
INSERT INTO `craft_elements` (`id`, `type`, `enabled`, `archived`, `dateCreated`, `dateUpdated`, `uid`) VALUES ('99', 'MatrixBlock', '1', '0', '2015-01-03 17:50:35', '2015-01-03 17:50:35', 'faa47113-56d8-4a9a-bbe3-6cd407beffae');
INSERT INTO `craft_elements` (`id`, `type`, `enabled`, `archived`, `dateCreated`, `dateUpdated`, `uid`) VALUES ('100', 'Entry', '1', '0', '2015-01-03 17:51:27', '2015-01-03 17:51:27', '88d01ef5-04c6-4c50-bf75-791443e47816');
INSERT INTO `craft_elements` (`id`, `type`, `enabled`, `archived`, `dateCreated`, `dateUpdated`, `uid`) VALUES ('107', 'Asset', '1', '0', '2015-01-04 16:03:45', '2015-01-04 16:03:45', '9e504e03-3f53-4d44-8d07-df7d04b04c23');
INSERT INTO `craft_elements` (`id`, `type`, `enabled`, `archived`, `dateCreated`, `dateUpdated`, `uid`) VALUES ('108', 'Asset', '1', '0', '2015-01-04 16:06:24', '2015-01-04 16:06:24', 'a74ac9d8-3235-466e-b49a-578aa156fd90');
INSERT INTO `craft_elements` (`id`, `type`, `enabled`, `archived`, `dateCreated`, `dateUpdated`, `uid`) VALUES ('109', 'Entry', '1', '0', '2015-01-04 16:07:31', '2015-01-04 16:07:31', 'a8ea92d8-2c5d-4acb-ac87-7eefc8837cf7');
INSERT INTO `craft_elements` (`id`, `type`, `enabled`, `archived`, `dateCreated`, `dateUpdated`, `uid`) VALUES ('110', 'MatrixBlock', '1', '0', '2015-01-04 16:07:31', '2015-01-04 16:07:31', 'b3f9e7ce-4928-4573-abd4-47d59ba8411b');
INSERT INTO `craft_elements` (`id`, `type`, `enabled`, `archived`, `dateCreated`, `dateUpdated`, `uid`) VALUES ('111', 'MatrixBlock', '1', '0', '2015-01-04 16:07:31', '2015-01-04 16:07:31', 'a77fd41e-02e1-4ac3-ae6d-95dc02ec7272');
INSERT INTO `craft_elements` (`id`, `type`, `enabled`, `archived`, `dateCreated`, `dateUpdated`, `uid`) VALUES ('112', 'MatrixBlock', '1', '0', '2015-01-04 16:07:31', '2015-01-04 16:07:31', 'fa762884-3f96-484b-9ef1-ad078a39e753');
INSERT INTO `craft_elements` (`id`, `type`, `enabled`, `archived`, `dateCreated`, `dateUpdated`, `uid`) VALUES ('113', 'Entry', '1', '0', '2015-01-04 16:10:46', '2015-01-04 16:13:02', '5ecbabc3-8936-4184-8f07-8adc4d8dc09f');
INSERT INTO `craft_elements` (`id`, `type`, `enabled`, `archived`, `dateCreated`, `dateUpdated`, `uid`) VALUES ('115', 'Asset', '1', '0', '2015-01-04 22:15:11', '2015-01-04 22:15:11', 'e53a066f-5638-4d53-94fb-84993920e48f');
INSERT INTO `craft_elements` (`id`, `type`, `enabled`, `archived`, `dateCreated`, `dateUpdated`, `uid`) VALUES ('116', 'Entry', '1', '0', '2015-01-04 22:17:14', '2015-01-10 18:28:49', 'dd97aa41-4f73-4e29-a67e-c81c7c6e01c3');
INSERT INTO `craft_elements` (`id`, `type`, `enabled`, `archived`, `dateCreated`, `dateUpdated`, `uid`) VALUES ('117', 'MatrixBlock', '1', '0', '2015-01-04 22:17:14', '2015-01-10 18:28:49', 'adf19ffd-dcfd-4eb6-ae7a-100d1dcfe4d1');
INSERT INTO `craft_elements` (`id`, `type`, `enabled`, `archived`, `dateCreated`, `dateUpdated`, `uid`) VALUES ('118', 'MatrixBlock', '1', '0', '2015-01-04 22:17:14', '2015-01-10 18:28:49', '8370a97e-649c-44a3-829b-1158dbac7160');
INSERT INTO `craft_elements` (`id`, `type`, `enabled`, `archived`, `dateCreated`, `dateUpdated`, `uid`) VALUES ('122', 'Entry', '1', '0', '2015-01-04 22:18:01', '2015-01-04 22:18:01', '26ccace9-790b-4cf7-a071-07f2604a798c');
INSERT INTO `craft_elements` (`id`, `type`, `enabled`, `archived`, `dateCreated`, `dateUpdated`, `uid`) VALUES ('123', 'Entry', '1', '0', '2015-01-04 22:18:52', '2015-01-04 22:19:53', '9681c5d6-8cf9-4fae-865e-7e997f491b58');
INSERT INTO `craft_elements` (`id`, `type`, `enabled`, `archived`, `dateCreated`, `dateUpdated`, `uid`) VALUES ('124', 'Asset', '1', '0', '2015-01-10 14:49:44', '2015-01-10 14:49:44', 'd2e171ae-b3aa-4a50-a6ed-9ed28133b81a');
INSERT INTO `craft_elements` (`id`, `type`, `enabled`, `archived`, `dateCreated`, `dateUpdated`, `uid`) VALUES ('125', 'Entry', '1', '0', '2015-01-10 14:52:38', '2015-01-10 18:31:48', 'cb43bc37-3126-4c5f-986f-016cb1d0d016');
INSERT INTO `craft_elements` (`id`, `type`, `enabled`, `archived`, `dateCreated`, `dateUpdated`, `uid`) VALUES ('126', 'MatrixBlock', '1', '0', '2015-01-10 14:52:38', '2015-01-10 18:31:48', '7cf4eb2c-50fb-4cab-a88b-75cd60dc6eb9');
INSERT INTO `craft_elements` (`id`, `type`, `enabled`, `archived`, `dateCreated`, `dateUpdated`, `uid`) VALUES ('127', 'MatrixBlock', '1', '0', '2015-01-10 14:52:38', '2015-01-10 18:31:49', '0b02cf21-80b1-4792-9650-d6dbf3cfaca4');
INSERT INTO `craft_elements` (`id`, `type`, `enabled`, `archived`, `dateCreated`, `dateUpdated`, `uid`) VALUES ('128', 'MatrixBlock', '1', '0', '2015-01-10 14:52:38', '2015-01-10 18:31:49', '792b34d1-b238-4d4b-8320-38d61e2755d6');
INSERT INTO `craft_elements` (`id`, `type`, `enabled`, `archived`, `dateCreated`, `dateUpdated`, `uid`) VALUES ('129', 'Asset', '1', '0', '2015-01-10 14:55:13', '2015-01-10 14:55:13', 'f936bee7-4165-42fd-84f1-2fea093a2aee');
INSERT INTO `craft_elements` (`id`, `type`, `enabled`, `archived`, `dateCreated`, `dateUpdated`, `uid`) VALUES ('130', 'Entry', '1', '0', '2015-01-10 14:57:54', '2015-01-10 18:24:05', '0be7afce-703b-4456-aba3-fedb2ebb58b6');
INSERT INTO `craft_elements` (`id`, `type`, `enabled`, `archived`, `dateCreated`, `dateUpdated`, `uid`) VALUES ('131', 'MatrixBlock', '1', '0', '2015-01-10 14:57:54', '2015-01-10 18:24:05', 'c933de17-a8c7-4249-a166-59bbe831ff73');
INSERT INTO `craft_elements` (`id`, `type`, `enabled`, `archived`, `dateCreated`, `dateUpdated`, `uid`) VALUES ('132', 'MatrixBlock', '1', '0', '2015-01-10 14:57:54', '2015-01-10 18:24:05', '2ba89f0a-360c-47b9-ae06-d5656af12703');
INSERT INTO `craft_elements` (`id`, `type`, `enabled`, `archived`, `dateCreated`, `dateUpdated`, `uid`) VALUES ('133', 'Entry', '1', '0', '2015-01-10 15:07:16', '2015-01-10 15:08:49', '356a234a-42c0-4c26-8144-cd39d46abf75');
INSERT INTO `craft_elements` (`id`, `type`, `enabled`, `archived`, `dateCreated`, `dateUpdated`, `uid`) VALUES ('134', 'Entry', '1', '0', '2015-01-10 15:08:21', '2015-01-10 15:09:01', '9d22549c-d871-41d7-95fb-e2758c0b6e12');
INSERT INTO `craft_elements` (`id`, `type`, `enabled`, `archived`, `dateCreated`, `dateUpdated`, `uid`) VALUES ('136', 'Asset', '1', '0', '2015-01-11 16:29:00', '2015-01-11 16:29:00', '6db7df81-9ef7-47ce-b53a-a1d5c28f2af7');
INSERT INTO `craft_elements` (`id`, `type`, `enabled`, `archived`, `dateCreated`, `dateUpdated`, `uid`) VALUES ('137', 'Asset', '1', '0', '2015-01-11 16:31:07', '2015-01-11 16:31:07', '7d10baaa-ef0e-463d-a2ed-b49e7a176221');
INSERT INTO `craft_elements` (`id`, `type`, `enabled`, `archived`, `dateCreated`, `dateUpdated`, `uid`) VALUES ('138', 'Entry', '1', '0', '2015-01-11 16:31:39', '2015-01-11 16:57:01', '29ea1616-a666-4613-9546-fa6aca4f835d');
INSERT INTO `craft_elements` (`id`, `type`, `enabled`, `archived`, `dateCreated`, `dateUpdated`, `uid`) VALUES ('139', 'MatrixBlock', '1', '0', '2015-01-11 16:31:39', '2015-01-11 16:57:01', '1d07c64a-76ce-42c6-8624-78dc44ca6e30');
INSERT INTO `craft_elements` (`id`, `type`, `enabled`, `archived`, `dateCreated`, `dateUpdated`, `uid`) VALUES ('140', 'MatrixBlock', '1', '0', '2015-01-11 16:31:39', '2015-01-11 16:57:01', '4884c390-ff22-4f3d-9c87-fb6a457267a0');
INSERT INTO `craft_elements` (`id`, `type`, `enabled`, `archived`, `dateCreated`, `dateUpdated`, `uid`) VALUES ('141', 'MatrixBlock', '1', '0', '2015-01-11 16:31:39', '2015-01-11 16:57:01', '5ea73d4f-20b7-481b-938f-3cace1947b5c');
INSERT INTO `craft_elements` (`id`, `type`, `enabled`, `archived`, `dateCreated`, `dateUpdated`, `uid`) VALUES ('142', 'Entry', '1', '0', '2015-01-11 16:32:42', '2015-01-11 16:32:42', '8bf1e70c-f31b-4220-8263-45dadf9bb31d');
INSERT INTO `craft_elements` (`id`, `type`, `enabled`, `archived`, `dateCreated`, `dateUpdated`, `uid`) VALUES ('143', 'MatrixBlock', '1', '0', '2015-01-11 16:51:34', '2015-01-11 16:57:01', 'd826b080-58de-413b-ba2e-6a3b014acda8');
INSERT INTO `craft_elements` (`id`, `type`, `enabled`, `archived`, `dateCreated`, `dateUpdated`, `uid`) VALUES ('144', 'Entry', '1', '0', '2015-01-11 17:01:30', '2015-01-11 17:07:03', 'c9bf91a6-4cf1-4acd-bc2f-984d5dba99dc');
INSERT INTO `craft_elements` (`id`, `type`, `enabled`, `archived`, `dateCreated`, `dateUpdated`, `uid`) VALUES ('145', 'MatrixBlock', '1', '0', '2015-01-11 17:01:30', '2015-01-11 17:07:03', '553264d5-d130-4d55-aedb-f650c4fbc8e5');
INSERT INTO `craft_elements` (`id`, `type`, `enabled`, `archived`, `dateCreated`, `dateUpdated`, `uid`) VALUES ('146', 'Entry', '1', '0', '2015-01-11 17:07:38', '2015-01-11 17:07:38', '9a4f7c26-92f8-4ef9-b510-050aa6771ee2');
INSERT INTO `craft_elements` (`id`, `type`, `enabled`, `archived`, `dateCreated`, `dateUpdated`, `uid`) VALUES ('148', 'Asset', '1', '0', '2015-01-11 21:38:12', '2015-01-11 21:48:07', '63ec6c45-06f4-4b5c-882c-2fe5328003d2');
INSERT INTO `craft_elements` (`id`, `type`, `enabled`, `archived`, `dateCreated`, `dateUpdated`, `uid`) VALUES ('149', 'Entry', '1', '0', '2015-01-11 21:38:26', '2015-01-11 21:38:26', 'a768d4f1-8746-4f3e-8f4b-aa43dae3dd38');
INSERT INTO `craft_elements` (`id`, `type`, `enabled`, `archived`, `dateCreated`, `dateUpdated`, `uid`) VALUES ('152', 'Asset', '1', '0', '2015-01-11 21:49:40', '2015-01-11 21:49:40', '23c32d9d-a5e9-41a5-b723-27a3822b9125');
INSERT INTO `craft_elements` (`id`, `type`, `enabled`, `archived`, `dateCreated`, `dateUpdated`, `uid`) VALUES ('153', 'Entry', '1', '0', '2015-01-11 21:49:47', '2015-01-11 21:49:47', '4482f04d-c39e-446c-8a24-6bf4c67b1051');
INSERT INTO `craft_elements` (`id`, `type`, `enabled`, `archived`, `dateCreated`, `dateUpdated`, `uid`) VALUES ('154', 'Entry', '1', '0', '2015-01-12 00:16:27', '2015-01-12 00:16:27', '68af875e-6982-4354-922b-a2211c902710');
INSERT INTO `craft_elements` (`id`, `type`, `enabled`, `archived`, `dateCreated`, `dateUpdated`, `uid`) VALUES ('156', 'Asset', '1', '0', '2015-01-13 01:27:41', '2015-01-13 01:27:41', '8d824e54-fc78-41e7-afd0-9849cb877ec4');
INSERT INTO `craft_elements` (`id`, `type`, `enabled`, `archived`, `dateCreated`, `dateUpdated`, `uid`) VALUES ('157', 'Entry', '1', '0', '2015-01-13 01:27:46', '2015-01-13 01:27:46', 'eed05d26-4b97-45b0-8a95-c20c95e4db3c');
INSERT INTO `craft_elements` (`id`, `type`, `enabled`, `archived`, `dateCreated`, `dateUpdated`, `uid`) VALUES ('159', 'Asset', '1', '0', '2015-01-13 01:31:30', '2015-01-13 01:31:30', '41588545-aeed-4a71-9ed9-17a07a1b0b57');
INSERT INTO `craft_elements` (`id`, `type`, `enabled`, `archived`, `dateCreated`, `dateUpdated`, `uid`) VALUES ('160', 'Entry', '1', '0', '2015-01-13 01:31:34', '2015-01-13 01:31:34', '598222e1-266a-4235-af3d-0a9b3f443b7d');
INSERT INTO `craft_elements` (`id`, `type`, `enabled`, `archived`, `dateCreated`, `dateUpdated`, `uid`) VALUES ('162', 'Asset', '1', '0', '2015-01-13 01:35:50', '2015-01-13 01:35:50', '6b04d5ed-cddf-4cb9-8190-29fb381944de');
INSERT INTO `craft_elements` (`id`, `type`, `enabled`, `archived`, `dateCreated`, `dateUpdated`, `uid`) VALUES ('163', 'Entry', '1', '0', '2015-01-13 01:35:53', '2015-01-13 01:35:53', 'da871329-4005-4e3c-8447-d9c9110afae8');
INSERT INTO `craft_elements` (`id`, `type`, `enabled`, `archived`, `dateCreated`, `dateUpdated`, `uid`) VALUES ('164', 'Entry', '1', '0', '2015-01-13 01:49:48', '2015-01-15 18:10:29', 'd5268c26-6657-4790-8100-b42b76ca116b');
INSERT INTO `craft_elements` (`id`, `type`, `enabled`, `archived`, `dateCreated`, `dateUpdated`, `uid`) VALUES ('165', 'MatrixBlock', '1', '0', '2015-01-13 01:49:48', '2015-01-15 18:10:30', 'e7d15ab5-4324-4260-a497-501985cecfe6');
INSERT INTO `craft_elements` (`id`, `type`, `enabled`, `archived`, `dateCreated`, `dateUpdated`, `uid`) VALUES ('166', 'MatrixBlock', '1', '0', '2015-01-13 01:49:48', '2015-01-15 18:10:30', 'e378be80-2515-4f10-bc51-cc03661dd4d7');
INSERT INTO `craft_elements` (`id`, `type`, `enabled`, `archived`, `dateCreated`, `dateUpdated`, `uid`) VALUES ('167', 'MatrixBlock', '1', '0', '2015-01-13 01:49:48', '2015-01-15 18:10:30', '2b222df2-b8a8-4556-ad59-85d95124822b');
INSERT INTO `craft_elements` (`id`, `type`, `enabled`, `archived`, `dateCreated`, `dateUpdated`, `uid`) VALUES ('168', 'MatrixBlock', '1', '0', '2015-01-13 01:56:38', '2015-01-15 18:10:30', '24153e9f-d5c4-41b5-b19d-7f43dc09cd8a');
INSERT INTO `craft_elements` (`id`, `type`, `enabled`, `archived`, `dateCreated`, `dateUpdated`, `uid`) VALUES ('169', 'Asset', '1', '0', '2015-01-13 02:10:18', '2015-01-13 02:12:36', 'bcc87309-058a-48f3-8d1c-2449642dca96');
INSERT INTO `craft_elements` (`id`, `type`, `enabled`, `archived`, `dateCreated`, `dateUpdated`, `uid`) VALUES ('170', 'Asset', '1', '0', '2015-01-13 02:10:30', '2015-01-13 02:12:32', '8eb00023-c809-4654-b6f2-8493b462fc10');
INSERT INTO `craft_elements` (`id`, `type`, `enabled`, `archived`, `dateCreated`, `dateUpdated`, `uid`) VALUES ('172', 'Asset', '1', '0', '2015-01-13 02:11:03', '2015-01-13 02:12:20', '976041ac-e7af-4e2e-afca-091273810f16');
INSERT INTO `craft_elements` (`id`, `type`, `enabled`, `archived`, `dateCreated`, `dateUpdated`, `uid`) VALUES ('173', 'MatrixBlock', '1', '0', '2015-01-13 02:12:43', '2015-01-15 18:10:29', '691cd1d2-92d4-4555-944e-8262230dfaa6');
INSERT INTO `craft_elements` (`id`, `type`, `enabled`, `archived`, `dateCreated`, `dateUpdated`, `uid`) VALUES ('174', 'Entry', '1', '0', '2015-01-13 02:13:25', '2015-01-13 02:13:25', 'ebfc997d-1a2c-4455-8265-234e5b610892');
INSERT INTO `craft_elements` (`id`, `type`, `enabled`, `archived`, `dateCreated`, `dateUpdated`, `uid`) VALUES ('175', 'MatrixBlock', '1', '0', '2015-01-13 02:29:00', '2015-01-15 18:10:30', '933b284a-7ff8-491e-9f69-ca063905d09d');
INSERT INTO `craft_elements` (`id`, `type`, `enabled`, `archived`, `dateCreated`, `dateUpdated`, `uid`) VALUES ('176', 'MatrixBlock', '1', '0', '2015-01-13 04:15:12', '2015-01-15 18:10:30', '5334db34-3c74-4aaa-8635-331104785070');
INSERT INTO `craft_elements` (`id`, `type`, `enabled`, `archived`, `dateCreated`, `dateUpdated`, `uid`) VALUES ('177', 'MatrixBlock', '1', '0', '2015-01-13 04:16:13', '2015-01-15 18:10:30', '178a1dd2-b0c8-4bba-938b-710618cd41f5');
INSERT INTO `craft_elements` (`id`, `type`, `enabled`, `archived`, `dateCreated`, `dateUpdated`, `uid`) VALUES ('178', 'Asset', '1', '0', '2015-01-13 04:40:22', '2015-01-13 04:43:18', '6785f106-fbac-47b6-9c84-522eacae19e8');
INSERT INTO `craft_elements` (`id`, `type`, `enabled`, `archived`, `dateCreated`, `dateUpdated`, `uid`) VALUES ('179', 'Entry', '1', '0', '2015-01-19 01:58:55', '2015-01-20 01:51:22', '2a6d7fe0-edee-493e-b065-be004bb79ada');
INSERT INTO `craft_elements` (`id`, `type`, `enabled`, `archived`, `dateCreated`, `dateUpdated`, `uid`) VALUES ('180', 'MatrixBlock', '1', '0', '2015-01-19 01:58:55', '2015-01-20 01:51:22', 'f17e4daf-baaf-42d2-ab41-695a02a3ead9');
INSERT INTO `craft_elements` (`id`, `type`, `enabled`, `archived`, `dateCreated`, `dateUpdated`, `uid`) VALUES ('181', 'MatrixBlock', '1', '0', '2015-01-19 01:58:55', '2015-01-20 01:51:22', '9ab26d7a-fe35-4dab-a1a4-c21f2530b7d8');
INSERT INTO `craft_elements` (`id`, `type`, `enabled`, `archived`, `dateCreated`, `dateUpdated`, `uid`) VALUES ('182', 'MatrixBlock', '1', '0', '2015-01-19 01:58:55', '2015-01-20 01:51:22', 'd0eb01e2-a153-4d3e-9221-bdd5fc24ea19');
INSERT INTO `craft_elements` (`id`, `type`, `enabled`, `archived`, `dateCreated`, `dateUpdated`, `uid`) VALUES ('183', 'MatrixBlock', '1', '0', '2015-01-19 01:58:55', '2015-01-20 01:51:22', '403eb8d8-9a3c-4709-a54d-f2ed82c51476');
INSERT INTO `craft_elements` (`id`, `type`, `enabled`, `archived`, `dateCreated`, `dateUpdated`, `uid`) VALUES ('184', 'MatrixBlock', '1', '0', '2015-01-19 02:19:21', '2015-01-20 01:51:22', '1b7098db-9d24-4c89-9054-1fdd672e734f');
INSERT INTO `craft_elements` (`id`, `type`, `enabled`, `archived`, `dateCreated`, `dateUpdated`, `uid`) VALUES ('185', 'Entry', '1', '0', '2015-01-19 03:06:36', '2015-01-19 21:57:46', 'f1e3a505-f659-4d97-b42a-cf4993a1033e');
INSERT INTO `craft_elements` (`id`, `type`, `enabled`, `archived`, `dateCreated`, `dateUpdated`, `uid`) VALUES ('186', 'MatrixBlock', '1', '0', '2015-01-19 03:06:36', '2015-01-19 21:57:46', 'ca3655ff-4c25-41d2-b5c6-59645f3e861c');
INSERT INTO `craft_elements` (`id`, `type`, `enabled`, `archived`, `dateCreated`, `dateUpdated`, `uid`) VALUES ('187', 'MatrixBlock', '1', '0', '2015-01-19 03:16:54', '2015-01-19 21:57:46', 'dc2dfcc1-37a5-471e-8350-328d53e14024');
INSERT INTO `craft_elements` (`id`, `type`, `enabled`, `archived`, `dateCreated`, `dateUpdated`, `uid`) VALUES ('188', 'Asset', '1', '0', '2015-01-19 03:18:06', '2015-01-19 03:32:13', 'd4c9c305-ecfb-4661-9d69-da20f3e7d2a2');
INSERT INTO `craft_elements` (`id`, `type`, `enabled`, `archived`, `dateCreated`, `dateUpdated`, `uid`) VALUES ('189', 'Asset', '1', '0', '2015-01-19 03:18:10', '2015-01-19 03:30:43', 'c86aacf0-2269-4083-bacc-af9e7a11de60');
INSERT INTO `craft_elements` (`id`, `type`, `enabled`, `archived`, `dateCreated`, `dateUpdated`, `uid`) VALUES ('190', 'Asset', '1', '0', '2015-01-19 03:26:48', '2015-01-19 03:31:24', '93cdcd69-27df-459e-b02d-21ba54bd3111');
INSERT INTO `craft_elements` (`id`, `type`, `enabled`, `archived`, `dateCreated`, `dateUpdated`, `uid`) VALUES ('191', 'MatrixBlock', '1', '0', '2015-01-19 03:28:12', '2015-01-19 21:57:46', '579c56ec-ba5f-4bb7-81d4-a35f555cb38f');
INSERT INTO `craft_elements` (`id`, `type`, `enabled`, `archived`, `dateCreated`, `dateUpdated`, `uid`) VALUES ('192', 'MatrixBlock', '1', '0', '2015-01-19 03:28:12', '2015-01-19 21:57:46', '5bae21e6-c5cb-475e-98e5-2f3e26e23e9e');
INSERT INTO `craft_elements` (`id`, `type`, `enabled`, `archived`, `dateCreated`, `dateUpdated`, `uid`) VALUES ('193', 'MatrixBlock', '1', '0', '2015-01-19 21:57:46', '2015-01-19 21:57:46', 'd4f9367e-83cd-43b4-8ba9-7cf7c375cedd');
INSERT INTO `craft_elements` (`id`, `type`, `enabled`, `archived`, `dateCreated`, `dateUpdated`, `uid`) VALUES ('194', 'MatrixBlock', '1', '0', '2015-01-19 22:14:45', '2015-01-20 02:04:16', 'f485263f-f862-4b81-bd48-8e67c5c81c27');
INSERT INTO `craft_elements` (`id`, `type`, `enabled`, `archived`, `dateCreated`, `dateUpdated`, `uid`) VALUES ('195', 'MatrixBlock', '1', '0', '2015-01-19 22:14:46', '2015-01-20 02:04:16', '94d3a34a-b7e5-471c-86f0-f085bcde3f12');
INSERT INTO `craft_elements` (`id`, `type`, `enabled`, `archived`, `dateCreated`, `dateUpdated`, `uid`) VALUES ('196', 'MatrixBlock', '1', '0', '2015-01-19 22:14:46', '2015-01-20 02:04:16', '4debc5e7-05fa-462f-ac24-8e79ebdfdfb8');
INSERT INTO `craft_elements` (`id`, `type`, `enabled`, `archived`, `dateCreated`, `dateUpdated`, `uid`) VALUES ('197', 'Entry', '1', '0', '2015-01-19 22:26:25', '2015-01-20 01:20:06', '870ba7c2-dbdc-4e39-b67f-9aa4685ee000');
INSERT INTO `craft_elements` (`id`, `type`, `enabled`, `archived`, `dateCreated`, `dateUpdated`, `uid`) VALUES ('198', 'MatrixBlock', '1', '0', '2015-01-19 22:26:25', '2015-01-20 01:20:06', 'f697e24e-b90f-4ef1-837e-7ee977e24ab0');
INSERT INTO `craft_elements` (`id`, `type`, `enabled`, `archived`, `dateCreated`, `dateUpdated`, `uid`) VALUES ('199', 'MatrixBlock', '1', '0', '2015-01-19 22:26:25', '2015-01-20 01:20:06', '998572c4-10c6-42fa-9582-4c04f38fafce');
INSERT INTO `craft_elements` (`id`, `type`, `enabled`, `archived`, `dateCreated`, `dateUpdated`, `uid`) VALUES ('200', 'MatrixBlock', '1', '0', '2015-01-19 22:26:25', '2015-01-20 01:20:06', 'c72c2c0a-d75f-4ca2-97e6-6b128a74a629');
INSERT INTO `craft_elements` (`id`, `type`, `enabled`, `archived`, `dateCreated`, `dateUpdated`, `uid`) VALUES ('201', 'MatrixBlock', '1', '0', '2015-01-19 22:26:25', '2015-01-20 01:20:06', 'b612e8fa-4b37-47db-9f20-1bcfa8000250');
INSERT INTO `craft_elements` (`id`, `type`, `enabled`, `archived`, `dateCreated`, `dateUpdated`, `uid`) VALUES ('202', 'Asset', '1', '0', '2015-01-20 01:14:30', '2015-01-20 01:14:30', '7b299706-d233-437d-ab97-2d6bfc2ae82d');
INSERT INTO `craft_elements` (`id`, `type`, `enabled`, `archived`, `dateCreated`, `dateUpdated`, `uid`) VALUES ('203', 'Asset', '1', '0', '2015-01-20 01:14:34', '2015-01-20 01:14:34', 'd48940f4-e639-4a0c-8953-9743bd7a51d3');
INSERT INTO `craft_elements` (`id`, `type`, `enabled`, `archived`, `dateCreated`, `dateUpdated`, `uid`) VALUES ('204', 'Asset', '1', '0', '2015-01-20 01:14:38', '2015-01-20 01:14:38', '77568cdd-b3aa-426b-9d96-288800c180f3');
INSERT INTO `craft_elements` (`id`, `type`, `enabled`, `archived`, `dateCreated`, `dateUpdated`, `uid`) VALUES ('205', 'Asset', '1', '0', '2015-01-20 01:14:42', '2015-01-20 01:14:42', '41430e64-879e-452d-9980-3456ceee9605');
INSERT INTO `craft_elements` (`id`, `type`, `enabled`, `archived`, `dateCreated`, `dateUpdated`, `uid`) VALUES ('206', 'Asset', '1', '0', '2015-01-20 01:14:47', '2015-01-20 01:14:47', 'ed29b223-aab8-4ef5-9424-2224eb02785e');
INSERT INTO `craft_elements` (`id`, `type`, `enabled`, `archived`, `dateCreated`, `dateUpdated`, `uid`) VALUES ('207', 'Asset', '1', '0', '2015-01-20 01:14:59', '2015-01-20 01:14:59', '032c3c63-e6da-4f05-be13-35b1efc563ad');
INSERT INTO `craft_elements` (`id`, `type`, `enabled`, `archived`, `dateCreated`, `dateUpdated`, `uid`) VALUES ('208', 'Asset', '1', '0', '2015-01-20 01:15:03', '2015-01-20 01:15:03', '8cd5fc57-f2f9-44de-be45-b05c1a49847a');
INSERT INTO `craft_elements` (`id`, `type`, `enabled`, `archived`, `dateCreated`, `dateUpdated`, `uid`) VALUES ('209', 'Asset', '1', '0', '2015-01-20 01:15:08', '2015-01-20 01:15:08', '70f78a0b-8c1d-43cf-9742-09a2e85c0be4');
INSERT INTO `craft_elements` (`id`, `type`, `enabled`, `archived`, `dateCreated`, `dateUpdated`, `uid`) VALUES ('210', 'Asset', '1', '0', '2015-01-20 01:15:12', '2015-01-20 01:15:12', '6a2f9812-2f5a-4e13-a34a-cbf74b76c315');
INSERT INTO `craft_elements` (`id`, `type`, `enabled`, `archived`, `dateCreated`, `dateUpdated`, `uid`) VALUES ('211', 'Asset', '1', '0', '2015-01-20 01:15:17', '2015-01-20 01:15:17', '3a09f33e-d847-48d1-a66d-32beedad809a');
INSERT INTO `craft_elements` (`id`, `type`, `enabled`, `archived`, `dateCreated`, `dateUpdated`, `uid`) VALUES ('212', 'MatrixBlock', '1', '0', '2015-01-20 01:20:06', '2015-01-20 01:20:06', 'ed081590-3e5f-4b59-af20-92e121feadc9');
INSERT INTO `craft_elements` (`id`, `type`, `enabled`, `archived`, `dateCreated`, `dateUpdated`, `uid`) VALUES ('213', 'Asset', '1', '0', '2015-01-20 01:22:44', '2015-01-20 01:22:44', 'c91be22a-6e61-48fd-8100-4cd9441a7670');
INSERT INTO `craft_elements` (`id`, `type`, `enabled`, `archived`, `dateCreated`, `dateUpdated`, `uid`) VALUES ('214', 'Asset', '1', '0', '2015-01-20 01:23:52', '2015-01-20 01:25:00', '237f8e4c-d529-498a-9f80-5795c8cbd71a');
INSERT INTO `craft_elements` (`id`, `type`, `enabled`, `archived`, `dateCreated`, `dateUpdated`, `uid`) VALUES ('215', 'Asset', '1', '0', '2015-01-20 01:47:00', '2015-01-20 01:47:38', '376f4e05-7c5e-4877-9e56-51f9fb7ddce4');
INSERT INTO `craft_elements` (`id`, `type`, `enabled`, `archived`, `dateCreated`, `dateUpdated`, `uid`) VALUES ('216', 'Asset', '1', '0', '2015-01-20 01:57:29', '2015-01-20 02:02:51', '39671dcd-8d1c-4a3f-bf15-f76527af86d3');
INSERT INTO `craft_elements` (`id`, `type`, `enabled`, `archived`, `dateCreated`, `dateUpdated`, `uid`) VALUES ('217', 'Asset', '1', '0', '2015-01-20 01:57:33', '2015-01-20 01:57:33', 'dd9caa07-8d2e-4e56-b3bb-a9b948acba20');
INSERT INTO `craft_elements` (`id`, `type`, `enabled`, `archived`, `dateCreated`, `dateUpdated`, `uid`) VALUES ('218', 'Asset', '1', '0', '2015-01-20 01:58:08', '2015-01-20 02:02:24', '88d3a157-88ee-4c7c-b399-7fbc0a569b88');
INSERT INTO `craft_elements` (`id`, `type`, `enabled`, `archived`, `dateCreated`, `dateUpdated`, `uid`) VALUES ('220', 'Asset', '1', '0', '2015-01-20 01:58:17', '2015-01-20 02:03:23', '4146b6d9-6d2a-4f28-a9fa-722aa3aeb931');
INSERT INTO `craft_elements` (`id`, `type`, `enabled`, `archived`, `dateCreated`, `dateUpdated`, `uid`) VALUES ('221', 'MatrixBlock', '1', '0', '2015-01-20 02:00:24', '2015-01-20 02:04:16', '046d2298-a508-41be-900e-d636e8888fed');
INSERT INTO `craft_elements` (`id`, `type`, `enabled`, `archived`, `dateCreated`, `dateUpdated`, `uid`) VALUES ('222', 'Asset', '1', '0', '2015-01-20 02:08:12', '2015-01-20 02:09:15', '1bfb4fbd-0d98-4eb9-a523-77967cf02414');
INSERT INTO `craft_elements` (`id`, `type`, `enabled`, `archived`, `dateCreated`, `dateUpdated`, `uid`) VALUES ('223', 'Entry', '1', '0', '2015-01-20 02:14:24', '2015-01-20 02:15:22', '4609f507-eff6-41fb-adc6-ea591d3c7415');
INSERT INTO `craft_elements` (`id`, `type`, `enabled`, `archived`, `dateCreated`, `dateUpdated`, `uid`) VALUES ('224', 'MatrixBlock', '1', '0', '2015-01-20 02:14:24', '2015-01-20 02:15:22', '636c5fa0-c023-4215-b2ce-21d1c596ae39');
INSERT INTO `craft_elements` (`id`, `type`, `enabled`, `archived`, `dateCreated`, `dateUpdated`, `uid`) VALUES ('225', 'MatrixBlock', '1', '0', '2015-01-20 02:14:24', '2015-01-20 02:15:22', '6863b644-dfc5-4856-9fe4-f99567111516');
INSERT INTO `craft_elements` (`id`, `type`, `enabled`, `archived`, `dateCreated`, `dateUpdated`, `uid`) VALUES ('226', 'MatrixBlock', '1', '0', '2015-01-20 02:14:24', '2015-01-20 02:15:22', 'd1a1c163-7a33-43e7-88d4-92b9bbc4a0e9');
INSERT INTO `craft_elements` (`id`, `type`, `enabled`, `archived`, `dateCreated`, `dateUpdated`, `uid`) VALUES ('227', 'MatrixBlock', '1', '0', '2015-01-20 02:14:24', '2015-01-20 02:15:22', '48e54d9e-951b-408c-9078-b21f5293eb0f');
INSERT INTO `craft_elements` (`id`, `type`, `enabled`, `archived`, `dateCreated`, `dateUpdated`, `uid`) VALUES ('228', 'Asset', '1', '0', '2015-01-20 02:24:02', '2015-01-20 02:27:50', '761657fd-423b-4687-af46-483748df9246');
INSERT INTO `craft_elements` (`id`, `type`, `enabled`, `archived`, `dateCreated`, `dateUpdated`, `uid`) VALUES ('229', 'Asset', '1', '0', '2015-01-20 02:24:06', '2015-01-20 02:26:17', '82c3db18-7bb9-4c88-8e64-f7a391077c49');
INSERT INTO `craft_elements` (`id`, `type`, `enabled`, `archived`, `dateCreated`, `dateUpdated`, `uid`) VALUES ('230', 'Asset', '1', '0', '2015-01-20 02:24:10', '2015-01-20 02:28:14', 'f170d3e8-609e-456f-9ff6-8091de3694c0');
INSERT INTO `craft_elements` (`id`, `type`, `enabled`, `archived`, `dateCreated`, `dateUpdated`, `uid`) VALUES ('231', 'Asset', '1', '0', '2015-01-20 02:24:14', '2015-01-20 02:28:54', '8f5be42f-dbef-4681-bcce-8cda96b2235b');
INSERT INTO `craft_elements` (`id`, `type`, `enabled`, `archived`, `dateCreated`, `dateUpdated`, `uid`) VALUES ('232', 'Asset', '1', '0', '2015-01-20 02:24:18', '2015-01-20 02:28:39', '5a886cfd-6102-49a3-a125-a63ebc186d7f');
INSERT INTO `craft_elements` (`id`, `type`, `enabled`, `archived`, `dateCreated`, `dateUpdated`, `uid`) VALUES ('233', 'Asset', '1', '0', '2015-01-20 02:25:22', '2015-01-20 02:28:24', 'f684e178-37c6-416c-b6c5-6735a05a8198');
INSERT INTO `craft_elements` (`id`, `type`, `enabled`, `archived`, `dateCreated`, `dateUpdated`, `uid`) VALUES ('234', 'Entry', '1', '0', '2015-01-20 02:28:56', '2015-01-20 02:29:57', '7cc510d5-3d32-44e5-a063-4694f8cc3a48');
INSERT INTO `craft_elements` (`id`, `type`, `enabled`, `archived`, `dateCreated`, `dateUpdated`, `uid`) VALUES ('235', 'MatrixBlock', '1', '0', '2015-01-20 02:28:56', '2015-01-20 02:29:57', '69730874-ef0f-4745-be4a-31cf88456fb0');
INSERT INTO `craft_elements` (`id`, `type`, `enabled`, `archived`, `dateCreated`, `dateUpdated`, `uid`) VALUES ('236', 'MatrixBlock', '1', '0', '2015-01-20 02:28:56', '2015-01-20 02:29:57', 'b7769d0e-2d27-423e-afb3-2ffb3eef8a0d');
INSERT INTO `craft_elements` (`id`, `type`, `enabled`, `archived`, `dateCreated`, `dateUpdated`, `uid`) VALUES ('237', 'MatrixBlock', '1', '0', '2015-01-20 02:28:56', '2015-01-20 02:29:57', '5e4129ca-1b1f-4de5-a897-be1d47fbdad4');



DROP TABLE IF EXISTS `craft_elements_i18n`;


--
-- Schema for table `craft_elements_i18n`
--
CREATE TABLE `craft_elements_i18n` (
  `id` int(11) NOT NULL AUTO_INCREMENT,
  `elementId` int(11) NOT NULL,
  `locale` char(12) COLLATE utf8_unicode_ci NOT NULL,
  `slug` varchar(255) COLLATE utf8_unicode_ci DEFAULT NULL,
  `uri` varchar(255) COLLATE utf8_unicode_ci DEFAULT NULL,
  `enabled` tinyint(1) unsigned NOT NULL DEFAULT '1',
  `dateCreated` datetime NOT NULL,
  `dateUpdated` datetime NOT NULL,
  `uid` char(36) COLLATE utf8_unicode_ci NOT NULL DEFAULT '0',
  PRIMARY KEY (`id`),
  UNIQUE KEY `craft_elements_i18n_elementId_locale_unq_idx` (`elementId`,`locale`),
  UNIQUE KEY `craft_elements_i18n_uri_locale_unq_idx` (`uri`,`locale`),
  KEY `craft_elements_i18n_slug_locale_idx` (`slug`,`locale`),
  KEY `craft_elements_i18n_enabled_idx` (`enabled`),
  KEY `craft_elements_i18n_locale_fk` (`locale`)
) ENGINE=InnoDB AUTO_INCREMENT=238 DEFAULT CHARSET=utf8 COLLATE=utf8_unicode_ci;

--
-- Data for table `craft_elements_i18n`
--

INSERT INTO `craft_elements_i18n` (`id`, `elementId`, `locale`, `slug`, `uri`, `enabled`, `dateCreated`, `dateUpdated`, `uid`) VALUES ('1', '1', 'en_us', '', NULL, '1', '2014-11-26 00:20:27', '2014-11-26 00:20:27', '8edb56bc-4b37-42e2-98c6-f58d30600bc0');
INSERT INTO `craft_elements_i18n` (`id`, `elementId`, `locale`, `slug`, `uri`, `enabled`, `dateCreated`, `dateUpdated`, `uid`) VALUES ('2', '2', 'en_us', 'homepage', '__home__', '1', '2014-11-26 00:20:30', '2015-01-03 03:04:08', 'cfa5cb7b-1716-437f-b10e-c5c3d4605296');
INSERT INTO `craft_elements_i18n` (`id`, `elementId`, `locale`, `slug`, `uri`, `enabled`, `dateCreated`, `dateUpdated`, `uid`) VALUES ('3', '3', 'en_us', 'we-just-installed-craft', 'news/2014/we-just-installed-craft', '1', '2014-11-26 00:20:30', '2014-11-26 00:45:55', '971b5df5-0a26-4791-8826-56fad3547bb0');
INSERT INTO `craft_elements_i18n` (`id`, `elementId`, `locale`, `slug`, `uri`, `enabled`, `dateCreated`, `dateUpdated`, `uid`) VALUES ('4', '4', 'en_us', '', NULL, '1', '2014-11-26 00:48:53', '2014-11-30 23:16:23', '1695405d-f2ba-4661-8d7d-c5b8f9954beb');
INSERT INTO `craft_elements_i18n` (`id`, `elementId`, `locale`, `slug`, `uri`, `enabled`, `dateCreated`, `dateUpdated`, `uid`) VALUES ('5', '5', 'en_us', 'nlh44-1', NULL, '1', '2014-11-26 00:57:58', '2014-11-26 00:57:58', '1f1e6a1b-d65f-4acb-b825-d16406c78c15');
INSERT INTO `craft_elements_i18n` (`id`, `elementId`, `locale`, `slug`, `uri`, `enabled`, `dateCreated`, `dateUpdated`, `uid`) VALUES ('16', '16', 'en_us', 'black-hole', NULL, '1', '2014-12-27 04:54:26', '2014-12-27 04:54:26', '0bdd6669-f3c7-4cdd-8ccd-7cb6d4d4126a');
INSERT INTO `craft_elements_i18n` (`id`, `elementId`, `locale`, `slug`, `uri`, `enabled`, `dateCreated`, `dateUpdated`, `uid`) VALUES ('17', '17', 'en_us', 'strogatz', NULL, '1', '2014-12-27 04:54:52', '2014-12-27 04:54:52', 'bdc3183a-fda4-4bb2-9fad-3aee8e62f8ef');
INSERT INTO `craft_elements_i18n` (`id`, `elementId`, `locale`, `slug`, `uri`, `enabled`, `dateCreated`, `dateUpdated`, `uid`) VALUES ('18', '18', 'en_us', 'my-story-icon', NULL, '1', '2014-12-27 04:55:02', '2014-12-27 04:55:02', '74612a45-f656-45ac-a51d-bb00af84c34a');
INSERT INTO `craft_elements_i18n` (`id`, `elementId`, `locale`, `slug`, `uri`, `enabled`, `dateCreated`, `dateUpdated`, `uid`) VALUES ('20', '20', 'en_us', 'philosophy', NULL, '1', '2014-12-27 04:55:59', '2014-12-27 04:55:59', 'beef65d8-7e37-4e15-adff-7330912c8d11');
INSERT INTO `craft_elements_i18n` (`id`, `elementId`, `locale`, `slug`, `uri`, `enabled`, `dateCreated`, `dateUpdated`, `uid`) VALUES ('21', '21', 'en_us', 'fukuyama', NULL, '1', '2014-12-27 04:56:06', '2014-12-27 04:56:06', 'a7bdfbc6-4980-453c-8361-ff1fdbfe0912');
INSERT INTO `craft_elements_i18n` (`id`, `elementId`, `locale`, `slug`, `uri`, `enabled`, `dateCreated`, `dateUpdated`, `uid`) VALUES ('22', '22', 'en_us', 'casts', NULL, '1', '2014-12-27 04:56:11', '2014-12-27 04:56:11', 'e56e09c2-c086-4e6c-b5db-20e1f8d30de0');
INSERT INTO `craft_elements_i18n` (`id`, `elementId`, `locale`, `slug`, `uri`, `enabled`, `dateCreated`, `dateUpdated`, `uid`) VALUES ('23', '23', 'en_us', 'troll-house', 'gardens/troll-house', '1', '2014-12-27 04:56:35', '2015-01-20 02:04:16', '51e739f2-668d-4ce8-ace3-f0c3edb31189');
INSERT INTO `craft_elements_i18n` (`id`, `elementId`, `locale`, `slug`, `uri`, `enabled`, `dateCreated`, `dateUpdated`, `uid`) VALUES ('35', '35', 'en_us', 'school', 'program-type/school', '1', '2014-12-31 17:55:20', '2014-12-31 17:55:20', 'f3c260b0-f486-4872-b543-862632429cab');
INSERT INTO `craft_elements_i18n` (`id`, `elementId`, `locale`, `slug`, `uri`, `enabled`, `dateCreated`, `dateUpdated`, `uid`) VALUES ('36', '36', 'en_us', 'after-school', 'program-type/after-school', '1', '2014-12-31 17:55:30', '2014-12-31 17:56:50', '287f8d74-d698-44c4-b28b-0db9bb6e1ee4');
INSERT INTO `craft_elements_i18n` (`id`, `elementId`, `locale`, `slug`, `uri`, `enabled`, `dateCreated`, `dateUpdated`, `uid`) VALUES ('37', '37', 'en_us', 'adult-education', 'program-type/adult-education', '1', '2014-12-31 17:55:44', '2014-12-31 17:55:44', 'c8e98734-a766-490b-af64-cf17d1bd40d3');
INSERT INTO `craft_elements_i18n` (`id`, `elementId`, `locale`, `slug`, `uri`, `enabled`, `dateCreated`, `dateUpdated`, `uid`) VALUES ('38', '38', 'en_us', 'summer-camp', 'program-type/summer-camp', '1', '2014-12-31 17:55:58', '2014-12-31 17:55:58', '1cb0f4e2-fc8a-4aae-a1cc-d591424e2838');
INSERT INTO `craft_elements_i18n` (`id`, `elementId`, `locale`, `slug`, `uri`, `enabled`, `dateCreated`, `dateUpdated`, `uid`) VALUES ('39', '39', 'en_us', 'family', 'program-type/family', '1', '2014-12-31 17:56:28', '2014-12-31 17:56:28', 'e1a2891f-b4a2-438e-ad25-ce5609029cdd');
INSERT INTO `craft_elements_i18n` (`id`, `elementId`, `locale`, `slug`, `uri`, `enabled`, `dateCreated`, `dateUpdated`, `uid`) VALUES ('40', '40', 'en_us', 'drop-off', 'program-type/drop-off', '1', '2014-12-31 17:56:35', '2014-12-31 17:56:35', 'db012c54-3e4d-4e11-ae81-0ab32bba010d');
INSERT INTO `craft_elements_i18n` (`id`, `elementId`, `locale`, `slug`, `uri`, `enabled`, `dateCreated`, `dateUpdated`, `uid`) VALUES ('41', '41', 'en_us', 'little-troll-monsters', 'programs/little-troll-monsters', '1', '2014-12-31 18:09:28', '2015-01-10 18:47:00', '78cf1559-3a37-468d-ae41-aa1ce554d4b2');
INSERT INTO `craft_elements_i18n` (`id`, `elementId`, `locale`, `slug`, `uri`, `enabled`, `dateCreated`, `dateUpdated`, `uid`) VALUES ('42', '42', 'en_us', '', NULL, '1', '2014-12-31 18:09:28', '2015-01-10 18:47:00', 'f775c017-4031-4263-94e5-103d1a1953bf');
INSERT INTO `craft_elements_i18n` (`id`, `elementId`, `locale`, `slug`, `uri`, `enabled`, `dateCreated`, `dateUpdated`, `uid`) VALUES ('43', '43', 'en_us', '', NULL, '1', '2014-12-31 18:09:28', '2015-01-10 18:47:00', 'cdfd6d67-a29d-4c35-baf7-07b5b42cf809');
INSERT INTO `craft_elements_i18n` (`id`, `elementId`, `locale`, `slug`, `uri`, `enabled`, `dateCreated`, `dateUpdated`, `uid`) VALUES ('44', '44', 'en_us', '', NULL, '1', '2014-12-31 18:09:28', '2015-01-10 18:47:01', '5d84dcbf-dfe2-4142-9f3c-9f8cc5772cc4');
INSERT INTO `craft_elements_i18n` (`id`, `elementId`, `locale`, `slug`, `uri`, `enabled`, `dateCreated`, `dateUpdated`, `uid`) VALUES ('45', '45', 'en_us', 'cast-video', NULL, '1', '2014-12-31 18:12:21', '2014-12-31 18:12:21', '538ec547-5382-4479-a2d3-85b2a59d4a44');
INSERT INTO `craft_elements_i18n` (`id`, `elementId`, `locale`, `slug`, `uri`, `enabled`, `dateCreated`, `dateUpdated`, `uid`) VALUES ('46', '46', 'en_us', '', NULL, '1', '2014-12-31 18:13:17', '2015-01-10 18:47:00', '76b9ac87-95be-40aa-a2e8-d867fef1bca7');
INSERT INTO `craft_elements_i18n` (`id`, `elementId`, `locale`, `slug`, `uri`, `enabled`, `dateCreated`, `dateUpdated`, `uid`) VALUES ('47', '47', 'en_us', '', NULL, '1', '2014-12-31 18:13:17', '2015-01-10 18:47:01', '1c19f9f1-dff1-4689-8562-2930ff555a1c');
INSERT INTO `craft_elements_i18n` (`id`, `elementId`, `locale`, `slug`, `uri`, `enabled`, `dateCreated`, `dateUpdated`, `uid`) VALUES ('49', '49', 'en_us', 'honaz-2', NULL, '1', '2015-01-02 03:24:49', '2015-01-02 03:24:49', '2a7a98dc-1d38-4f56-9218-fae330f1c9dd');
INSERT INTO `craft_elements_i18n` (`id`, `elementId`, `locale`, `slug`, `uri`, `enabled`, `dateCreated`, `dateUpdated`, `uid`) VALUES ('50', '50', 'en_us', '', NULL, '1', '2015-01-02 03:24:56', '2015-01-10 18:47:00', 'd9a63836-68ab-41a4-9ba9-3f5d9e8ded73');
INSERT INTO `craft_elements_i18n` (`id`, `elementId`, `locale`, `slug`, `uri`, `enabled`, `dateCreated`, `dateUpdated`, `uid`) VALUES ('51', '51', 'en_us', 'bulb-lab', NULL, '1', '2015-01-02 03:40:28', '2015-01-11 16:21:43', '79dda674-0fec-4ff2-a39b-ddce88699e13');
INSERT INTO `craft_elements_i18n` (`id`, `elementId`, `locale`, `slug`, `uri`, `enabled`, `dateCreated`, `dateUpdated`, `uid`) VALUES ('52', '52', 'en_us', 'honaz-1', NULL, '1', '2015-01-02 17:57:39', '2015-01-02 17:58:16', 'dc85c911-38f6-4e27-acb2-4988d37e8f74');
INSERT INTO `craft_elements_i18n` (`id`, `elementId`, `locale`, `slug`, `uri`, `enabled`, `dateCreated`, `dateUpdated`, `uid`) VALUES ('53', '53', 'en_us', 'bonkers-ville-rambling', 'programs/bonkers-ville-rambling', '1', '2015-01-02 19:11:59', '2015-01-11 16:23:29', '0323081b-4276-461a-ab61-5f0850456b34');
INSERT INTO `craft_elements_i18n` (`id`, `elementId`, `locale`, `slug`, `uri`, `enabled`, `dateCreated`, `dateUpdated`, `uid`) VALUES ('54', '54', 'en_us', '', NULL, '1', '2015-01-02 19:11:59', '2015-01-11 16:23:29', 'b171a243-3bbe-415c-b603-92f6dd45a674');
INSERT INTO `craft_elements_i18n` (`id`, `elementId`, `locale`, `slug`, `uri`, `enabled`, `dateCreated`, `dateUpdated`, `uid`) VALUES ('55', '55', 'en_us', '', NULL, '1', '2015-01-02 19:11:59', '2015-01-11 16:23:29', '2d4e3fd7-7536-4e38-ba07-d0004a7de42f');
INSERT INTO `craft_elements_i18n` (`id`, `elementId`, `locale`, `slug`, `uri`, `enabled`, `dateCreated`, `dateUpdated`, `uid`) VALUES ('56', '56', 'en_us', '', NULL, '1', '2015-01-02 19:11:59', '2015-01-11 16:23:29', '0e434aa9-a49b-419b-929c-449669eb1d05');
INSERT INTO `craft_elements_i18n` (`id`, `elementId`, `locale`, `slug`, `uri`, `enabled`, `dateCreated`, `dateUpdated`, `uid`) VALUES ('57', '57', 'en_us', '', NULL, '1', '2015-01-02 19:11:59', '2015-01-11 16:23:29', 'd48fc263-9e2b-4fd2-832f-923f7761950f');
INSERT INTO `craft_elements_i18n` (`id`, `elementId`, `locale`, `slug`, `uri`, `enabled`, `dateCreated`, `dateUpdated`, `uid`) VALUES ('59', '59', 'en_us', 'little-troll-monsters-1', 'dates/little-troll-monsters-1', '1', '2015-01-02 19:50:51', '2015-01-04 22:23:02', '39e803a5-4f3b-48d7-bc45-77d0bf0368fe');
INSERT INTO `craft_elements_i18n` (`id`, `elementId`, `locale`, `slug`, `uri`, `enabled`, `dateCreated`, `dateUpdated`, `uid`) VALUES ('60', '60', 'en_us', 'little-troll-monsters-2', 'dates/little-troll-monsters-2', '1', '2015-01-02 20:23:08', '2015-01-04 15:44:38', '62c6daa0-d10c-4e45-bdcc-7237c3f75214');
INSERT INTO `craft_elements_i18n` (`id`, `elementId`, `locale`, `slug`, `uri`, `enabled`, `dateCreated`, `dateUpdated`, `uid`) VALUES ('61', '61', 'en_us', 'bonkers-ville-rambling-1-16', 'dates/bonkers-ville-rambling-1-16', '1', '2015-01-02 20:25:12', '2015-01-04 15:44:38', '9514afb7-6cee-44fc-be92-7032d2ab6c3d');
INSERT INTO `craft_elements_i18n` (`id`, `elementId`, `locale`, `slug`, `uri`, `enabled`, `dateCreated`, `dateUpdated`, `uid`) VALUES ('62', '62', 'en_us', 'bonkers-ville-rambling-2-12', 'dates/bonkers-ville-rambling-2-12', '1', '2015-01-02 20:25:33', '2015-01-04 15:44:38', 'e49dd547-62c8-4c94-9aad-71a4f5549c84');
INSERT INTO `craft_elements_i18n` (`id`, `elementId`, `locale`, `slug`, `uri`, `enabled`, `dateCreated`, `dateUpdated`, `uid`) VALUES ('63', '63', 'en_us', 'bonkers-ville-rambling-3-11', 'dates/bonkers-ville-rambling-3-11', '1', '2015-01-02 20:25:54', '2015-01-04 15:44:38', '9514d5d0-1a4f-42e8-90a5-6c0c811fd527');
INSERT INTO `craft_elements_i18n` (`id`, `elementId`, `locale`, `slug`, `uri`, `enabled`, `dateCreated`, `dateUpdated`, `uid`) VALUES ('64', '64', 'en_us', 'boy-onion', NULL, '1', '2015-01-03 02:58:20', '2015-01-03 22:08:52', '404c818e-c37f-4301-8abd-7cd201e5930b');
INSERT INTO `craft_elements_i18n` (`id`, `elementId`, `locale`, `slug`, `uri`, `enabled`, `dateCreated`, `dateUpdated`, `uid`) VALUES ('65', '65', 'en_us', 'programs', 'featured-link-blocks/programs', '1', '2015-01-03 02:59:22', '2015-01-04 22:58:39', 'f030ec79-c8a7-462c-88bb-e4ff4ac79ece');
INSERT INTO `craft_elements_i18n` (`id`, `elementId`, `locale`, `slug`, `uri`, `enabled`, `dateCreated`, `dateUpdated`, `uid`) VALUES ('66', '66', 'en_us', '', NULL, '1', '2015-01-03 02:59:22', '2015-01-04 22:58:39', '823e17b4-17c7-499b-9b11-2bacaa6351ad');
INSERT INTO `craft_elements_i18n` (`id`, `elementId`, `locale`, `slug`, `uri`, `enabled`, `dateCreated`, `dateUpdated`, `uid`) VALUES ('67', '67', 'en_us', 'honaz', NULL, '1', '2015-01-03 03:02:49', '2015-01-03 22:09:35', '6201e6e4-98f6-4539-bee7-f0b8401478f2');
INSERT INTO `craft_elements_i18n` (`id`, `elementId`, `locale`, `slug`, `uri`, `enabled`, `dateCreated`, `dateUpdated`, `uid`) VALUES ('68', '68', 'en_us', 'honaz', 'featured-link-blocks/honaz', '1', '2015-01-03 03:03:48', '2015-01-03 15:18:19', '2647f4cc-ab46-4ad8-8540-c708b5bc61a0');
INSERT INTO `craft_elements_i18n` (`id`, `elementId`, `locale`, `slug`, `uri`, `enabled`, `dateCreated`, `dateUpdated`, `uid`) VALUES ('69', '69', 'en_us', '', NULL, '1', '2015-01-03 03:03:48', '2015-01-03 03:03:48', 'bd71b431-3e93-4978-bad1-cfac43adbfcc');
INSERT INTO `craft_elements_i18n` (`id`, `elementId`, `locale`, `slug`, `uri`, `enabled`, `dateCreated`, `dateUpdated`, `uid`) VALUES ('70', '70', 'en_us', 'wildflower-garden', NULL, '1', '2015-01-03 04:12:51', '2015-01-03 22:10:22', '0b65ff0c-fbda-4f73-be33-c361f6215af8');
INSERT INTO `craft_elements_i18n` (`id`, `elementId`, `locale`, `slug`, `uri`, `enabled`, `dateCreated`, `dateUpdated`, `uid`) VALUES ('71', '71', 'en_us', 'the-garden', 'featured-link-blocks/the-garden', '1', '2015-01-03 04:13:47', '2015-01-03 04:17:04', 'ba8b0416-77ac-44c0-bf09-f04a1558e8f7');
INSERT INTO `craft_elements_i18n` (`id`, `elementId`, `locale`, `slug`, `uri`, `enabled`, `dateCreated`, `dateUpdated`, `uid`) VALUES ('72', '72', 'en_us', '', NULL, '1', '2015-01-03 04:13:47', '2015-01-03 04:17:04', '1cc09c4f-c4c1-41af-8f3c-8a68adaa83ce');
INSERT INTO `craft_elements_i18n` (`id`, `elementId`, `locale`, `slug`, `uri`, `enabled`, `dateCreated`, `dateUpdated`, `uid`) VALUES ('73', '73', 'en_us', 'fire-and-ice', NULL, '1', '2015-01-03 04:29:17', '2015-01-03 22:09:12', 'e88fcc11-eecf-492a-ab5e-16ed13aa3a8f');
INSERT INTO `craft_elements_i18n` (`id`, `elementId`, `locale`, `slug`, `uri`, `enabled`, `dateCreated`, `dateUpdated`, `uid`) VALUES ('74', '74', 'en_us', 'fire-and-ice-festival', 'featured-link-blocks/fire-and-ice-festival', '1', '2015-01-03 04:30:07', '2015-01-03 15:17:59', '902f5b22-f29b-415d-a68f-0ffc59dd4a1a');
INSERT INTO `craft_elements_i18n` (`id`, `elementId`, `locale`, `slug`, `uri`, `enabled`, `dateCreated`, `dateUpdated`, `uid`) VALUES ('75', '75', 'en_us', '', NULL, '1', '2015-01-03 04:30:07', '2015-01-03 15:17:59', '5bf32100-5544-43fb-98c2-45809316563a');
INSERT INTO `craft_elements_i18n` (`id`, `elementId`, `locale`, `slug`, `uri`, `enabled`, `dateCreated`, `dateUpdated`, `uid`) VALUES ('76', '76', 'en_us', 'kids-and-chicken', NULL, '1', '2015-01-03 04:32:29', '2015-01-03 22:09:59', '41333a7a-1a30-4a9e-b0cf-2175b92084b0');
INSERT INTO `craft_elements_i18n` (`id`, `elementId`, `locale`, `slug`, `uri`, `enabled`, `dateCreated`, `dateUpdated`, `uid`) VALUES ('77', '77', 'en_us', 'blog', 'featured-link-blocks/blog', '1', '2015-01-03 04:33:20', '2015-01-03 15:18:17', '5426d0c4-9197-4967-bf44-49400864c7ec');
INSERT INTO `craft_elements_i18n` (`id`, `elementId`, `locale`, `slug`, `uri`, `enabled`, `dateCreated`, `dateUpdated`, `uid`) VALUES ('78', '78', 'en_us', '', NULL, '1', '2015-01-03 04:33:20', '2015-01-03 04:33:20', 'aa4d91d3-e543-4208-a238-48d47bcb0d46');
INSERT INTO `craft_elements_i18n` (`id`, `elementId`, `locale`, `slug`, `uri`, `enabled`, `dateCreated`, `dateUpdated`, `uid`) VALUES ('79', '79', 'en_us', 'tadpole-pond', NULL, '1', '2015-01-03 04:35:34', '2015-01-03 22:10:12', 'e5d12fc1-47bb-4564-acb5-96d45eecf5a9');
INSERT INTO `craft_elements_i18n` (`id`, `elementId`, `locale`, `slug`, `uri`, `enabled`, `dateCreated`, `dateUpdated`, `uid`) VALUES ('80', '80', 'en_us', 'volunteer', 'featured-link-blocks/volunteer', '1', '2015-01-03 04:36:25', '2015-01-03 04:36:25', '4fbe86de-e3e4-408f-a64c-3a8f142f6837');
INSERT INTO `craft_elements_i18n` (`id`, `elementId`, `locale`, `slug`, `uri`, `enabled`, `dateCreated`, `dateUpdated`, `uid`) VALUES ('81', '81', 'en_us', '', NULL, '1', '2015-01-03 04:36:25', '2015-01-03 04:36:25', 'bd6eaf0d-e13a-44c6-bd7c-73bfb977c2f2');
INSERT INTO `craft_elements_i18n` (`id`, `elementId`, `locale`, `slug`, `uri`, `enabled`, `dateCreated`, `dateUpdated`, `uid`) VALUES ('82', '82', 'en_us', 'home', 'main-navigation/home', '1', '2015-01-03 06:09:35', '2015-01-03 06:09:35', '0d88db01-ac52-42e3-85de-a87af0c8a932');
INSERT INTO `craft_elements_i18n` (`id`, `elementId`, `locale`, `slug`, `uri`, `enabled`, `dateCreated`, `dateUpdated`, `uid`) VALUES ('83', '83', 'en_us', 'programs', 'main-navigation/programs', '1', '2015-01-03 06:10:15', '2015-01-07 03:48:24', '88dadfc9-3ff0-4f80-9876-daccc1f2718b');
INSERT INTO `craft_elements_i18n` (`id`, `elementId`, `locale`, `slug`, `uri`, `enabled`, `dateCreated`, `dateUpdated`, `uid`) VALUES ('84', '84', 'en_us', 'blog', 'main-navigation/blog', '1', '2015-01-03 06:10:44', '2015-01-13 02:17:00', '68f19bb9-a701-40a6-a566-02b54a37cfb3');
INSERT INTO `craft_elements_i18n` (`id`, `elementId`, `locale`, `slug`, `uri`, `enabled`, `dateCreated`, `dateUpdated`, `uid`) VALUES ('85', '85', 'en_us', 'girl-tossing-salad', NULL, '1', '2015-01-03 15:56:01', '2015-01-03 15:56:01', '7b065ffa-87f7-4115-8933-68cc0072c55c');
INSERT INTO `craft_elements_i18n` (`id`, `elementId`, `locale`, `slug`, `uri`, `enabled`, `dateCreated`, `dateUpdated`, `uid`) VALUES ('86', '86', 'en_us', 'about', 'about', '1', '2015-01-03 15:59:38', '2015-01-03 21:52:30', '244604be-3e11-49cb-a4c1-0058cf219bc8');
INSERT INTO `craft_elements_i18n` (`id`, `elementId`, `locale`, `slug`, `uri`, `enabled`, `dateCreated`, `dateUpdated`, `uid`) VALUES ('87', '87', 'en_us', '', NULL, '1', '2015-01-03 15:59:38', '2015-01-03 17:55:20', '4c9fdf1a-1dcf-4609-9d95-a95d72cbcca7');
INSERT INTO `craft_elements_i18n` (`id`, `elementId`, `locale`, `slug`, `uri`, `enabled`, `dateCreated`, `dateUpdated`, `uid`) VALUES ('88', '88', 'en_us', '', NULL, '1', '2015-01-03 15:59:38', '2015-01-03 17:55:20', '8be36568-c03c-4cdb-a3f4-1be36c7cc214');
INSERT INTO `craft_elements_i18n` (`id`, `elementId`, `locale`, `slug`, `uri`, `enabled`, `dateCreated`, `dateUpdated`, `uid`) VALUES ('89', '89', 'en_us', '', NULL, '1', '2015-01-03 15:59:38', '2015-01-03 17:55:20', '2b3333e8-7b0d-4592-945a-6a721ac7d478');
INSERT INTO `craft_elements_i18n` (`id`, `elementId`, `locale`, `slug`, `uri`, `enabled`, `dateCreated`, `dateUpdated`, `uid`) VALUES ('90', '90', 'en_us', '', NULL, '1', '2015-01-03 15:59:38', '2015-01-03 17:55:20', '62ee4601-258a-4657-bf8e-05ee3df9ae04');
INSERT INTO `craft_elements_i18n` (`id`, `elementId`, `locale`, `slug`, `uri`, `enabled`, `dateCreated`, `dateUpdated`, `uid`) VALUES ('91', '91', 'en_us', '', NULL, '1', '2015-01-03 15:59:38', '2015-01-03 17:55:20', 'bcdf0206-3814-4d0b-977b-e8215171596b');
INSERT INTO `craft_elements_i18n` (`id`, `elementId`, `locale`, `slug`, `uri`, `enabled`, `dateCreated`, `dateUpdated`, `uid`) VALUES ('92', '92', 'en_us', 'about', 'main-navigation/about', '1', '2015-01-03 17:38:51', '2015-01-03 17:53:38', 'c3d9ecce-c878-4aba-8a62-192136673bf3');
INSERT INTO `craft_elements_i18n` (`id`, `elementId`, `locale`, `slug`, `uri`, `enabled`, `dateCreated`, `dateUpdated`, `uid`) VALUES ('93', '93', 'en_us', 'giving-to-the-garden', 'giving-to-the-garden', '1', '2015-01-03 17:50:35', '2015-01-03 21:52:30', 'b7aac073-8d98-4f1f-8623-63ddc5aac3fb');
INSERT INTO `craft_elements_i18n` (`id`, `elementId`, `locale`, `slug`, `uri`, `enabled`, `dateCreated`, `dateUpdated`, `uid`) VALUES ('94', '94', 'en_us', '', NULL, '1', '2015-01-03 17:50:35', '2015-01-03 17:50:35', '9b2762f3-fc9d-4496-b3fb-c96c44bce716');
INSERT INTO `craft_elements_i18n` (`id`, `elementId`, `locale`, `slug`, `uri`, `enabled`, `dateCreated`, `dateUpdated`, `uid`) VALUES ('95', '95', 'en_us', '', NULL, '1', '2015-01-03 17:50:35', '2015-01-03 17:50:35', '9405bdab-1029-4aa9-89be-b19dfe5c8246');
INSERT INTO `craft_elements_i18n` (`id`, `elementId`, `locale`, `slug`, `uri`, `enabled`, `dateCreated`, `dateUpdated`, `uid`) VALUES ('96', '96', 'en_us', '', NULL, '1', '2015-01-03 17:50:35', '2015-01-03 17:50:35', '47299a72-beac-47a2-8dd2-9c57f14bf4c2');
INSERT INTO `craft_elements_i18n` (`id`, `elementId`, `locale`, `slug`, `uri`, `enabled`, `dateCreated`, `dateUpdated`, `uid`) VALUES ('97', '97', 'en_us', '', NULL, '1', '2015-01-03 17:50:35', '2015-01-03 17:50:35', 'ed570035-73ec-4bee-a5f2-8df92319879e');
INSERT INTO `craft_elements_i18n` (`id`, `elementId`, `locale`, `slug`, `uri`, `enabled`, `dateCreated`, `dateUpdated`, `uid`) VALUES ('98', '98', 'en_us', '', NULL, '1', '2015-01-03 17:50:35', '2015-01-03 17:50:35', '53908fcb-f710-4e4c-9c13-c9b5cce31b7f');
INSERT INTO `craft_elements_i18n` (`id`, `elementId`, `locale`, `slug`, `uri`, `enabled`, `dateCreated`, `dateUpdated`, `uid`) VALUES ('99', '99', 'en_us', '', NULL, '1', '2015-01-03 17:50:35', '2015-01-03 17:50:35', 'fa9ce6d3-7b92-4b7c-85d5-7406ee29a988');
INSERT INTO `craft_elements_i18n` (`id`, `elementId`, `locale`, `slug`, `uri`, `enabled`, `dateCreated`, `dateUpdated`, `uid`) VALUES ('100', '100', 'en_us', 'giving', 'main-navigation/giving', '1', '2015-01-03 17:51:27', '2015-01-03 17:51:27', '06a51627-78d8-4cf0-a203-d95efb37d7d4');
INSERT INTO `craft_elements_i18n` (`id`, `elementId`, `locale`, `slug`, `uri`, `enabled`, `dateCreated`, `dateUpdated`, `uid`) VALUES ('107', '107', 'en_us', 'fire-and-ice', NULL, '1', '2015-01-04 16:03:45', '2015-01-04 16:03:45', 'dc1277d5-d731-4c12-a8d8-3206b2b733f1');
INSERT INTO `craft_elements_i18n` (`id`, `elementId`, `locale`, `slug`, `uri`, `enabled`, `dateCreated`, `dateUpdated`, `uid`) VALUES ('108', '108', 'en_us', 'bonfire', NULL, '1', '2015-01-04 16:06:24', '2015-01-04 16:06:24', 'df9f5dc2-b1dd-4f45-9ae3-eb2b822d364d');
INSERT INTO `craft_elements_i18n` (`id`, `elementId`, `locale`, `slug`, `uri`, `enabled`, `dateCreated`, `dateUpdated`, `uid`) VALUES ('109', '109', 'en_us', 'festival-of-fire-and-ice', 'programs/festival-of-fire-and-ice', '1', '2015-01-04 16:07:31', '2015-01-04 16:07:31', 'ef3e11aa-96a8-4ac1-92bb-a5ea945acacf');
INSERT INTO `craft_elements_i18n` (`id`, `elementId`, `locale`, `slug`, `uri`, `enabled`, `dateCreated`, `dateUpdated`, `uid`) VALUES ('110', '110', 'en_us', '', NULL, '1', '2015-01-04 16:07:31', '2015-01-04 16:07:31', 'c7b7d124-cf7b-4dbf-9318-50ad21660b46');
INSERT INTO `craft_elements_i18n` (`id`, `elementId`, `locale`, `slug`, `uri`, `enabled`, `dateCreated`, `dateUpdated`, `uid`) VALUES ('111', '111', 'en_us', '', NULL, '1', '2015-01-04 16:07:31', '2015-01-04 16:07:31', 'c2ebb63f-11c7-4e18-8e63-79023696da2e');
INSERT INTO `craft_elements_i18n` (`id`, `elementId`, `locale`, `slug`, `uri`, `enabled`, `dateCreated`, `dateUpdated`, `uid`) VALUES ('112', '112', 'en_us', '', NULL, '1', '2015-01-04 16:07:31', '2015-01-04 16:07:31', '8e928948-83e8-485d-bb5d-30c71e186f15');
INSERT INTO `craft_elements_i18n` (`id`, `elementId`, `locale`, `slug`, `uri`, `enabled`, `dateCreated`, `dateUpdated`, `uid`) VALUES ('113', '113', 'en_us', 'fire-and-ice', 'dates/fire-and-ice', '1', '2015-01-04 16:10:46', '2015-01-04 16:13:08', 'bc8d5d44-b27e-4c6e-9cd7-201564d679f2');
INSERT INTO `craft_elements_i18n` (`id`, `elementId`, `locale`, `slug`, `uri`, `enabled`, `dateCreated`, `dateUpdated`, `uid`) VALUES ('115', '115', 'en_us', 'sprouts-junk', NULL, '1', '2015-01-04 22:15:11', '2015-01-04 22:15:11', '62665dc4-e3fd-4559-b0b3-e7b5353721b5');
INSERT INTO `craft_elements_i18n` (`id`, `elementId`, `locale`, `slug`, `uri`, `enabled`, `dateCreated`, `dateUpdated`, `uid`) VALUES ('116', '116', 'en_us', 'winter-sprouts', 'programs/winter-sprouts', '1', '2015-01-04 22:17:14', '2015-01-10 18:28:49', 'a45d5372-f189-4e4d-a036-a31a50275dee');
INSERT INTO `craft_elements_i18n` (`id`, `elementId`, `locale`, `slug`, `uri`, `enabled`, `dateCreated`, `dateUpdated`, `uid`) VALUES ('117', '117', 'en_us', '', NULL, '1', '2015-01-04 22:17:14', '2015-01-10 18:28:49', 'bd0e62b8-73d1-4d84-bc57-581f15250454');
INSERT INTO `craft_elements_i18n` (`id`, `elementId`, `locale`, `slug`, `uri`, `enabled`, `dateCreated`, `dateUpdated`, `uid`) VALUES ('118', '118', 'en_us', '', NULL, '1', '2015-01-04 22:17:14', '2015-01-10 18:28:49', '3fce86d9-9791-4658-abc6-0ac89ce664c9');
INSERT INTO `craft_elements_i18n` (`id`, `elementId`, `locale`, `slug`, `uri`, `enabled`, `dateCreated`, `dateUpdated`, `uid`) VALUES ('122', '122', 'en_us', 'winter-sprouts-1-5', 'dates/winter-sprouts-1-5', '1', '2015-01-04 22:18:01', '2015-01-04 22:18:26', '1d4fa8ba-bc39-4556-b3fe-75a03424d719');
INSERT INTO `craft_elements_i18n` (`id`, `elementId`, `locale`, `slug`, `uri`, `enabled`, `dateCreated`, `dateUpdated`, `uid`) VALUES ('123', '123', 'en_us', 'winter-sprouts-1-12', 'dates/winter-sprouts-1-12', '1', '2015-01-04 22:18:52', '2015-01-04 22:19:53', '9b8c5e25-2f72-479f-bf6e-6da555c56ef1');
INSERT INTO `craft_elements_i18n` (`id`, `elementId`, `locale`, `slug`, `uri`, `enabled`, `dateCreated`, `dateUpdated`, `uid`) VALUES ('124', '124', 'en_us', 'screen-shot-2015-01-10-at-9-48-51-am', NULL, '1', '2015-01-10 14:49:45', '2015-01-10 14:49:45', '40d517a7-619f-4e49-93df-c119e641f51f');
INSERT INTO `craft_elements_i18n` (`id`, `elementId`, `locale`, `slug`, `uri`, `enabled`, `dateCreated`, `dateUpdated`, `uid`) VALUES ('125', '125', 'en_us', 'natures-play-corps-winter-play-lab', 'programs/natures-play-corps-winter-play-lab', '1', '2015-01-10 14:52:38', '2015-01-10 18:31:48', 'db6a8121-77e3-417d-9ba8-0542a8ac828a');
INSERT INTO `craft_elements_i18n` (`id`, `elementId`, `locale`, `slug`, `uri`, `enabled`, `dateCreated`, `dateUpdated`, `uid`) VALUES ('126', '126', 'en_us', '', NULL, '1', '2015-01-10 14:52:38', '2015-01-10 18:31:49', 'b61a32c0-355c-4c1d-84c9-b102b651fe5a');
INSERT INTO `craft_elements_i18n` (`id`, `elementId`, `locale`, `slug`, `uri`, `enabled`, `dateCreated`, `dateUpdated`, `uid`) VALUES ('127', '127', 'en_us', '', NULL, '1', '2015-01-10 14:52:38', '2015-01-10 18:31:49', 'e5068f37-28ac-4b19-b6c3-01bd211fadb2');
INSERT INTO `craft_elements_i18n` (`id`, `elementId`, `locale`, `slug`, `uri`, `enabled`, `dateCreated`, `dateUpdated`, `uid`) VALUES ('128', '128', 'en_us', '', NULL, '1', '2015-01-10 14:52:38', '2015-01-10 18:31:49', '3211b8b7-1aca-49e5-8c18-00bb81340228');
INSERT INTO `craft_elements_i18n` (`id`, `elementId`, `locale`, `slug`, `uri`, `enabled`, `dateCreated`, `dateUpdated`, `uid`) VALUES ('129', '129', 'en_us', 'screen-shot-2015-01-10-at-9-54-16-am', NULL, '1', '2015-01-10 14:55:13', '2015-01-10 14:55:13', '960ae45c-2043-4a16-9acd-6035a8914288');
INSERT INTO `craft_elements_i18n` (`id`, `elementId`, `locale`, `slug`, `uri`, `enabled`, `dateCreated`, `dateUpdated`, `uid`) VALUES ('130', '130', 'en_us', 'enchanted-spring-for-preschoolers', 'programs/enchanted-spring-for-preschoolers', '1', '2015-01-10 14:57:54', '2015-01-10 18:24:05', 'ee098dc6-30f2-4401-b7c7-8216ca222e10');
INSERT INTO `craft_elements_i18n` (`id`, `elementId`, `locale`, `slug`, `uri`, `enabled`, `dateCreated`, `dateUpdated`, `uid`) VALUES ('131', '131', 'en_us', '', NULL, '1', '2015-01-10 14:57:54', '2015-01-10 18:24:05', '16f6b0af-d15e-4de4-a980-a4c3fff4b2b5');
INSERT INTO `craft_elements_i18n` (`id`, `elementId`, `locale`, `slug`, `uri`, `enabled`, `dateCreated`, `dateUpdated`, `uid`) VALUES ('132', '132', 'en_us', '', NULL, '1', '2015-01-10 14:57:54', '2015-01-10 18:24:05', 'e175ad9d-d6f6-4185-861e-cd1dd6ff8b0e');
INSERT INTO `craft_elements_i18n` (`id`, `elementId`, `locale`, `slug`, `uri`, `enabled`, `dateCreated`, `dateUpdated`, `uid`) VALUES ('133', '133', 'en_us', 'enchanted-spring-for-preschoolers', 'dates/enchanted-spring-for-preschoolers', '1', '2015-01-10 15:07:16', '2015-01-10 15:08:49', '427445be-1509-485c-91ba-9dae221bbbfb');
INSERT INTO `craft_elements_i18n` (`id`, `elementId`, `locale`, `slug`, `uri`, `enabled`, `dateCreated`, `dateUpdated`, `uid`) VALUES ('134', '134', 'en_us', 'natures-play-corps-winter-play-lab', 'dates/natures-play-corps-winter-play-lab', '1', '2015-01-10 15:08:21', '2015-01-10 15:09:12', '314ba1c9-6998-4256-b189-ee444e2de4c7');
INSERT INTO `craft_elements_i18n` (`id`, `elementId`, `locale`, `slug`, `uri`, `enabled`, `dateCreated`, `dateUpdated`, `uid`) VALUES ('136', '136', 'en_us', 'bulb-lab-pano-small', NULL, '1', '2015-01-11 16:29:00', '2015-01-11 16:29:00', '0602da93-06f0-4519-be31-3225668e7a39');
INSERT INTO `craft_elements_i18n` (`id`, `elementId`, `locale`, `slug`, `uri`, `enabled`, `dateCreated`, `dateUpdated`, `uid`) VALUES ('137', '137', 'en_us', 'honaz-pano-small-1', NULL, '1', '2015-01-11 16:31:08', '2015-01-11 16:31:08', 'bce5a30a-24f6-46b9-aacb-5c2a8674cb22');
INSERT INTO `craft_elements_i18n` (`id`, `elementId`, `locale`, `slug`, `uri`, `enabled`, `dateCreated`, `dateUpdated`, `uid`) VALUES ('138', '138', 'en_us', 'the-garden', 'the-garden', '1', '2015-01-11 16:31:39', '2015-01-11 16:57:01', 'ec0fa232-bc03-48fc-9ff8-16f812ad2789');
INSERT INTO `craft_elements_i18n` (`id`, `elementId`, `locale`, `slug`, `uri`, `enabled`, `dateCreated`, `dateUpdated`, `uid`) VALUES ('139', '139', 'en_us', '', NULL, '1', '2015-01-11 16:31:39', '2015-01-11 16:57:01', 'd8996cee-6620-4e48-b368-1867fb6c22de');
INSERT INTO `craft_elements_i18n` (`id`, `elementId`, `locale`, `slug`, `uri`, `enabled`, `dateCreated`, `dateUpdated`, `uid`) VALUES ('140', '140', 'en_us', '', NULL, '1', '2015-01-11 16:31:39', '2015-01-11 16:57:01', '0128882a-6da9-49cc-9b4d-1a20e48d1960');
INSERT INTO `craft_elements_i18n` (`id`, `elementId`, `locale`, `slug`, `uri`, `enabled`, `dateCreated`, `dateUpdated`, `uid`) VALUES ('141', '141', 'en_us', '', NULL, '1', '2015-01-11 16:31:39', '2015-01-11 16:57:01', '92852394-a8f8-4f74-af10-db8a5c47128e');
INSERT INTO `craft_elements_i18n` (`id`, `elementId`, `locale`, `slug`, `uri`, `enabled`, `dateCreated`, `dateUpdated`, `uid`) VALUES ('142', '142', 'en_us', 'the-garden', 'main-navigation/the-garden', '1', '2015-01-11 16:32:42', '2015-01-11 16:36:41', '157b67aa-79cc-4861-a55b-794977685dd3');
INSERT INTO `craft_elements_i18n` (`id`, `elementId`, `locale`, `slug`, `uri`, `enabled`, `dateCreated`, `dateUpdated`, `uid`) VALUES ('143', '143', 'en_us', '', NULL, '1', '2015-01-11 16:51:34', '2015-01-11 16:57:01', 'fa47b15e-a3d9-4510-83cb-255392fb7b50');
INSERT INTO `craft_elements_i18n` (`id`, `elementId`, `locale`, `slug`, `uri`, `enabled`, `dateCreated`, `dateUpdated`, `uid`) VALUES ('144', '144', 'en_us', 'hands-on-nature-anarchy-zone', 'hands-on-nature-anarchy-zone', '1', '2015-01-11 17:01:30', '2015-01-11 17:07:03', '65f803f3-3116-48d9-a15e-03c536833362');
INSERT INTO `craft_elements_i18n` (`id`, `elementId`, `locale`, `slug`, `uri`, `enabled`, `dateCreated`, `dateUpdated`, `uid`) VALUES ('145', '145', 'en_us', '', NULL, '1', '2015-01-11 17:01:30', '2015-01-11 17:07:03', '38ecc45c-5dfa-4931-952e-8e199ea52e77');
INSERT INTO `craft_elements_i18n` (`id`, `elementId`, `locale`, `slug`, `uri`, `enabled`, `dateCreated`, `dateUpdated`, `uid`) VALUES ('146', '146', 'en_us', 'honaz', 'main-navigation/the-garden/honaz', '1', '2015-01-11 17:07:38', '2015-01-11 17:07:46', '342bb23d-7cd5-498f-b85a-d79d8cad6189');
INSERT INTO `craft_elements_i18n` (`id`, `elementId`, `locale`, `slug`, `uri`, `enabled`, `dateCreated`, `dateUpdated`, `uid`) VALUES ('148', '148', 'en_us', 'ropes', NULL, '1', '2015-01-11 21:38:12', '2015-01-11 21:48:07', '6d133950-d926-4f5d-8502-d42666db6470');
INSERT INTO `craft_elements_i18n` (`id`, `elementId`, `locale`, `slug`, `uri`, `enabled`, `dateCreated`, `dateUpdated`, `uid`) VALUES ('149', '149', 'en_us', 'kids-on-ropes-in-honaz', 'panos/kids-on-ropes-in-honaz', '1', '2015-01-11 21:38:26', '2015-01-11 21:38:26', '9555665b-d815-43cf-8cd5-8a2567fdb26d');
INSERT INTO `craft_elements_i18n` (`id`, `elementId`, `locale`, `slug`, `uri`, `enabled`, `dateCreated`, `dateUpdated`, `uid`) VALUES ('152', '152', 'en_us', 'bubbles', NULL, '1', '2015-01-11 21:49:40', '2015-01-11 21:49:40', '436ab2ba-158b-4710-b83a-4c6ecc7fe871');
INSERT INTO `craft_elements_i18n` (`id`, `elementId`, `locale`, `slug`, `uri`, `enabled`, `dateCreated`, `dateUpdated`, `uid`) VALUES ('153', '153', 'en_us', 'bubbles', 'panos/bubbles', '1', '2015-01-11 21:49:47', '2015-01-11 21:49:47', 'd289b41b-5e51-4fc6-80c2-e8c8642b8865');
INSERT INTO `craft_elements_i18n` (`id`, `elementId`, `locale`, `slug`, `uri`, `enabled`, `dateCreated`, `dateUpdated`, `uid`) VALUES ('154', '154', 'en_us', 'enchanted-spring-2-8', 'dates/enchanted-spring-2-8', '1', '2015-01-12 00:16:27', '2015-01-12 00:16:36', '72509711-abee-4a92-be8d-ed9ef56363b8');
INSERT INTO `craft_elements_i18n` (`id`, `elementId`, `locale`, `slug`, `uri`, `enabled`, `dateCreated`, `dateUpdated`, `uid`) VALUES ('156', '156', 'en_us', 'bulb-lab-arial', NULL, '1', '2015-01-13 01:27:41', '2015-01-13 01:27:41', 'ea022a72-f9e3-487f-9102-0d43b0a9d565');
INSERT INTO `craft_elements_i18n` (`id`, `elementId`, `locale`, `slug`, `uri`, `enabled`, `dateCreated`, `dateUpdated`, `uid`) VALUES ('157', '157', 'en_us', 'bulb-labyrinth-from-above', 'panos/bulb-labyrinth-from-above', '1', '2015-01-13 01:27:46', '2015-01-13 01:27:46', '3abdd292-c5e0-46bf-800d-1f0632279862');
INSERT INTO `craft_elements_i18n` (`id`, `elementId`, `locale`, `slug`, `uri`, `enabled`, `dateCreated`, `dateUpdated`, `uid`) VALUES ('159', '159', 'en_us', 'kids-on-swing', NULL, '1', '2015-01-13 01:31:30', '2015-01-13 01:31:30', '238c9078-92d8-42c8-b4d8-3dbe54ce55b8');
INSERT INTO `craft_elements_i18n` (`id`, `elementId`, `locale`, `slug`, `uri`, `enabled`, `dateCreated`, `dateUpdated`, `uid`) VALUES ('160', '160', 'en_us', 'kids-on-the-swing', 'panos/kids-on-the-swing', '1', '2015-01-13 01:31:34', '2015-01-13 01:31:34', '49ab1389-4efb-46e0-b6d1-08029b360533');
INSERT INTO `craft_elements_i18n` (`id`, `elementId`, `locale`, `slug`, `uri`, `enabled`, `dateCreated`, `dateUpdated`, `uid`) VALUES ('162', '162', 'en_us', 'kids-in-winter', NULL, '1', '2015-01-13 01:35:50', '2015-01-13 01:35:50', '0ec1b655-dd64-4e58-99cf-d599d4742b4e');
INSERT INTO `craft_elements_i18n` (`id`, `elementId`, `locale`, `slug`, `uri`, `enabled`, `dateCreated`, `dateUpdated`, `uid`) VALUES ('163', '163', 'en_us', 'kids-on-fort-in-winter', 'panos/kids-on-fort-in-winter', '1', '2015-01-13 01:35:53', '2015-01-13 01:35:53', '4fe50bb0-329f-46cd-90a6-69a99d924595');
INSERT INTO `craft_elements_i18n` (`id`, `elementId`, `locale`, `slug`, `uri`, `enabled`, `dateCreated`, `dateUpdated`, `uid`) VALUES ('164', '164', 'en_us', 'play', 'play', '1', '2015-01-13 01:49:48', '2015-01-15 18:10:29', '39ce1ac7-074c-4aa9-9b50-15ef7cf50e69');
INSERT INTO `craft_elements_i18n` (`id`, `elementId`, `locale`, `slug`, `uri`, `enabled`, `dateCreated`, `dateUpdated`, `uid`) VALUES ('165', '165', 'en_us', '', NULL, '1', '2015-01-13 01:49:48', '2015-01-15 18:10:30', '1490b7c0-8d7e-46d5-96d9-cc14e76eeec3');
INSERT INTO `craft_elements_i18n` (`id`, `elementId`, `locale`, `slug`, `uri`, `enabled`, `dateCreated`, `dateUpdated`, `uid`) VALUES ('166', '166', 'en_us', '', NULL, '1', '2015-01-13 01:49:48', '2015-01-15 18:10:30', 'd70b8719-feda-494c-a25c-4e94641d4856');
INSERT INTO `craft_elements_i18n` (`id`, `elementId`, `locale`, `slug`, `uri`, `enabled`, `dateCreated`, `dateUpdated`, `uid`) VALUES ('167', '167', 'en_us', '', NULL, '1', '2015-01-13 01:49:48', '2015-01-15 18:10:30', 'bb798d32-19ef-42a9-9e73-cee5c82500f2');
INSERT INTO `craft_elements_i18n` (`id`, `elementId`, `locale`, `slug`, `uri`, `enabled`, `dateCreated`, `dateUpdated`, `uid`) VALUES ('168', '168', 'en_us', '', NULL, '1', '2015-01-13 01:56:38', '2015-01-15 18:10:30', '0aa29e65-3d95-4b46-a2ec-010a9f8c4a51');
INSERT INTO `craft_elements_i18n` (`id`, `elementId`, `locale`, `slug`, `uri`, `enabled`, `dateCreated`, `dateUpdated`, `uid`) VALUES ('169', '169', 'en_us', 'jumping', NULL, '1', '2015-01-13 02:10:18', '2015-01-13 02:12:36', '6405f56c-430e-4ab0-a1ed-f6a968ee2291');
INSERT INTO `craft_elements_i18n` (`id`, `elementId`, `locale`, `slug`, `uri`, `enabled`, `dateCreated`, `dateUpdated`, `uid`) VALUES ('170', '170', 'en_us', 'looking-at-bark', NULL, '1', '2015-01-13 02:10:30', '2015-01-13 02:12:32', 'c50045a8-25c1-42a8-84cd-92baeda0b2e7');
INSERT INTO `craft_elements_i18n` (`id`, `elementId`, `locale`, `slug`, `uri`, `enabled`, `dateCreated`, `dateUpdated`, `uid`) VALUES ('172', '172', 'en_us', 'on-log', NULL, '1', '2015-01-13 02:11:03', '2015-01-13 02:12:20', 'f3d4adb6-eb61-49a8-8edc-5b64348dacc2');
INSERT INTO `craft_elements_i18n` (`id`, `elementId`, `locale`, `slug`, `uri`, `enabled`, `dateCreated`, `dateUpdated`, `uid`) VALUES ('173', '173', 'en_us', '', NULL, '1', '2015-01-13 02:12:43', '2015-01-15 18:10:29', '9e73438b-50ca-485c-998c-fe0442148727');
INSERT INTO `craft_elements_i18n` (`id`, `elementId`, `locale`, `slug`, `uri`, `enabled`, `dateCreated`, `dateUpdated`, `uid`) VALUES ('174', '174', 'en_us', 'play', 'main-navigation/play', '1', '2015-01-13 02:13:25', '2015-01-13 02:13:25', 'eab386f7-17d4-4efc-9e62-a50c3273c1a3');
INSERT INTO `craft_elements_i18n` (`id`, `elementId`, `locale`, `slug`, `uri`, `enabled`, `dateCreated`, `dateUpdated`, `uid`) VALUES ('175', '175', 'en_us', '', NULL, '1', '2015-01-13 02:29:00', '2015-01-15 18:10:30', '61671af9-4157-4153-be22-78ee51f4cef1');
INSERT INTO `craft_elements_i18n` (`id`, `elementId`, `locale`, `slug`, `uri`, `enabled`, `dateCreated`, `dateUpdated`, `uid`) VALUES ('176', '176', 'en_us', '', NULL, '1', '2015-01-13 04:15:12', '2015-01-15 18:10:30', '18307e0f-7199-4f8e-808f-a901e2b376e5');
INSERT INTO `craft_elements_i18n` (`id`, `elementId`, `locale`, `slug`, `uri`, `enabled`, `dateCreated`, `dateUpdated`, `uid`) VALUES ('177', '177', 'en_us', '', NULL, '1', '2015-01-13 04:16:13', '2015-01-15 18:10:30', '5eae13bb-4c60-4bd4-87eb-d67fe7325b25');
INSERT INTO `craft_elements_i18n` (`id`, `elementId`, `locale`, `slug`, `uri`, `enabled`, `dateCreated`, `dateUpdated`, `uid`) VALUES ('178', '178', 'en_us', 'screen-shot-2015-01-12-at-11-36-05-pm', NULL, '1', '2015-01-13 04:40:22', '2015-01-13 04:43:18', '3364221c-85ae-4ff0-8108-3b816f3af9da');
INSERT INTO `craft_elements_i18n` (`id`, `elementId`, `locale`, `slug`, `uri`, `enabled`, `dateCreated`, `dateUpdated`, `uid`) VALUES ('179', '179', 'en_us', 'recycled-bottle-greenhouse', 'gardens/recycled-bottle-greenhouse', '1', '2015-01-19 01:58:55', '2015-01-20 01:51:22', '82ca43eb-0d3b-46e4-badf-6273fe3ef3c0');
INSERT INTO `craft_elements_i18n` (`id`, `elementId`, `locale`, `slug`, `uri`, `enabled`, `dateCreated`, `dateUpdated`, `uid`) VALUES ('180', '180', 'en_us', '', NULL, '1', '2015-01-19 01:58:55', '2015-01-20 01:51:22', 'fde2e27d-4fb6-443a-bd59-cd42277829f8');
INSERT INTO `craft_elements_i18n` (`id`, `elementId`, `locale`, `slug`, `uri`, `enabled`, `dateCreated`, `dateUpdated`, `uid`) VALUES ('181', '181', 'en_us', '', NULL, '1', '2015-01-19 01:58:55', '2015-01-20 01:51:22', '0282a08e-6d27-4dbd-ab31-f2b04afe964c');
INSERT INTO `craft_elements_i18n` (`id`, `elementId`, `locale`, `slug`, `uri`, `enabled`, `dateCreated`, `dateUpdated`, `uid`) VALUES ('182', '182', 'en_us', '', NULL, '1', '2015-01-19 01:58:55', '2015-01-20 01:51:22', 'c652f993-b500-4240-8488-a4fe9b57a7de');
INSERT INTO `craft_elements_i18n` (`id`, `elementId`, `locale`, `slug`, `uri`, `enabled`, `dateCreated`, `dateUpdated`, `uid`) VALUES ('183', '183', 'en_us', '', NULL, '1', '2015-01-19 01:58:55', '2015-01-20 01:51:22', '0d6d8c50-7ef6-48c7-9f74-79b8216b60c1');
INSERT INTO `craft_elements_i18n` (`id`, `elementId`, `locale`, `slug`, `uri`, `enabled`, `dateCreated`, `dateUpdated`, `uid`) VALUES ('184', '184', 'en_us', '', NULL, '1', '2015-01-19 02:19:21', '2015-01-20 01:51:22', '5b8849e6-68db-44c0-8a0d-0f9259aa6b1b');
INSERT INTO `craft_elements_i18n` (`id`, `elementId`, `locale`, `slug`, `uri`, `enabled`, `dateCreated`, `dateUpdated`, `uid`) VALUES ('185', '185', 'en_us', 'gaia-the-turtle-1', 'gardens/gaia-the-turtle-1', '1', '2015-01-19 03:06:36', '2015-01-19 21:57:46', '50851cb4-2e64-4042-910d-ce9992ce6589');
INSERT INTO `craft_elements_i18n` (`id`, `elementId`, `locale`, `slug`, `uri`, `enabled`, `dateCreated`, `dateUpdated`, `uid`) VALUES ('186', '186', 'en_us', '', NULL, '1', '2015-01-19 03:06:36', '2015-01-19 21:57:46', '6bd30751-5dc4-4db4-ba75-dfba59ca7ee1');
INSERT INTO `craft_elements_i18n` (`id`, `elementId`, `locale`, `slug`, `uri`, `enabled`, `dateCreated`, `dateUpdated`, `uid`) VALUES ('187', '187', 'en_us', '', NULL, '1', '2015-01-19 03:16:54', '2015-01-19 21:57:46', '1708b175-8f56-4608-b85d-4259aa110519');
INSERT INTO `craft_elements_i18n` (`id`, `elementId`, `locale`, `slug`, `uri`, `enabled`, `dateCreated`, `dateUpdated`, `uid`) VALUES ('188', '188', 'en_us', 'dsc03973', NULL, '1', '2015-01-19 03:18:06', '2015-01-19 03:32:13', 'bbcb4523-0f0f-49d9-8a01-a597401cdbf9');
INSERT INTO `craft_elements_i18n` (`id`, `elementId`, `locale`, `slug`, `uri`, `enabled`, `dateCreated`, `dateUpdated`, `uid`) VALUES ('189', '189', 'en_us', 'img-0145', NULL, '1', '2015-01-19 03:18:10', '2015-01-19 03:30:44', 'eb64eef9-dead-428e-b17a-4b9b1e7cc565');
INSERT INTO `craft_elements_i18n` (`id`, `elementId`, `locale`, `slug`, `uri`, `enabled`, `dateCreated`, `dateUpdated`, `uid`) VALUES ('190', '190', 'en_us', 'img-0001', NULL, '1', '2015-01-19 03:26:48', '2015-01-19 03:31:24', '851d0076-ed7c-4f9b-ade5-b19a219af00b');
INSERT INTO `craft_elements_i18n` (`id`, `elementId`, `locale`, `slug`, `uri`, `enabled`, `dateCreated`, `dateUpdated`, `uid`) VALUES ('191', '191', 'en_us', '', NULL, '1', '2015-01-19 03:28:12', '2015-01-19 21:57:46', 'c83c0580-ea55-4c33-a62d-49afb8ae9cf0');
INSERT INTO `craft_elements_i18n` (`id`, `elementId`, `locale`, `slug`, `uri`, `enabled`, `dateCreated`, `dateUpdated`, `uid`) VALUES ('192', '192', 'en_us', '', NULL, '1', '2015-01-19 03:28:12', '2015-01-19 21:57:46', '6d62c78d-4e29-4055-b64b-a085a62ea837');
INSERT INTO `craft_elements_i18n` (`id`, `elementId`, `locale`, `slug`, `uri`, `enabled`, `dateCreated`, `dateUpdated`, `uid`) VALUES ('193', '193', 'en_us', '', NULL, '1', '2015-01-19 21:57:46', '2015-01-19 21:57:46', 'd273be1d-6e28-4d9c-a115-ca7b1338ef51');
INSERT INTO `craft_elements_i18n` (`id`, `elementId`, `locale`, `slug`, `uri`, `enabled`, `dateCreated`, `dateUpdated`, `uid`) VALUES ('194', '194', 'en_us', '', NULL, '1', '2015-01-19 22:14:45', '2015-01-20 02:04:16', '5a465681-acdf-4acd-813f-9850a76c8d61');
INSERT INTO `craft_elements_i18n` (`id`, `elementId`, `locale`, `slug`, `uri`, `enabled`, `dateCreated`, `dateUpdated`, `uid`) VALUES ('195', '195', 'en_us', '', NULL, '1', '2015-01-19 22:14:46', '2015-01-20 02:04:16', '58d8c084-4847-493d-b1a5-b58598c1bf72');
INSERT INTO `craft_elements_i18n` (`id`, `elementId`, `locale`, `slug`, `uri`, `enabled`, `dateCreated`, `dateUpdated`, `uid`) VALUES ('196', '196', 'en_us', '', NULL, '1', '2015-01-19 22:14:46', '2015-01-20 02:04:16', '410834ad-9af3-4111-8032-08a24b945849');
INSERT INTO `craft_elements_i18n` (`id`, `elementId`, `locale`, `slug`, `uri`, `enabled`, `dateCreated`, `dateUpdated`, `uid`) VALUES ('197', '197', 'en_us', 'bird-garden', 'gardens/bird-garden', '1', '2015-01-19 22:26:25', '2015-01-20 01:20:06', '4adb9af6-5d09-4213-a42e-29737960395f');
INSERT INTO `craft_elements_i18n` (`id`, `elementId`, `locale`, `slug`, `uri`, `enabled`, `dateCreated`, `dateUpdated`, `uid`) VALUES ('198', '198', 'en_us', '', NULL, '1', '2015-01-19 22:26:25', '2015-01-20 01:20:06', '62eaadd3-410e-4b30-a013-74c79aa5a952');
INSERT INTO `craft_elements_i18n` (`id`, `elementId`, `locale`, `slug`, `uri`, `enabled`, `dateCreated`, `dateUpdated`, `uid`) VALUES ('199', '199', 'en_us', '', NULL, '1', '2015-01-19 22:26:25', '2015-01-20 01:20:06', '84ac0415-2522-45c4-9553-352c5698e619');
INSERT INTO `craft_elements_i18n` (`id`, `elementId`, `locale`, `slug`, `uri`, `enabled`, `dateCreated`, `dateUpdated`, `uid`) VALUES ('200', '200', 'en_us', '', NULL, '1', '2015-01-19 22:26:25', '2015-01-20 01:20:06', 'ac04c844-9fc4-40fd-aa80-b79021684897');
INSERT INTO `craft_elements_i18n` (`id`, `elementId`, `locale`, `slug`, `uri`, `enabled`, `dateCreated`, `dateUpdated`, `uid`) VALUES ('201', '201', 'en_us', '', NULL, '1', '2015-01-19 22:26:25', '2015-01-20 01:20:06', 'c08a006d-b2f5-4720-889c-7e5b2a18a450');
INSERT INTO `craft_elements_i18n` (`id`, `elementId`, `locale`, `slug`, `uri`, `enabled`, `dateCreated`, `dateUpdated`, `uid`) VALUES ('202', '202', 'en_us', 'img-0011', NULL, '1', '2015-01-20 01:14:30', '2015-01-20 01:14:30', '22a29d4b-a940-4ddb-aab5-13c8daae44fa');
INSERT INTO `craft_elements_i18n` (`id`, `elementId`, `locale`, `slug`, `uri`, `enabled`, `dateCreated`, `dateUpdated`, `uid`) VALUES ('203', '203', 'en_us', 'img-0054', NULL, '1', '2015-01-20 01:14:34', '2015-01-20 01:14:34', '51d72b5c-6b77-4d7b-850e-a8491973c579');
INSERT INTO `craft_elements_i18n` (`id`, `elementId`, `locale`, `slug`, `uri`, `enabled`, `dateCreated`, `dateUpdated`, `uid`) VALUES ('204', '204', 'en_us', 'img-0056', NULL, '1', '2015-01-20 01:14:38', '2015-01-20 01:14:38', 'cca6dcf8-2ae0-48c8-b57f-5584917dabee');
INSERT INTO `craft_elements_i18n` (`id`, `elementId`, `locale`, `slug`, `uri`, `enabled`, `dateCreated`, `dateUpdated`, `uid`) VALUES ('205', '205', 'en_us', 'img-0059', NULL, '1', '2015-01-20 01:14:42', '2015-01-20 01:14:42', '0a453ff8-b23f-4e20-9681-2d43a0bf9e0c');
INSERT INTO `craft_elements_i18n` (`id`, `elementId`, `locale`, `slug`, `uri`, `enabled`, `dateCreated`, `dateUpdated`, `uid`) VALUES ('206', '206', 'en_us', 'img-2697', NULL, '1', '2015-01-20 01:14:47', '2015-01-20 01:14:47', 'f82cb15b-952d-4d34-9adf-8b56977de66b');
INSERT INTO `craft_elements_i18n` (`id`, `elementId`, `locale`, `slug`, `uri`, `enabled`, `dateCreated`, `dateUpdated`, `uid`) VALUES ('207', '207', 'en_us', 'img-0011', NULL, '1', '2015-01-20 01:14:59', '2015-01-20 01:14:59', '01d65986-5dcc-4a2b-bd92-2f9f792b4afb');
INSERT INTO `craft_elements_i18n` (`id`, `elementId`, `locale`, `slug`, `uri`, `enabled`, `dateCreated`, `dateUpdated`, `uid`) VALUES ('208', '208', 'en_us', 'img-0054', NULL, '1', '2015-01-20 01:15:03', '2015-01-20 01:15:03', 'ab8cd696-cce5-44e5-8c91-af07253f658d');
INSERT INTO `craft_elements_i18n` (`id`, `elementId`, `locale`, `slug`, `uri`, `enabled`, `dateCreated`, `dateUpdated`, `uid`) VALUES ('209', '209', 'en_us', 'img-0056', NULL, '1', '2015-01-20 01:15:08', '2015-01-20 01:15:08', 'a894a570-250c-4fe3-a69d-a041217665b6');
INSERT INTO `craft_elements_i18n` (`id`, `elementId`, `locale`, `slug`, `uri`, `enabled`, `dateCreated`, `dateUpdated`, `uid`) VALUES ('210', '210', 'en_us', 'img-0059', NULL, '1', '2015-01-20 01:15:12', '2015-01-20 01:15:12', '48af9ffa-be62-4f8f-b8da-95472a1165cb');
INSERT INTO `craft_elements_i18n` (`id`, `elementId`, `locale`, `slug`, `uri`, `enabled`, `dateCreated`, `dateUpdated`, `uid`) VALUES ('211', '211', 'en_us', 'img-2697', NULL, '1', '2015-01-20 01:15:17', '2015-01-20 01:15:17', '67cf4fc1-a215-4686-9e23-93fa6c674088');
INSERT INTO `craft_elements_i18n` (`id`, `elementId`, `locale`, `slug`, `uri`, `enabled`, `dateCreated`, `dateUpdated`, `uid`) VALUES ('212', '212', 'en_us', '', NULL, '1', '2015-01-20 01:20:06', '2015-01-20 01:20:06', '7cff3203-00bc-400a-ad4d-cd663d0499b5');
INSERT INTO `craft_elements_i18n` (`id`, `elementId`, `locale`, `slug`, `uri`, `enabled`, `dateCreated`, `dateUpdated`, `uid`) VALUES ('213', '213', 'en_us', 'bottle-greenhouse', NULL, '1', '2015-01-20 01:22:44', '2015-01-20 01:22:44', '729df046-57eb-4961-940b-53d3f4c6fc75');
INSERT INTO `craft_elements_i18n` (`id`, `elementId`, `locale`, `slug`, `uri`, `enabled`, `dateCreated`, `dateUpdated`, `uid`) VALUES ('214', '214', 'en_us', 'screen-shot-2015-01-18-at-9-19-53-pm', NULL, '1', '2015-01-20 01:23:52', '2015-01-20 01:25:00', '788e9273-3af6-4168-9fdc-80fdfdc63444');
INSERT INTO `craft_elements_i18n` (`id`, `elementId`, `locale`, `slug`, `uri`, `enabled`, `dateCreated`, `dateUpdated`, `uid`) VALUES ('215', '215', 'en_us', 'screen-shot-2015-01-19-at-8-27-22-pm', NULL, '1', '2015-01-20 01:47:00', '2015-01-20 01:47:38', '3cb37e90-ab2a-40a8-aa5a-1314ea87aed6');
INSERT INTO `craft_elements_i18n` (`id`, `elementId`, `locale`, `slug`, `uri`, `enabled`, `dateCreated`, `dateUpdated`, `uid`) VALUES ('216', '216', 'en_us', 'img-1602', NULL, '1', '2015-01-20 01:57:29', '2015-01-20 02:02:51', '2d9e194b-e3ce-47c0-9f5b-61e882ff2f23');
INSERT INTO `craft_elements_i18n` (`id`, `elementId`, `locale`, `slug`, `uri`, `enabled`, `dateCreated`, `dateUpdated`, `uid`) VALUES ('217', '217', 'en_us', 'screen-shot-2015-01-18-at-9-19-53-pm', NULL, '1', '2015-01-20 01:57:33', '2015-01-20 01:57:33', '1c1ec2e8-a0c3-4d3c-bb8e-b75588964154');
INSERT INTO `craft_elements_i18n` (`id`, `elementId`, `locale`, `slug`, `uri`, `enabled`, `dateCreated`, `dateUpdated`, `uid`) VALUES ('218', '218', 'en_us', 'img-0313', NULL, '1', '2015-01-20 01:58:08', '2015-01-20 02:02:24', '7599b55a-3bb3-4d53-bdaa-0c1b08b37e7f');
INSERT INTO `craft_elements_i18n` (`id`, `elementId`, `locale`, `slug`, `uri`, `enabled`, `dateCreated`, `dateUpdated`, `uid`) VALUES ('220', '220', 'en_us', 'img-4365', NULL, '1', '2015-01-20 01:58:17', '2015-01-20 02:03:23', 'd35e3ef1-b28d-4f14-a8d8-f8cf9e0c595c');
INSERT INTO `craft_elements_i18n` (`id`, `elementId`, `locale`, `slug`, `uri`, `enabled`, `dateCreated`, `dateUpdated`, `uid`) VALUES ('221', '221', 'en_us', '', NULL, '1', '2015-01-20 02:00:24', '2015-01-20 02:04:16', '1869a4df-2861-456d-bb84-942846116d57');
INSERT INTO `craft_elements_i18n` (`id`, `elementId`, `locale`, `slug`, `uri`, `enabled`, `dateCreated`, `dateUpdated`, `uid`) VALUES ('222', '222', 'en_us', 'img-0009', NULL, '1', '2015-01-20 02:08:12', '2015-01-20 02:09:15', 'b606af49-19a8-419c-83f8-90a142ca3d82');
INSERT INTO `craft_elements_i18n` (`id`, `elementId`, `locale`, `slug`, `uri`, `enabled`, `dateCreated`, `dateUpdated`, `uid`) VALUES ('223', '223', 'en_us', 'wildflower-meadow', 'gardens/wildflower-meadow', '1', '2015-01-20 02:14:24', '2015-01-20 02:15:22', '250c8dc8-29b5-4ca5-b724-0da84cb9a4be');
INSERT INTO `craft_elements_i18n` (`id`, `elementId`, `locale`, `slug`, `uri`, `enabled`, `dateCreated`, `dateUpdated`, `uid`) VALUES ('224', '224', 'en_us', '', NULL, '1', '2015-01-20 02:14:24', '2015-01-20 02:15:22', '8950176c-88d0-45f9-949d-02403749227f');
INSERT INTO `craft_elements_i18n` (`id`, `elementId`, `locale`, `slug`, `uri`, `enabled`, `dateCreated`, `dateUpdated`, `uid`) VALUES ('225', '225', 'en_us', '', NULL, '1', '2015-01-20 02:14:24', '2015-01-20 02:15:22', 'd7bf97c2-f289-4bfb-bb26-2460281a28bd');
INSERT INTO `craft_elements_i18n` (`id`, `elementId`, `locale`, `slug`, `uri`, `enabled`, `dateCreated`, `dateUpdated`, `uid`) VALUES ('226', '226', 'en_us', '', NULL, '1', '2015-01-20 02:14:24', '2015-01-20 02:15:22', '259a3106-ffe5-4107-90d3-209a9ed60032');
INSERT INTO `craft_elements_i18n` (`id`, `elementId`, `locale`, `slug`, `uri`, `enabled`, `dateCreated`, `dateUpdated`, `uid`) VALUES ('227', '227', 'en_us', '', NULL, '1', '2015-01-20 02:14:24', '2015-01-20 02:15:22', '3ec8a1da-1078-46df-8ba2-80261237f474');
INSERT INTO `craft_elements_i18n` (`id`, `elementId`, `locale`, `slug`, `uri`, `enabled`, `dateCreated`, `dateUpdated`, `uid`) VALUES ('228', '228', 'en_us', 'img-0117', NULL, '1', '2015-01-20 02:24:02', '2015-01-20 02:27:50', 'a6db0b04-c5ed-406d-9852-039fa3ca3779');
INSERT INTO `craft_elements_i18n` (`id`, `elementId`, `locale`, `slug`, `uri`, `enabled`, `dateCreated`, `dateUpdated`, `uid`) VALUES ('229', '229', 'en_us', 'img-0126', NULL, '1', '2015-01-20 02:24:06', '2015-01-20 02:26:17', '2730c018-668c-4326-bb18-52f9728e4972');
INSERT INTO `craft_elements_i18n` (`id`, `elementId`, `locale`, `slug`, `uri`, `enabled`, `dateCreated`, `dateUpdated`, `uid`) VALUES ('230', '230', 'en_us', 'img-0469', NULL, '1', '2015-01-20 02:24:10', '2015-01-20 02:28:14', '47ee45aa-b43a-400b-b587-9641eb578cd6');
INSERT INTO `craft_elements_i18n` (`id`, `elementId`, `locale`, `slug`, `uri`, `enabled`, `dateCreated`, `dateUpdated`, `uid`) VALUES ('231', '231', 'en_us', 'img-2826', NULL, '1', '2015-01-20 02:24:14', '2015-01-20 02:28:54', '8a7a6937-6f22-430b-99e3-0793a1ad6d02');
INSERT INTO `craft_elements_i18n` (`id`, `elementId`, `locale`, `slug`, `uri`, `enabled`, `dateCreated`, `dateUpdated`, `uid`) VALUES ('232', '232', 'en_us', 'img-3254', NULL, '1', '2015-01-20 02:24:18', '2015-01-20 02:28:39', '21a4e3d5-170d-440e-aa9d-dac7a00192b7');
INSERT INTO `craft_elements_i18n` (`id`, `elementId`, `locale`, `slug`, `uri`, `enabled`, `dateCreated`, `dateUpdated`, `uid`) VALUES ('233', '233', 'en_us', 'img-3368', NULL, '1', '2015-01-20 02:25:22', '2015-01-20 02:28:24', '97068be9-0996-4d21-89cc-74ae07339666');
INSERT INTO `craft_elements_i18n` (`id`, `elementId`, `locale`, `slug`, `uri`, `enabled`, `dateCreated`, `dateUpdated`, `uid`) VALUES ('234', '234', 'en_us', 'kitchen-garden', 'gardens/kitchen-garden', '1', '2015-01-20 02:28:56', '2015-01-20 02:29:57', '52a9f0e0-3743-409d-8386-40edd4f22f92');
INSERT INTO `craft_elements_i18n` (`id`, `elementId`, `locale`, `slug`, `uri`, `enabled`, `dateCreated`, `dateUpdated`, `uid`) VALUES ('235', '235', 'en_us', '', NULL, '1', '2015-01-20 02:28:56', '2015-01-20 02:29:57', 'e70507d2-6397-42d4-ab29-4c3930c1496d');
INSERT INTO `craft_elements_i18n` (`id`, `elementId`, `locale`, `slug`, `uri`, `enabled`, `dateCreated`, `dateUpdated`, `uid`) VALUES ('236', '236', 'en_us', '', NULL, '1', '2015-01-20 02:28:56', '2015-01-20 02:29:57', '69e984a4-4573-403e-9874-0a0fe38ba916');
INSERT INTO `craft_elements_i18n` (`id`, `elementId`, `locale`, `slug`, `uri`, `enabled`, `dateCreated`, `dateUpdated`, `uid`) VALUES ('237', '237', 'en_us', '', NULL, '1', '2015-01-20 02:28:56', '2015-01-20 02:29:57', '6fb06adb-0cc1-4897-ad56-50ae5b7e9e97');



DROP TABLE IF EXISTS `craft_emailmessages`;


--
-- Schema for table `craft_emailmessages`
--
CREATE TABLE `craft_emailmessages` (
  `id` int(11) NOT NULL AUTO_INCREMENT,
  `key` char(150) COLLATE utf8_unicode_ci NOT NULL,
  `locale` char(12) COLLATE utf8_unicode_ci NOT NULL,
  `subject` varchar(1000) COLLATE utf8_unicode_ci NOT NULL,
  `body` text COLLATE utf8_unicode_ci NOT NULL,
  `dateCreated` datetime NOT NULL,
  `dateUpdated` datetime NOT NULL,
  `uid` char(36) COLLATE utf8_unicode_ci NOT NULL DEFAULT '0',
  PRIMARY KEY (`id`),
  UNIQUE KEY `craft_emailmessages_key_locale_unq_idx` (`key`,`locale`),
  KEY `craft_emailmessages_locale_fk` (`locale`)
) ENGINE=InnoDB DEFAULT CHARSET=utf8 COLLATE=utf8_unicode_ci;

DROP TABLE IF EXISTS `craft_entries`;


--
-- Schema for table `craft_entries`
--
CREATE TABLE `craft_entries` (
  `id` int(11) NOT NULL,
  `sectionId` int(11) NOT NULL,
  `typeId` int(11) DEFAULT NULL,
  `authorId` int(11) DEFAULT NULL,
  `postDate` datetime DEFAULT NULL,
  `expiryDate` datetime DEFAULT NULL,
  `dateCreated` datetime NOT NULL,
  `dateUpdated` datetime NOT NULL,
  `uid` char(36) COLLATE utf8_unicode_ci NOT NULL DEFAULT '0',
  PRIMARY KEY (`id`),
  KEY `craft_entries_sectionId_idx` (`sectionId`),
  KEY `craft_entries_typeId_idx` (`typeId`),
  KEY `craft_entries_postDate_idx` (`postDate`),
  KEY `craft_entries_expiryDate_idx` (`expiryDate`),
  KEY `craft_entries_authorId_fk` (`authorId`)
) ENGINE=InnoDB DEFAULT CHARSET=utf8 COLLATE=utf8_unicode_ci;

--
-- Data for table `craft_entries`
--

INSERT INTO `craft_entries` (`id`, `sectionId`, `typeId`, `authorId`, `postDate`, `expiryDate`, `dateCreated`, `dateUpdated`, `uid`) VALUES ('2', '1', '1', NULL, '2014-11-26 00:20:30', NULL, '2014-11-26 00:20:30', '2015-01-03 03:04:08', 'ab76edba-21b2-4a84-bd8a-b4ce154a0420');
INSERT INTO `craft_entries` (`id`, `sectionId`, `typeId`, `authorId`, `postDate`, `expiryDate`, `dateCreated`, `dateUpdated`, `uid`) VALUES ('3', '2', '2', '1', '2014-11-26 00:20:00', NULL, '2014-11-26 00:20:30', '2014-11-26 00:45:55', '84b496e7-ff57-402c-acd6-0d6eaf4e1b73');
INSERT INTO `craft_entries` (`id`, `sectionId`, `typeId`, `authorId`, `postDate`, `expiryDate`, `dateCreated`, `dateUpdated`, `uid`) VALUES ('23', '4', '4', '1', '2014-12-27 04:56:00', NULL, '2014-12-27 04:56:35', '2015-01-20 02:04:16', 'ddb48387-3c8f-46ce-b4ed-fb4377c4ae0a');
INSERT INTO `craft_entries` (`id`, `sectionId`, `typeId`, `authorId`, `postDate`, `expiryDate`, `dateCreated`, `dateUpdated`, `uid`) VALUES ('41', '5', '6', '1', '2014-12-31 18:09:00', NULL, '2014-12-31 18:09:28', '2015-01-10 18:47:01', 'e7b46d40-454d-4a36-97d5-cd2921b98bc7');
INSERT INTO `craft_entries` (`id`, `sectionId`, `typeId`, `authorId`, `postDate`, `expiryDate`, `dateCreated`, `dateUpdated`, `uid`) VALUES ('53', '5', '6', '1', '2015-01-02 19:11:00', NULL, '2015-01-02 19:11:59', '2015-01-11 16:23:29', 'b0a74b9c-6fcf-40c1-bd97-ccf738549b2f');
INSERT INTO `craft_entries` (`id`, `sectionId`, `typeId`, `authorId`, `postDate`, `expiryDate`, `dateCreated`, `dateUpdated`, `uid`) VALUES ('59', '6', '7', '1', '2015-01-02 19:50:00', NULL, '2015-01-02 19:50:52', '2015-01-02 20:24:24', 'a517ca51-5898-4605-b93a-eba5109545d2');
INSERT INTO `craft_entries` (`id`, `sectionId`, `typeId`, `authorId`, `postDate`, `expiryDate`, `dateCreated`, `dateUpdated`, `uid`) VALUES ('60', '6', '7', '1', '2015-01-02 20:23:00', NULL, '2015-01-02 20:23:08', '2015-01-02 20:24:35', 'ed990349-c341-44bb-b17d-6d9bd52f386f');
INSERT INTO `craft_entries` (`id`, `sectionId`, `typeId`, `authorId`, `postDate`, `expiryDate`, `dateCreated`, `dateUpdated`, `uid`) VALUES ('61', '6', '7', '1', '2015-01-02 20:25:12', NULL, '2015-01-02 20:25:12', '2015-01-02 20:25:12', '43cc7ac3-d8bd-4fc2-bad1-eaf21f0ad3a9');
INSERT INTO `craft_entries` (`id`, `sectionId`, `typeId`, `authorId`, `postDate`, `expiryDate`, `dateCreated`, `dateUpdated`, `uid`) VALUES ('62', '6', '7', '1', '2015-01-02 20:25:33', NULL, '2015-01-02 20:25:33', '2015-01-02 20:25:33', '12963c8c-65c2-4dcc-88eb-bc9671748d2b');
INSERT INTO `craft_entries` (`id`, `sectionId`, `typeId`, `authorId`, `postDate`, `expiryDate`, `dateCreated`, `dateUpdated`, `uid`) VALUES ('63', '6', '7', '1', '2015-01-02 20:25:54', NULL, '2015-01-02 20:25:54', '2015-01-02 20:25:54', '0b09e5aa-d242-4ccd-9f31-b68cba489274');
INSERT INTO `craft_entries` (`id`, `sectionId`, `typeId`, `authorId`, `postDate`, `expiryDate`, `dateCreated`, `dateUpdated`, `uid`) VALUES ('65', '7', '8', '1', '2015-01-03 02:59:00', NULL, '2015-01-03 02:59:22', '2015-01-04 22:58:39', '737cd083-1b16-47ec-a1c1-aba81f6dcbed');
INSERT INTO `craft_entries` (`id`, `sectionId`, `typeId`, `authorId`, `postDate`, `expiryDate`, `dateCreated`, `dateUpdated`, `uid`) VALUES ('68', '7', '8', '1', '2015-01-03 03:03:48', NULL, '2015-01-03 03:03:48', '2015-01-03 03:03:48', '1464e13c-95a9-4355-8796-ffc03f270b28');
INSERT INTO `craft_entries` (`id`, `sectionId`, `typeId`, `authorId`, `postDate`, `expiryDate`, `dateCreated`, `dateUpdated`, `uid`) VALUES ('71', '7', '8', '1', '2015-01-03 04:13:00', NULL, '2015-01-03 04:13:47', '2015-01-03 04:17:04', 'cdf450d7-22fd-46a8-bedc-79fbc98b447a');
INSERT INTO `craft_entries` (`id`, `sectionId`, `typeId`, `authorId`, `postDate`, `expiryDate`, `dateCreated`, `dateUpdated`, `uid`) VALUES ('74', '7', '8', '1', '2015-01-03 04:30:00', NULL, '2015-01-03 04:30:07', '2015-01-03 15:17:59', '91e736a4-9837-465f-b164-a5413847d1df');
INSERT INTO `craft_entries` (`id`, `sectionId`, `typeId`, `authorId`, `postDate`, `expiryDate`, `dateCreated`, `dateUpdated`, `uid`) VALUES ('77', '7', '8', '1', '2015-01-03 04:33:20', NULL, '2015-01-03 04:33:20', '2015-01-03 04:33:20', '0a9684f5-7255-4e98-8614-88548fc37702');
INSERT INTO `craft_entries` (`id`, `sectionId`, `typeId`, `authorId`, `postDate`, `expiryDate`, `dateCreated`, `dateUpdated`, `uid`) VALUES ('80', '7', '8', '1', '2015-01-03 04:36:25', NULL, '2015-01-03 04:36:25', '2015-01-03 04:36:25', '2e1ba579-ec5b-464e-9a73-2e9f150293b2');
INSERT INTO `craft_entries` (`id`, `sectionId`, `typeId`, `authorId`, `postDate`, `expiryDate`, `dateCreated`, `dateUpdated`, `uid`) VALUES ('82', '8', '9', '1', '2015-01-03 06:09:34', NULL, '2015-01-03 06:09:35', '2015-01-03 06:09:35', 'f4f73729-53ca-42e1-bc8e-f5895a075526');
INSERT INTO `craft_entries` (`id`, `sectionId`, `typeId`, `authorId`, `postDate`, `expiryDate`, `dateCreated`, `dateUpdated`, `uid`) VALUES ('83', '8', '10', '1', '2015-01-03 06:10:00', NULL, '2015-01-03 06:10:15', '2015-01-07 03:48:24', 'd96738e8-34d4-4f46-9385-b81ee824615e');
INSERT INTO `craft_entries` (`id`, `sectionId`, `typeId`, `authorId`, `postDate`, `expiryDate`, `dateCreated`, `dateUpdated`, `uid`) VALUES ('84', '8', '10', '1', '2015-01-03 06:10:00', NULL, '2015-01-03 06:10:44', '2015-01-03 06:25:08', '21c4d314-4708-41dc-be7a-7c24fe95d7a1');
INSERT INTO `craft_entries` (`id`, `sectionId`, `typeId`, `authorId`, `postDate`, `expiryDate`, `dateCreated`, `dateUpdated`, `uid`) VALUES ('86', '9', '11', '1', '2015-01-03 15:59:00', NULL, '2015-01-03 15:59:38', '2015-01-03 17:55:20', 'accc54b5-fb32-46b7-9f62-a94ff0cc226a');
INSERT INTO `craft_entries` (`id`, `sectionId`, `typeId`, `authorId`, `postDate`, `expiryDate`, `dateCreated`, `dateUpdated`, `uid`) VALUES ('92', '8', '9', '1', '2015-01-03 17:38:00', NULL, '2015-01-03 17:38:51', '2015-01-03 17:53:38', '2742cac7-3387-4405-b866-55de4ecb24e6');
INSERT INTO `craft_entries` (`id`, `sectionId`, `typeId`, `authorId`, `postDate`, `expiryDate`, `dateCreated`, `dateUpdated`, `uid`) VALUES ('93', '9', '11', '1', '2015-01-03 17:50:35', NULL, '2015-01-03 17:50:35', '2015-01-03 17:50:35', 'c7e432d0-7542-462d-b7f9-9cc8fa138550');
INSERT INTO `craft_entries` (`id`, `sectionId`, `typeId`, `authorId`, `postDate`, `expiryDate`, `dateCreated`, `dateUpdated`, `uid`) VALUES ('100', '8', '9', '1', '2015-01-03 17:51:27', NULL, '2015-01-03 17:51:27', '2015-01-03 17:51:27', 'd195699f-c8f0-4cd7-aa19-edc060367057');
INSERT INTO `craft_entries` (`id`, `sectionId`, `typeId`, `authorId`, `postDate`, `expiryDate`, `dateCreated`, `dateUpdated`, `uid`) VALUES ('109', '5', '6', '1', '2015-01-04 16:07:31', NULL, '2015-01-04 16:07:31', '2015-01-04 16:07:31', 'e20a348f-f739-4553-bb4f-db07da77e7bf');
INSERT INTO `craft_entries` (`id`, `sectionId`, `typeId`, `authorId`, `postDate`, `expiryDate`, `dateCreated`, `dateUpdated`, `uid`) VALUES ('113', '6', '7', '1', '2015-01-04 16:10:00', NULL, '2015-01-04 16:10:46', '2015-01-04 16:13:02', 'f45bbabf-7836-41fb-9d56-0f085d515966');
INSERT INTO `craft_entries` (`id`, `sectionId`, `typeId`, `authorId`, `postDate`, `expiryDate`, `dateCreated`, `dateUpdated`, `uid`) VALUES ('116', '5', '6', '1', '2015-01-04 22:17:00', NULL, '2015-01-04 22:17:14', '2015-01-10 18:28:49', 'e5f65611-d965-4bab-85ce-565cfd4aafdc');
INSERT INTO `craft_entries` (`id`, `sectionId`, `typeId`, `authorId`, `postDate`, `expiryDate`, `dateCreated`, `dateUpdated`, `uid`) VALUES ('122', '6', '7', '1', '2015-01-04 22:18:01', NULL, '2015-01-04 22:18:01', '2015-01-04 22:18:01', '0145d413-bc02-4c38-91b5-80a618ed1608');
INSERT INTO `craft_entries` (`id`, `sectionId`, `typeId`, `authorId`, `postDate`, `expiryDate`, `dateCreated`, `dateUpdated`, `uid`) VALUES ('123', '6', '7', '1', '2015-01-04 22:18:00', NULL, '2015-01-04 22:18:52', '2015-01-04 22:19:53', '9849a9ec-9d38-4176-9d61-253bcae5a3a1');
INSERT INTO `craft_entries` (`id`, `sectionId`, `typeId`, `authorId`, `postDate`, `expiryDate`, `dateCreated`, `dateUpdated`, `uid`) VALUES ('125', '5', '6', '1', '2015-01-10 14:52:00', NULL, '2015-01-10 14:52:38', '2015-01-10 18:31:49', '3f81c768-9639-4909-9bd7-d43dd879ae01');
INSERT INTO `craft_entries` (`id`, `sectionId`, `typeId`, `authorId`, `postDate`, `expiryDate`, `dateCreated`, `dateUpdated`, `uid`) VALUES ('130', '5', '6', '1', '2015-01-10 14:57:00', NULL, '2015-01-10 14:57:54', '2015-01-10 18:24:05', '4bc52edc-4c09-4462-ad2d-a3a52f1d952f');
INSERT INTO `craft_entries` (`id`, `sectionId`, `typeId`, `authorId`, `postDate`, `expiryDate`, `dateCreated`, `dateUpdated`, `uid`) VALUES ('133', '6', '7', '1', '2015-01-10 15:07:00', NULL, '2015-01-10 15:07:16', '2015-01-10 15:08:49', 'f04b8300-00bd-4803-b97b-b5cdb6c0e37c');
INSERT INTO `craft_entries` (`id`, `sectionId`, `typeId`, `authorId`, `postDate`, `expiryDate`, `dateCreated`, `dateUpdated`, `uid`) VALUES ('134', '6', '7', '1', '2015-01-10 15:08:00', NULL, '2015-01-10 15:08:21', '2015-01-10 15:09:01', '08dbde17-c2a6-44d8-a6d9-b8fd5e4562b5');
INSERT INTO `craft_entries` (`id`, `sectionId`, `typeId`, `authorId`, `postDate`, `expiryDate`, `dateCreated`, `dateUpdated`, `uid`) VALUES ('138', '9', '11', '1', '2015-01-11 16:31:00', NULL, '2015-01-11 16:31:39', '2015-01-11 16:57:01', '61b23f86-aa91-48c6-a11d-6c781334ae54');
INSERT INTO `craft_entries` (`id`, `sectionId`, `typeId`, `authorId`, `postDate`, `expiryDate`, `dateCreated`, `dateUpdated`, `uid`) VALUES ('142', '8', '9', '1', '2015-01-11 16:32:41', NULL, '2015-01-11 16:32:42', '2015-01-11 16:32:42', '8b858982-d11e-4a14-b50d-e9073cc7abb5');
INSERT INTO `craft_entries` (`id`, `sectionId`, `typeId`, `authorId`, `postDate`, `expiryDate`, `dateCreated`, `dateUpdated`, `uid`) VALUES ('144', '9', '11', '1', '2015-01-11 17:01:00', NULL, '2015-01-11 17:01:30', '2015-01-11 17:07:03', '5691eeb7-2622-40c9-8ff9-bbfc925c280a');
INSERT INTO `craft_entries` (`id`, `sectionId`, `typeId`, `authorId`, `postDate`, `expiryDate`, `dateCreated`, `dateUpdated`, `uid`) VALUES ('146', '8', '9', '1', '2015-01-11 17:07:38', NULL, '2015-01-11 17:07:38', '2015-01-11 17:07:38', '6d7b1f7e-a4cc-4906-a902-0a6d375128d0');
INSERT INTO `craft_entries` (`id`, `sectionId`, `typeId`, `authorId`, `postDate`, `expiryDate`, `dateCreated`, `dateUpdated`, `uid`) VALUES ('149', '10', '12', '1', '2015-01-11 21:38:26', NULL, '2015-01-11 21:38:26', '2015-01-11 21:38:26', 'c36da2e6-9c90-4e6f-b974-6b4026fe7422');
INSERT INTO `craft_entries` (`id`, `sectionId`, `typeId`, `authorId`, `postDate`, `expiryDate`, `dateCreated`, `dateUpdated`, `uid`) VALUES ('153', '10', '12', '1', '2015-01-11 21:49:47', NULL, '2015-01-11 21:49:47', '2015-01-11 21:49:47', '34761de9-3854-451a-a5ab-d2247db98057');
INSERT INTO `craft_entries` (`id`, `sectionId`, `typeId`, `authorId`, `postDate`, `expiryDate`, `dateCreated`, `dateUpdated`, `uid`) VALUES ('154', '6', '7', '1', '2015-01-12 00:16:27', NULL, '2015-01-12 00:16:27', '2015-01-12 00:16:27', 'e977902d-e94a-43b2-b3d3-ce4e620f5904');
INSERT INTO `craft_entries` (`id`, `sectionId`, `typeId`, `authorId`, `postDate`, `expiryDate`, `dateCreated`, `dateUpdated`, `uid`) VALUES ('157', '10', '12', '1', '2015-01-13 01:27:46', NULL, '2015-01-13 01:27:46', '2015-01-13 01:27:46', '12d599e2-1704-46f1-b25a-b9427e2def28');
INSERT INTO `craft_entries` (`id`, `sectionId`, `typeId`, `authorId`, `postDate`, `expiryDate`, `dateCreated`, `dateUpdated`, `uid`) VALUES ('160', '10', '12', '1', '2015-01-13 01:31:34', NULL, '2015-01-13 01:31:34', '2015-01-13 01:31:34', '6c574146-ba51-4e40-bdb7-a9e9a315647b');
INSERT INTO `craft_entries` (`id`, `sectionId`, `typeId`, `authorId`, `postDate`, `expiryDate`, `dateCreated`, `dateUpdated`, `uid`) VALUES ('163', '10', '12', '1', '2015-01-13 01:35:53', NULL, '2015-01-13 01:35:53', '2015-01-13 01:35:53', '1ffbc86a-05d6-4fc9-92d0-9369e6aad869');
INSERT INTO `craft_entries` (`id`, `sectionId`, `typeId`, `authorId`, `postDate`, `expiryDate`, `dateCreated`, `dateUpdated`, `uid`) VALUES ('164', '9', '11', '1', '2015-01-13 01:49:00', NULL, '2015-01-13 01:49:48', '2015-01-15 18:10:30', '83ebe1b4-b195-4691-8721-b8aa201353d1');
INSERT INTO `craft_entries` (`id`, `sectionId`, `typeId`, `authorId`, `postDate`, `expiryDate`, `dateCreated`, `dateUpdated`, `uid`) VALUES ('174', '8', '9', '1', '2015-01-13 02:13:25', NULL, '2015-01-13 02:13:25', '2015-01-13 02:13:25', '7e2bbfe9-0525-4efc-9f0b-1e40637b78a6');
INSERT INTO `craft_entries` (`id`, `sectionId`, `typeId`, `authorId`, `postDate`, `expiryDate`, `dateCreated`, `dateUpdated`, `uid`) VALUES ('179', '4', '4', '1', '2015-01-19 01:58:00', NULL, '2015-01-19 01:58:55', '2015-01-20 01:51:22', 'e8adb20a-2ccf-4cc5-a9d6-710d56b718fb');
INSERT INTO `craft_entries` (`id`, `sectionId`, `typeId`, `authorId`, `postDate`, `expiryDate`, `dateCreated`, `dateUpdated`, `uid`) VALUES ('185', '4', '4', '1', '2015-01-19 03:06:00', NULL, '2015-01-19 03:06:36', '2015-01-19 21:57:46', '1102cb33-33d7-4615-868c-79b2e4b806c1');
INSERT INTO `craft_entries` (`id`, `sectionId`, `typeId`, `authorId`, `postDate`, `expiryDate`, `dateCreated`, `dateUpdated`, `uid`) VALUES ('197', '4', '4', '1', '2015-01-19 22:26:00', NULL, '2015-01-19 22:26:25', '2015-01-20 01:20:06', 'cfbb4048-cea3-423a-b17e-90b3c42a9179');
INSERT INTO `craft_entries` (`id`, `sectionId`, `typeId`, `authorId`, `postDate`, `expiryDate`, `dateCreated`, `dateUpdated`, `uid`) VALUES ('223', '4', '4', '1', '2015-01-20 02:14:00', NULL, '2015-01-20 02:14:24', '2015-01-20 02:15:22', '4aa1a755-d38a-46ca-a23d-e56d7a4cc464');
INSERT INTO `craft_entries` (`id`, `sectionId`, `typeId`, `authorId`, `postDate`, `expiryDate`, `dateCreated`, `dateUpdated`, `uid`) VALUES ('234', '4', '4', '1', '2015-01-20 02:28:00', NULL, '2015-01-20 02:28:56', '2015-01-20 02:29:57', 'fd534266-9ada-498a-9e10-f3b8d179e559');



DROP TABLE IF EXISTS `craft_entrydrafts`;


--
-- Schema for table `craft_entrydrafts`
--
CREATE TABLE `craft_entrydrafts` (
  `id` int(11) NOT NULL AUTO_INCREMENT,
  `entryId` int(11) NOT NULL,
  `sectionId` int(11) NOT NULL,
  `creatorId` int(11) NOT NULL,
  `locale` char(12) COLLATE utf8_unicode_ci NOT NULL,
  `name` varchar(255) COLLATE utf8_unicode_ci NOT NULL,
  `notes` tinytext COLLATE utf8_unicode_ci,
  `data` mediumtext COLLATE utf8_unicode_ci NOT NULL,
  `dateCreated` datetime NOT NULL,
  `dateUpdated` datetime NOT NULL,
  `uid` char(36) COLLATE utf8_unicode_ci NOT NULL DEFAULT '0',
  PRIMARY KEY (`id`),
  KEY `craft_entrydrafts_entryId_locale_idx` (`entryId`,`locale`),
  KEY `craft_entrydrafts_sectionId_fk` (`sectionId`),
  KEY `craft_entrydrafts_creatorId_fk` (`creatorId`),
  KEY `craft_entrydrafts_locale_fk` (`locale`)
) ENGINE=InnoDB DEFAULT CHARSET=utf8 COLLATE=utf8_unicode_ci;

DROP TABLE IF EXISTS `craft_entrytypes`;


--
-- Schema for table `craft_entrytypes`
--
CREATE TABLE `craft_entrytypes` (
  `id` int(11) NOT NULL AUTO_INCREMENT,
  `sectionId` int(11) NOT NULL,
  `fieldLayoutId` int(11) DEFAULT NULL,
  `name` varchar(255) COLLATE utf8_unicode_ci NOT NULL,
  `handle` varchar(255) COLLATE utf8_unicode_ci NOT NULL,
  `hasTitleField` tinyint(1) unsigned NOT NULL DEFAULT '1',
  `titleLabel` varchar(255) COLLATE utf8_unicode_ci DEFAULT 'Title',
  `titleFormat` varchar(255) COLLATE utf8_unicode_ci DEFAULT NULL,
  `sortOrder` tinyint(4) DEFAULT NULL,
  `dateCreated` datetime NOT NULL,
  `dateUpdated` datetime NOT NULL,
  `uid` char(36) COLLATE utf8_unicode_ci NOT NULL DEFAULT '0',
  PRIMARY KEY (`id`),
  UNIQUE KEY `craft_entrytypes_name_sectionId_unq_idx` (`name`,`sectionId`),
  UNIQUE KEY `craft_entrytypes_handle_sectionId_unq_idx` (`handle`,`sectionId`),
  KEY `craft_entrytypes_sectionId_fk` (`sectionId`),
  KEY `craft_entrytypes_fieldLayoutId_fk` (`fieldLayoutId`)
) ENGINE=InnoDB AUTO_INCREMENT=13 DEFAULT CHARSET=utf8 COLLATE=utf8_unicode_ci;

--
-- Data for table `craft_entrytypes`
--

INSERT INTO `craft_entrytypes` (`id`, `sectionId`, `fieldLayoutId`, `name`, `handle`, `hasTitleField`, `titleLabel`, `titleFormat`, `sortOrder`, `dateCreated`, `dateUpdated`, `uid`) VALUES ('1', '1', '3', 'Homepage', 'homepage', '0', NULL, '{section.name|raw}', NULL, '2014-11-26 00:20:30', '2014-11-26 00:20:30', '7819ce60-f754-4ad8-8464-446f22b4f2f0');
INSERT INTO `craft_entrytypes` (`id`, `sectionId`, `fieldLayoutId`, `name`, `handle`, `hasTitleField`, `titleLabel`, `titleFormat`, `sortOrder`, `dateCreated`, `dateUpdated`, `uid`) VALUES ('2', '2', '5', 'News', 'news', '1', 'Title', NULL, NULL, '2014-11-26 00:20:30', '2014-11-26 00:20:30', 'fbdd71ab-2493-47c7-b285-37ede9f5490d');
INSERT INTO `craft_entrytypes` (`id`, `sectionId`, `fieldLayoutId`, `name`, `handle`, `hasTitleField`, `titleLabel`, `titleFormat`, `sortOrder`, `dateCreated`, `dateUpdated`, `uid`) VALUES ('4', '4', '136', 'Garden Feature', 'gardenFeature', '1', 'Title', NULL, NULL, '2014-12-27 04:42:25', '2015-01-19 01:49:38', '33d751ed-4519-4021-a258-41283fdd97db');
INSERT INTO `craft_entrytypes` (`id`, `sectionId`, `fieldLayoutId`, `name`, `handle`, `hasTitleField`, `titleLabel`, `titleFormat`, `sortOrder`, `dateCreated`, `dateUpdated`, `uid`) VALUES ('6', '5', '147', 'Programs', 'programs', '1', 'Title', NULL, NULL, '2014-12-31 17:58:43', '2015-01-19 17:43:39', 'c1b1e3a2-c9a8-4d98-977a-eca1166b23b9');
INSERT INTO `craft_entrytypes` (`id`, `sectionId`, `fieldLayoutId`, `name`, `handle`, `hasTitleField`, `titleLabel`, `titleFormat`, `sortOrder`, `dateCreated`, `dateUpdated`, `uid`) VALUES ('7', '6', '55', 'Program Dates', 'programDates', '1', 'Title', NULL, NULL, '2015-01-02 18:38:13', '2015-01-02 20:20:53', 'c3ef4143-0e47-41af-a548-a35c6d809c45');
INSERT INTO `craft_entrytypes` (`id`, `sectionId`, `fieldLayoutId`, `name`, `handle`, `hasTitleField`, `titleLabel`, `titleFormat`, `sortOrder`, `dateCreated`, `dateUpdated`, `uid`) VALUES ('8', '7', '58', 'Featured Link Blocks', 'featuredLinkBlocks', '1', 'Title', NULL, NULL, '2015-01-03 02:45:51', '2015-01-03 02:55:25', '8a2de333-e9ff-459b-80b2-ce400dca43dc');
INSERT INTO `craft_entrytypes` (`id`, `sectionId`, `fieldLayoutId`, `name`, `handle`, `hasTitleField`, `titleLabel`, `titleFormat`, `sortOrder`, `dateCreated`, `dateUpdated`, `uid`) VALUES ('9', '8', '64', 'Main Navigation Entries', 'mainNavigationEntries', '1', 'Title', NULL, NULL, '2015-01-03 06:05:03', '2015-01-03 06:25:58', '2cc6b2ed-4862-4593-b0da-704d64cbf6dd');
INSERT INTO `craft_entrytypes` (`id`, `sectionId`, `fieldLayoutId`, `name`, `handle`, `hasTitleField`, `titleLabel`, `titleFormat`, `sortOrder`, `dateCreated`, `dateUpdated`, `uid`) VALUES ('10', '8', '63', 'Main Navigation Text', 'mainNavigationText', '1', 'Title', NULL, NULL, '2015-01-03 06:24:03', '2015-01-03 06:24:03', '99bee4c8-c199-4d70-abd7-8aa2a2c7d7eb');
INSERT INTO `craft_entrytypes` (`id`, `sectionId`, `fieldLayoutId`, `name`, `handle`, `hasTitleField`, `titleLabel`, `titleFormat`, `sortOrder`, `dateCreated`, `dateUpdated`, `uid`) VALUES ('11', '9', '99', 'SinglePage', 'singlepage', '1', 'Title', NULL, NULL, '2015-01-03 15:33:21', '2015-01-11 16:48:09', '87dc4bb7-e45b-4c23-a5cb-1dd6a5278ede');
INSERT INTO `craft_entrytypes` (`id`, `sectionId`, `fieldLayoutId`, `name`, `handle`, `hasTitleField`, `titleLabel`, `titleFormat`, `sortOrder`, `dateCreated`, `dateUpdated`, `uid`) VALUES ('12', '10', '104', 'Panos', 'panos', '1', 'Title', NULL, NULL, '2015-01-11 21:31:51', '2015-01-11 21:35:18', '95ecfac8-4651-44b6-8eda-6fa232098ac2');



DROP TABLE IF EXISTS `craft_entryversions`;


--
-- Schema for table `craft_entryversions`
--
CREATE TABLE `craft_entryversions` (
  `id` int(11) NOT NULL AUTO_INCREMENT,
  `entryId` int(11) NOT NULL,
  `sectionId` int(11) NOT NULL,
  `creatorId` int(11) DEFAULT NULL,
  `locale` char(12) COLLATE utf8_unicode_ci NOT NULL,
  `num` smallint(6) unsigned NOT NULL,
  `notes` tinytext COLLATE utf8_unicode_ci,
  `data` mediumtext COLLATE utf8_unicode_ci NOT NULL,
  `dateCreated` datetime NOT NULL,
  `dateUpdated` datetime NOT NULL,
  `uid` char(36) COLLATE utf8_unicode_ci NOT NULL DEFAULT '0',
  PRIMARY KEY (`id`),
  KEY `craft_entryversions_entryId_locale_idx` (`entryId`,`locale`),
  KEY `craft_entryversions_sectionId_fk` (`sectionId`),
  KEY `craft_entryversions_creatorId_fk` (`creatorId`),
  KEY `craft_entryversions_locale_fk` (`locale`)
) ENGINE=InnoDB AUTO_INCREMENT=153 DEFAULT CHARSET=utf8 COLLATE=utf8_unicode_ci;

--
-- Data for table `craft_entryversions`
--

INSERT INTO `craft_entryversions` (`id`, `entryId`, `sectionId`, `creatorId`, `locale`, `num`, `notes`, `data`, `dateCreated`, `dateUpdated`, `uid`) VALUES ('1', '3', '2', '1', 'en_us', '1', 'Published draft “Draft 1”.', '{\"typeId\":null,\"authorId\":\"1\",\"title\":\"We just installed Craft! And Boy Does it RAWK!!\",\"slug\":\"we-just-installed-craft\",\"postDate\":1416961200,\"expiryDate\":null,\"enabled\":1,\"fields\":{\"2\":\"<p>Craft is the CMS that\\u2019s powering Ontherocks.dev. It\\u2019s beautiful, powerful, flexible, and easy-to-use, and it\\u2019s made by Pixel &amp; Tonic. We can\\u2019t wait to dive in and see what it\\u2019s capable of!<\\/p><hr class=\\\"redactor_pagebreak\\\" style=\\\"display:none\\\" unselectable=\\\"on\\\" contenteditable=\\\"false\\\">\\r\\n<p>This is even more captivating content, which you couldn\\u2019t see on the News index page because it was entered after a Page Break, and the News index template only likes to show the content on the first page.<\\/p><p>Craft: a nice alternative to Word, if you\\u2019re making a website.<\\/p>\",\"3\":\"\"}}', '2014-11-26 00:45:55', '2014-11-26 00:45:55', '9c5fa428-8fb7-4263-adb7-a531db3893c4');
INSERT INTO `craft_entryversions` (`id`, `entryId`, `sectionId`, `creatorId`, `locale`, `num`, `notes`, `data`, `dateCreated`, `dateUpdated`, `uid`) VALUES ('5', '23', '4', '1', 'en_us', '1', '', '{\"typeId\":null,\"authorId\":\"1\",\"title\":\"Troll House\",\"slug\":\"troll-house\",\"postDate\":1419656195,\"expiryDate\":null,\"enabled\":1,\"fields\":{\"2\":\"<p>Morbi leo risus, porta ac consectetur ac, vestibulum at eros. Donec sed odio dui. Nullam id dolor id nibh ultricies vehicula ut id elit. Cras mattis consectetur purus sit amet fermentum. Nullam quis risus eget urna mollis ornare vel eu leo. Curabitur blandit tempus porttitor. Curabitur blandit tempus porttitor.<\\/p>\",\"5\":[\"22\",\"21\",\"20\"],\"1\":\"\"}}', '2014-12-27 04:56:35', '2014-12-27 04:56:35', '8d412e24-6339-4e63-8389-1a4dd3f19df6');
INSERT INTO `craft_entryversions` (`id`, `entryId`, `sectionId`, `creatorId`, `locale`, `num`, `notes`, `data`, `dateCreated`, `dateUpdated`, `uid`) VALUES ('22', '41', '5', '1', 'en_us', '1', '', '{\"typeId\":null,\"authorId\":\"1\",\"title\":\"Little Troll Monsters\",\"slug\":\"little-troll-monsters\",\"postDate\":1420049368,\"expiryDate\":null,\"enabled\":1,\"fields\":{\"23\":\"\",\"21\":{\"new1\":{\"type\":\"datesBlock\",\"enabled\":\"1\",\"fields\":{\"date\":{\"date\":\"12\\/11\\/2014\",\"time\":\"12:30 AM\"}}}},\"16\":{\"new2\":{\"type\":\"descriptionBlock\",\"enabled\":\"1\",\"fields\":{\"description\":\"<p>Sed posuere consectetur est at lobortis. Donec id elit non mi porta gravida at eget metus. Praesent commodo cursus magna, vel scelerisque nisl consectetur et. Praesent commodo cursus magna, vel scelerisque nisl consectetur et.<\\/p><p>Integer posuere erat a ante venenatis dapibus posuere velit aliquet. Nulla vitae elit libero, a pharetra augue. Praesent commodo cursus magna, vel scelerisque nisl consectetur et. Cum sociis natoque penatibus et magnis dis parturient montes, nascetur ridiculus mus. Lorem ipsum dolor sit amet, consectetur adipiscing elit.<\\/p>\"}},\"new3\":{\"type\":\"imageBlock\",\"enabled\":\"1\",\"fields\":{\"image\":\"\"}}},\"14\":\"There once was a scary troll that ate all the good boys and girls.\",\"13\":\"\"}}', '2014-12-31 18:09:28', '2014-12-31 18:09:28', '16153f53-f0a9-4e4c-aaed-8f6f821823ff');
INSERT INTO `craft_entryversions` (`id`, `entryId`, `sectionId`, `creatorId`, `locale`, `num`, `notes`, `data`, `dateCreated`, `dateUpdated`, `uid`) VALUES ('23', '41', '5', '1', 'en_us', '2', '', '{\"typeId\":\"6\",\"authorId\":\"1\",\"title\":\"Little Troll Monsters\",\"slug\":\"little-troll-monsters\",\"postDate\":1420049340,\"expiryDate\":null,\"enabled\":1,\"fields\":{\"23\":\"\",\"21\":{\"44\":{\"type\":\"datesBlock\",\"enabled\":\"1\",\"fields\":{\"date\":{\"date\":\"12\\/11\\/2014\",\"time\":\"12:30 AM\"}}},\"new1\":{\"type\":\"datesBlock\",\"enabled\":\"1\",\"fields\":{\"date\":{\"date\":\"12\\/10\\/2014\",\"time\":\"1:30 AM\"}}},\"new2\":{\"type\":\"datesBlock\",\"enabled\":\"1\",\"fields\":{\"date\":{\"date\":\"2\\/18\\/2015\",\"time\":\"4:00 AM\"}}}},\"16\":{\"42\":{\"type\":\"descriptionBlock\",\"enabled\":\"1\",\"fields\":{\"description\":\"<p>Sed posuere consectetur est at lobortis. Donec id elit non mi porta gravida at eget metus. Praesent commodo cursus magna, vel scelerisque nisl consectetur et. Praesent commodo cursus magna, vel scelerisque nisl consectetur et.<\\/p><p>Integer posuere erat a ante venenatis dapibus posuere velit aliquet. Nulla vitae elit libero, a pharetra augue. Praesent commodo cursus magna, vel scelerisque nisl consectetur et. Cum sociis natoque penatibus et magnis dis parturient montes, nascetur ridiculus mus. Lorem ipsum dolor sit amet, consectetur adipiscing elit.<\\/p>\"}},\"43\":{\"type\":\"imageBlock\",\"enabled\":\"1\",\"fields\":{\"image\":[\"45\"]}},\"new1\":{\"type\":\"quoteBlock\",\"enabled\":\"1\",\"fields\":{\"quote\":\"<p>Cras justo odio, dapibus ac facilisis in, egestas eget quam.<span><\\/span><\\/p>\"}}},\"14\":\"There once was a scary troll that ate all the good boys and girls.\",\"13\":\"\"}}', '2014-12-31 18:13:17', '2014-12-31 18:13:17', '177823ef-65a2-4d64-a004-37f6c1eefab9');
INSERT INTO `craft_entryversions` (`id`, `entryId`, `sectionId`, `creatorId`, `locale`, `num`, `notes`, `data`, `dateCreated`, `dateUpdated`, `uid`) VALUES ('24', '41', '5', '1', 'en_us', '3', '', '{\"typeId\":\"6\",\"authorId\":\"1\",\"title\":\"Little Troll Monsters\",\"slug\":\"little-troll-monsters\",\"postDate\":1420049340,\"expiryDate\":null,\"enabled\":1,\"fields\":{\"23\":[\"35\",\"37\",\"40\"],\"21\":{\"44\":{\"type\":\"datesBlock\",\"enabled\":\"1\",\"fields\":{\"date\":{\"date\":\"12\\/11\\/2014\",\"time\":\"12:30 AM\"}}},\"47\":{\"type\":\"datesBlock\",\"enabled\":\"1\",\"fields\":{\"date\":{\"date\":\"12\\/10\\/2014\",\"time\":\"1:30 AM\"}}},\"48\":{\"type\":\"datesBlock\",\"enabled\":\"1\",\"fields\":{\"date\":{\"date\":\"2\\/18\\/2015\",\"time\":\"4:00 AM\"}}}},\"16\":{\"42\":{\"type\":\"descriptionBlock\",\"enabled\":\"1\",\"fields\":{\"description\":\"<p>Sed posuere consectetur est at lobortis. Donec id elit non mi porta gravida at eget metus. Praesent commodo cursus magna, vel scelerisque nisl consectetur et. Praesent commodo cursus magna, vel scelerisque nisl consectetur et.<\\/p><p>Integer posuere erat a ante venenatis dapibus posuere velit aliquet. Nulla vitae elit libero, a pharetra augue. Praesent commodo cursus magna, vel scelerisque nisl consectetur et. Cum sociis natoque penatibus et magnis dis parturient montes, nascetur ridiculus mus. Lorem ipsum dolor sit amet, consectetur adipiscing elit.<\\/p>\"}},\"43\":{\"type\":\"imageBlock\",\"enabled\":\"1\",\"fields\":{\"image\":[\"45\"]}},\"46\":{\"type\":\"quoteBlock\",\"enabled\":\"1\",\"fields\":{\"quote\":\"<p>Cras justo odio, dapibus ac facilisis in, egestas eget quam.<\\/p>\"}}},\"14\":\"There once was a scary troll that ate all the good boys and girls.\"}}', '2014-12-31 18:15:27', '2014-12-31 18:15:27', 'ce5add2c-ff5a-40d8-bf46-acffc58e4623');
INSERT INTO `craft_entryversions` (`id`, `entryId`, `sectionId`, `creatorId`, `locale`, `num`, `notes`, `data`, `dateCreated`, `dateUpdated`, `uid`) VALUES ('25', '41', '5', '1', 'en_us', '4', '', '{\"typeId\":\"6\",\"authorId\":\"1\",\"title\":\"Little Troll Monsters\",\"slug\":\"little-troll-monsters\",\"postDate\":1420049340,\"expiryDate\":null,\"enabled\":1,\"fields\":{\"23\":[\"35\",\"37\",\"40\"],\"21\":{\"44\":{\"type\":\"datesBlock\",\"enabled\":\"1\",\"fields\":{\"date\":{\"date\":\"12\\/11\\/2014\",\"time\":\"12:30 AM\"}}},\"47\":{\"type\":\"datesBlock\",\"enabled\":\"1\",\"fields\":{\"date\":{\"date\":\"12\\/10\\/2014\",\"time\":\"1:30 AM\"}}},\"48\":{\"type\":\"datesBlock\",\"enabled\":\"1\",\"fields\":{\"date\":{\"date\":\"2\\/18\\/2015\",\"time\":\"4:00 AM\"}}}},\"16\":{\"42\":{\"type\":\"descriptionBlock\",\"enabled\":\"1\",\"fields\":{\"description\":\"<p>Sed posuere consectetur est at lobortis. Donec id elit non mi porta gravida at eget metus. Praesent commodo cursus magna, vel scelerisque nisl consectetur et. Praesent commodo cursus magna, vel scelerisque nisl consectetur et.<\\/p><p>Integer posuere erat a ante venenatis dapibus posuere velit aliquet. Nulla vitae elit libero, a pharetra augue. Praesent commodo cursus magna, vel scelerisque nisl consectetur et. Cum sociis natoque penatibus et magnis dis parturient montes, nascetur ridiculus mus. Lorem ipsum dolor sit amet, consectetur adipiscing elit.<\\/p>\"}},\"new1\":{\"type\":\"imageBlock\",\"enabled\":\"1\",\"fields\":{\"image\":[\"49\"]}},\"43\":{\"type\":\"imageBlock\",\"enabled\":\"1\",\"fields\":{\"image\":[\"45\"]}},\"46\":{\"type\":\"quoteBlock\",\"enabled\":\"1\",\"fields\":{\"quote\":\"<p>Cras justo odio, dapibus ac facilisis in, egestas eget quam.<\\/p>\"}}},\"14\":\"There once was a scary troll that ate all the good boys and girls.\"}}', '2015-01-02 03:24:56', '2015-01-02 03:24:56', '800a6ee1-44b7-4ad1-9435-45f8b1eb8d5b');
INSERT INTO `craft_entryversions` (`id`, `entryId`, `sectionId`, `creatorId`, `locale`, `num`, `notes`, `data`, `dateCreated`, `dateUpdated`, `uid`) VALUES ('26', '41', '5', '1', 'en_us', '5', '', '{\"typeId\":\"6\",\"authorId\":\"1\",\"title\":\"Little Troll Monsters\",\"slug\":\"little-troll-monsters\",\"postDate\":1420049340,\"expiryDate\":null,\"enabled\":1,\"fields\":{\"23\":[\"35\",\"37\",\"40\"],\"21\":{\"44\":{\"type\":\"datesBlock\",\"enabled\":\"1\",\"fields\":{\"date\":{\"date\":\"12\\/11\\/2014\",\"time\":\"12:30 AM\"}}},\"47\":{\"type\":\"datesBlock\",\"enabled\":\"1\",\"fields\":{\"date\":{\"date\":\"12\\/10\\/2014\",\"time\":\"1:30 AM\"}}},\"48\":{\"type\":\"datesBlock\",\"enabled\":\"1\",\"fields\":{\"date\":{\"date\":\"2\\/18\\/2015\",\"time\":\"4:00 AM\"}}}},\"16\":{\"42\":{\"type\":\"descriptionBlock\",\"enabled\":\"1\",\"fields\":{\"description\":\"<p>Sed posuere consectetur est at lobortis. Donec id elit non mi porta gravida at eget metus. Praesent commodo cursus magna, vel scelerisque nisl consectetur et. Praesent commodo cursus magna, vel scelerisque nisl consectetur et.<\\/p><p>Integer posuere erat a ante venenatis dapibus posuere velit aliquet. Nulla vitae elit libero, a pharetra augue. Praesent commodo cursus magna, vel scelerisque nisl consectetur et. Cum sociis natoque penatibus et magnis dis parturient montes, nascetur ridiculus mus. Lorem ipsum dolor sit amet, consectetur adipiscing elit.<\\/p>\"}},\"50\":{\"type\":\"imageBlock\",\"enabled\":\"1\",\"fields\":{\"image\":[\"49\"]}},\"46\":{\"type\":\"quoteBlock\",\"enabled\":\"1\",\"fields\":{\"quote\":\"<p>Cras justo odio, dapibus ac facilisis in, egestas eget quam.<\\/p>\"}},\"43\":{\"type\":\"imageBlock\",\"enabled\":\"1\",\"fields\":{\"image\":[\"45\"]}}},\"14\":\"There once was a scary troll that ate all the good boys and girls.\"}}', '2015-01-02 03:32:38', '2015-01-02 03:32:38', '2ed04a8a-d051-4c7a-b2fc-5324f23bbd23');
INSERT INTO `craft_entryversions` (`id`, `entryId`, `sectionId`, `creatorId`, `locale`, `num`, `notes`, `data`, `dateCreated`, `dateUpdated`, `uid`) VALUES ('27', '41', '5', '1', 'en_us', '6', '', '{\"typeId\":\"6\",\"authorId\":\"1\",\"title\":\"Little Troll Monsters\",\"slug\":\"little-troll-monsters\",\"postDate\":1420049340,\"expiryDate\":null,\"enabled\":1,\"fields\":{\"23\":[\"35\",\"37\",\"40\"],\"21\":{\"44\":{\"type\":\"datesBlock\",\"enabled\":\"1\",\"fields\":{\"date\":{\"date\":\"12\\/11\\/2014\",\"time\":\"12:30 AM\"}}},\"47\":{\"type\":\"datesBlock\",\"enabled\":\"1\",\"fields\":{\"date\":{\"date\":\"12\\/10\\/2014\",\"time\":\"1:30 AM\"}}},\"48\":{\"type\":\"datesBlock\",\"enabled\":\"1\",\"fields\":{\"date\":{\"date\":\"2\\/18\\/2015\",\"time\":\"4:00 AM\"}}}},\"16\":{\"42\":{\"type\":\"descriptionBlock\",\"enabled\":\"1\",\"fields\":{\"description\":\"<p>Sed posuere consectetur est at lobortis. Donec id elit non mi porta gravida at eget metus. Praesent commodo cursus magna, vel scelerisque nisl consectetur et. Praesent commodo cursus magna, vel scelerisque nisl consectetur et.<\\/p><p>Integer posuere erat a ante venenatis dapibus posuere velit aliquet. Nulla vitae elit libero, a pharetra augue. Praesent commodo cursus magna, vel scelerisque nisl consectetur et. Cum sociis natoque penatibus et magnis dis parturient montes, nascetur ridiculus mus. Lorem ipsum dolor sit amet, consectetur adipiscing elit.<\\/p>\"}},\"50\":{\"type\":\"imageBlock\",\"enabled\":\"1\",\"fields\":{\"image\":[\"49\"],\"position\":\"left\"}},\"46\":{\"type\":\"quoteBlock\",\"enabled\":\"1\",\"fields\":{\"quote\":\"<p>Cras justo odio, dapibus ac facilisis in, egestas eget quam.<\\/p>\"}},\"43\":{\"type\":\"imageBlock\",\"enabled\":\"1\",\"fields\":{\"image\":[\"45\"],\"position\":\"right\"}}},\"14\":\"There once was a scary troll that ate all the good boys and girls.\"}}', '2015-01-02 03:36:35', '2015-01-02 03:36:35', '69472755-60d9-46d1-860b-a0c54cb3cc16');
INSERT INTO `craft_entryversions` (`id`, `entryId`, `sectionId`, `creatorId`, `locale`, `num`, `notes`, `data`, `dateCreated`, `dateUpdated`, `uid`) VALUES ('28', '41', '5', '1', 'en_us', '7', '', '{\"typeId\":\"6\",\"authorId\":\"1\",\"title\":\"Little Troll Monsters\",\"slug\":\"little-troll-monsters\",\"postDate\":1420049340,\"expiryDate\":null,\"enabled\":1,\"fields\":{\"23\":[\"35\",\"37\",\"40\"],\"21\":{\"44\":{\"type\":\"datesBlock\",\"enabled\":\"1\",\"fields\":{\"date\":{\"date\":\"12\\/11\\/2014\",\"time\":\"12:30 AM\"}}},\"47\":{\"type\":\"datesBlock\",\"enabled\":\"1\",\"fields\":{\"date\":{\"date\":\"12\\/10\\/2014\",\"time\":\"1:30 AM\"}}},\"48\":{\"type\":\"datesBlock\",\"enabled\":\"1\",\"fields\":{\"date\":{\"date\":\"2\\/18\\/2015\",\"time\":\"4:00 AM\"}}}},\"16\":{\"42\":{\"type\":\"descriptionBlock\",\"enabled\":\"1\",\"fields\":{\"description\":\"<p>Sed posuere consectetur est at lobortis. Donec id elit non mi porta gravida at eget metus. Praesent commodo cursus magna, vel scelerisque nisl consectetur et. Praesent commodo cursus magna, vel scelerisque nisl consectetur et.<\\/p><p>Integer posuere erat a ante venenatis dapibus posuere velit aliquet. Nulla vitae elit libero, a pharetra augue. Praesent commodo cursus magna, vel scelerisque nisl consectetur et. Cum sociis natoque penatibus et magnis dis parturient montes, nascetur ridiculus mus. Lorem ipsum dolor sit amet, consectetur adipiscing elit.<\\/p>\"}},\"50\":{\"type\":\"imageBlock\",\"enabled\":\"1\",\"fields\":{\"image\":[\"49\"],\"position\":\"left\"}},\"46\":{\"type\":\"quoteBlock\",\"enabled\":\"1\",\"fields\":{\"quote\":\"<p>Cras justo odio, dapibus ac facilisis in, egestas eget quam.<\\/p>\"}},\"43\":{\"type\":\"imageBlock\",\"enabled\":\"1\",\"fields\":{\"image\":[\"45\",\"51\"],\"position\":\"right\"}}},\"14\":\"There once was a scary troll that ate all the good boys and girls.\"}}', '2015-01-02 03:40:41', '2015-01-02 03:40:41', '04e9c092-ca47-40c4-b359-9e7932c57d5f');
INSERT INTO `craft_entryversions` (`id`, `entryId`, `sectionId`, `creatorId`, `locale`, `num`, `notes`, `data`, `dateCreated`, `dateUpdated`, `uid`) VALUES ('29', '41', '5', '1', 'en_us', '8', '', '{\"typeId\":\"6\",\"authorId\":\"1\",\"title\":\"Little Troll Monsters\",\"slug\":\"little-troll-monsters\",\"postDate\":1420049340,\"expiryDate\":null,\"enabled\":1,\"fields\":{\"23\":[\"35\",\"37\",\"40\"],\"21\":{\"44\":{\"type\":\"datesBlock\",\"enabled\":\"1\",\"fields\":{\"date\":{\"date\":\"12\\/11\\/2014\",\"time\":\"12:30 AM\"}}},\"47\":{\"type\":\"datesBlock\",\"enabled\":\"1\",\"fields\":{\"date\":{\"date\":\"12\\/10\\/2014\",\"time\":\"1:30 AM\"}}},\"48\":{\"type\":\"datesBlock\",\"enabled\":\"1\",\"fields\":{\"date\":{\"date\":\"2\\/18\\/2015\",\"time\":\"4:00 AM\"}}}},\"16\":{\"42\":{\"type\":\"descriptionBlock\",\"enabled\":\"1\",\"fields\":{\"description\":\"<p>Sed posuere consectetur est at lobortis. Donec id elit non mi porta gravida at eget metus. Praesent commodo cursus magna, vel scelerisque nisl consectetur et. Praesent commodo cursus magna, vel scelerisque nisl consectetur et.<\\/p><p>Integer posuere erat a ante venenatis dapibus posuere velit aliquet. Nulla vitae elit libero, a pharetra augue. Praesent commodo cursus magna, vel scelerisque nisl consectetur et. Cum sociis natoque penatibus et magnis dis parturient montes, nascetur ridiculus mus. Lorem ipsum dolor sit amet, consectetur adipiscing elit.<\\/p>\"}},\"50\":{\"type\":\"imageBlock\",\"enabled\":\"1\",\"fields\":{\"image\":[\"49\"],\"position\":\"left\"}},\"46\":{\"type\":\"quoteBlock\",\"enabled\":\"1\",\"fields\":{\"quote\":\"<p>Cras justo odio, dapibus ac facilisis in, egestas eget quam. Is this not updating?<\\/p>\"}},\"43\":{\"type\":\"imageBlock\",\"enabled\":\"1\",\"fields\":{\"image\":[\"45\",\"51\"],\"position\":\"right\"}}},\"14\":\"There once was a scary troll that ate all the good boys and girls.\"}}', '2015-01-02 03:41:18', '2015-01-02 03:41:18', '6efa2577-61b5-414e-8e07-dfcb160a2e92');
INSERT INTO `craft_entryversions` (`id`, `entryId`, `sectionId`, `creatorId`, `locale`, `num`, `notes`, `data`, `dateCreated`, `dateUpdated`, `uid`) VALUES ('30', '41', '5', '1', 'en_us', '9', '', '{\"typeId\":\"6\",\"authorId\":\"1\",\"title\":\"Little Troll Monsters\",\"slug\":\"little-troll-monsters\",\"postDate\":1420049340,\"expiryDate\":null,\"enabled\":1,\"fields\":{\"23\":[\"35\",\"37\",\"40\"],\"21\":{\"44\":{\"type\":\"datesBlock\",\"enabled\":\"1\",\"fields\":{\"date\":{\"date\":\"12\\/11\\/2014\",\"time\":\"12:30 AM\"}}},\"47\":{\"type\":\"datesBlock\",\"enabled\":\"1\",\"fields\":{\"date\":{\"date\":\"12\\/10\\/2014\",\"time\":\"1:30 AM\"}}},\"48\":{\"type\":\"datesBlock\",\"enabled\":\"1\",\"fields\":{\"date\":{\"date\":\"2\\/18\\/2015\",\"time\":\"4:00 AM\"}}}},\"16\":{\"50\":{\"type\":\"imageBlock\",\"enabled\":\"1\",\"fields\":{\"image\":[\"49\"],\"position\":\"left\"}},\"42\":{\"type\":\"descriptionBlock\",\"enabled\":\"1\",\"fields\":{\"description\":\"<p>Sed posuere consectetur est at lobortis. Donec id elit non mi porta gravida at eget metus. Praesent commodo cursus magna, vel scelerisque nisl consectetur et. Praesent commodo cursus magna, vel scelerisque nisl consectetur et.<\\/p><p>Integer posuere erat a ante venenatis dapibus posuere velit aliquet. Nulla vitae elit libero, a pharetra augue. Praesent commodo cursus magna, vel scelerisque nisl consectetur et. Cum sociis natoque penatibus et magnis dis parturient montes, nascetur ridiculus mus. Lorem ipsum dolor sit amet, consectetur adipiscing elit.<\\/p>\"}},\"46\":{\"type\":\"quoteBlock\",\"enabled\":\"1\",\"fields\":{\"quote\":\"<p>Cras justo odio, dapibus ac facilisis in, egestas eget quam. Is this not updating?<\\/p>\"}},\"43\":{\"type\":\"imageBlock\",\"enabled\":\"1\",\"fields\":{\"image\":[\"45\",\"51\"],\"position\":\"right\"}}},\"14\":\"There once was a scary troll that ate all the good boys and girls.\"}}', '2015-01-02 04:10:16', '2015-01-02 04:10:16', '187378bf-733b-44ac-b996-522c2539daa8');
INSERT INTO `craft_entryversions` (`id`, `entryId`, `sectionId`, `creatorId`, `locale`, `num`, `notes`, `data`, `dateCreated`, `dateUpdated`, `uid`) VALUES ('31', '41', '5', '1', 'en_us', '10', '', '{\"typeId\":\"6\",\"authorId\":\"1\",\"title\":\"Little Troll Monsters\",\"slug\":\"little-troll-monsters\",\"postDate\":1420049340,\"expiryDate\":null,\"enabled\":1,\"fields\":{\"23\":[\"35\",\"37\",\"40\"],\"21\":{\"44\":{\"type\":\"datesBlock\",\"enabled\":\"1\",\"fields\":{\"date\":{\"date\":\"12\\/11\\/2014\",\"time\":\"12:30 AM\"}}},\"47\":{\"type\":\"datesBlock\",\"enabled\":\"1\",\"fields\":{\"date\":{\"date\":\"12\\/10\\/2014\",\"time\":\"1:30 AM\"}}},\"48\":{\"type\":\"datesBlock\",\"enabled\":\"1\",\"fields\":{\"date\":{\"date\":\"2\\/18\\/2015\",\"time\":\"4:00 AM\"}}}},\"16\":{\"46\":{\"type\":\"quoteBlock\",\"enabled\":\"1\",\"fields\":{\"quote\":\"<p>\\r\\n\\tCras justo odio, dapibus ac facilisis in, egestas eget quam. Is this not updating?\\r\\n<\\/p>\"}},\"50\":{\"type\":\"imageBlock\",\"enabled\":\"1\",\"fields\":{\"image\":[\"49\"],\"position\":\"left\"}},\"42\":{\"type\":\"descriptionBlock\",\"enabled\":\"1\",\"fields\":{\"description\":\"<p>\\r\\n\\tSed posuere consectetur est at lobortis. Donec id elit non mi porta gravida at eget metus. Praesent commodo cursus magna, vel scelerisque nisl consectetur et. Praesent commodo cursus magna, vel scelerisque nisl consectetur et.\\r\\n<\\/p><p>\\r\\n\\tInteger posuere erat a ante venenatis dapibus posuere velit aliquet. Nulla vitae elit libero, a pharetra augue. Praesent commodo cursus magna, vel scelerisque nisl consectetur et. Cum sociis natoque penatibus et magnis dis parturient montes, nascetur ridiculus mus. Lorem ipsum dolor sit amet, consectetur adipiscing elit.\\r\\n<\\/p>\"}},\"43\":{\"type\":\"imageBlock\",\"enabled\":\"1\",\"fields\":{\"image\":[\"45\",\"51\"],\"position\":\"right\"}}},\"14\":\"There once was a scary troll that ate all the good boys and girls.\"}}', '2015-01-02 17:51:09', '2015-01-02 17:51:09', '5cf78571-06cb-4f5e-be05-eaeb1a407bf1');
INSERT INTO `craft_entryversions` (`id`, `entryId`, `sectionId`, `creatorId`, `locale`, `num`, `notes`, `data`, `dateCreated`, `dateUpdated`, `uid`) VALUES ('32', '41', '5', '1', 'en_us', '11', '', '{\"typeId\":\"6\",\"authorId\":\"1\",\"title\":\"Little Troll Monsters\",\"slug\":\"little-troll-monsters\",\"postDate\":1420049340,\"expiryDate\":null,\"enabled\":1,\"fields\":{\"23\":[\"35\",\"37\",\"40\"],\"21\":{\"44\":{\"type\":\"datesBlock\",\"enabled\":\"1\",\"fields\":{\"date\":{\"date\":\"12\\/11\\/2014\",\"time\":\"12:30 AM\"}}},\"47\":{\"type\":\"datesBlock\",\"enabled\":\"1\",\"fields\":{\"date\":{\"date\":\"12\\/10\\/2014\",\"time\":\"1:30 AM\"}}},\"48\":{\"type\":\"datesBlock\",\"enabled\":\"1\",\"fields\":{\"date\":{\"date\":\"2\\/18\\/2015\",\"time\":\"4:00 AM\"}}}},\"16\":{\"46\":{\"type\":\"quoteBlock\",\"enabled\":\"1\",\"fields\":{\"quote\":\"<p>\\tCras justo odio, dapibus ac facilisis in, egestas eget quam. Is this not updating?<\\/p>\",\"citation\":\"Bob Marteal\",\"position\":\"left\"}},\"50\":{\"type\":\"imageBlock\",\"enabled\":\"1\",\"fields\":{\"image\":[\"49\"],\"caption\":\"\"}},\"42\":{\"type\":\"textBlock\",\"enabled\":\"1\",\"fields\":{\"textField\":\"<p>\\r\\n\\tSed posuere consectetur est at lobortis. Donec id elit non mi porta gravida at eget metus. Praesent commodo cursus magna, vel scelerisque nisl consectetur et. Praesent commodo cursus magna, vel scelerisque nisl consectetur et.\\r\\n<\\/p><p>\\r\\n\\tInteger posuere erat a ante venenatis dapibus posuere velit aliquet. Nulla vitae elit libero, a pharetra augue. Praesent commodo cursus magna, vel scelerisque nisl consectetur et. Cum sociis natoque penatibus et magnis dis parturient montes, nascetur ridiculus mus. Lorem ipsum dolor sit amet, consectetur adipiscing elit.\\r\\n<\\/p>\"}},\"43\":{\"type\":\"imageBlock\",\"enabled\":\"1\",\"fields\":{\"image\":[\"45\",\"51\",\"52\"],\"caption\":\"\"}}},\"14\":\"There once was a scary troll that ate all the good boys and girls.\"}}', '2015-01-02 17:58:48', '2015-01-02 17:58:48', 'f0baa6a1-4f00-446d-8609-8414a2ba82e3');
INSERT INTO `craft_entryversions` (`id`, `entryId`, `sectionId`, `creatorId`, `locale`, `num`, `notes`, `data`, `dateCreated`, `dateUpdated`, `uid`) VALUES ('33', '41', '5', '1', 'en_us', '12', '', '{\"typeId\":\"6\",\"authorId\":\"1\",\"title\":\"Little Troll Monsters\",\"slug\":\"little-troll-monsters\",\"postDate\":1420049340,\"expiryDate\":null,\"enabled\":1,\"fields\":{\"23\":[\"35\",\"37\",\"40\"],\"21\":{\"44\":{\"type\":\"datesBlock\",\"enabled\":\"1\",\"fields\":{\"date\":{\"date\":\"12\\/11\\/2014\",\"time\":\"12:30 AM\"}}},\"47\":{\"type\":\"datesBlock\",\"enabled\":\"1\",\"fields\":{\"date\":{\"date\":\"12\\/10\\/2014\",\"time\":\"1:30 AM\"}}},\"48\":{\"type\":\"datesBlock\",\"enabled\":\"1\",\"fields\":{\"date\":{\"date\":\"2\\/18\\/2015\",\"time\":\"4:00 AM\"}}}},\"16\":{\"46\":{\"type\":\"quoteBlock\",\"enabled\":\"1\",\"fields\":{\"quote\":\"Cras justo odio, dapibus ac facilisis in, egestas eget quam. Is this not updating?\",\"citation\":\"Bob Marteal\",\"position\":\"left\"}},\"50\":{\"type\":\"imageBlock\",\"enabled\":\"1\",\"fields\":{\"image\":[\"49\"],\"caption\":\"\"}},\"42\":{\"type\":\"textBlock\",\"enabled\":\"1\",\"fields\":{\"text\":\"<p>\\r\\n\\tSed posuere consectetur est at lobortis. Donec id elit non mi porta gravida at eget metus. Praesent commodo cursus magna, vel scelerisque nisl consectetur et. Praesent commodo cursus magna, vel scelerisque nisl consectetur et.\\r\\n<\\/p><p>\\r\\n\\tInteger posuere erat a ante venenatis dapibus posuere velit aliquet. Nulla vitae elit libero, a pharetra augue. Praesent commodo cursus magna, vel scelerisque nisl consectetur et. Cum sociis natoque penatibus et magnis dis parturient montes, nascetur ridiculus mus. Lorem ipsum dolor sit amet, consectetur adipiscing elit.\\r\\n<\\/p>\"}},\"43\":{\"type\":\"imageBlock\",\"enabled\":\"1\",\"fields\":{\"image\":[\"45\",\"51\",\"52\"],\"caption\":\"\"}}},\"14\":\"There once was a scary troll that ate all the good boys and girls.\"}}', '2015-01-02 18:03:02', '2015-01-02 18:03:02', 'a70b540f-2052-487b-b003-cf38461a4bcc');
INSERT INTO `craft_entryversions` (`id`, `entryId`, `sectionId`, `creatorId`, `locale`, `num`, `notes`, `data`, `dateCreated`, `dateUpdated`, `uid`) VALUES ('34', '53', '5', '1', 'en_us', '1', '', '{\"typeId\":null,\"authorId\":\"1\",\"title\":\"Bonkers-ville Rambling\",\"slug\":\"bonkers-ville-rambling\",\"postDate\":1420225919,\"expiryDate\":null,\"enabled\":1,\"fields\":{\"23\":[\"36\",\"39\"],\"21\":{\"new1\":{\"type\":\"datesBlock\",\"enabled\":\"1\",\"fields\":{\"date\":{\"date\":\"1\\/16\\/2015\",\"time\":\"9:30 PM\"}}},\"new2\":{\"type\":\"datesBlock\",\"enabled\":\"1\",\"fields\":{\"date\":{\"date\":\"3\\/11\\/2015\",\"time\":\"4:00 PM\"}}},\"new3\":{\"type\":\"datesBlock\",\"enabled\":\"1\",\"fields\":{\"date\":{\"date\":\"2\\/12\\/2015\",\"time\":\"1:30 PM\"}}}},\"16\":{\"new1\":{\"type\":\"textBlock\",\"enabled\":\"1\",\"fields\":{\"text\":\"<p>Nullam id dolor id nibh ultricies vehicula ut id elit. Vivamus sagittis lacus vel augue laoreet rutrum faucibus dolor auctor. Aenean eu leo quam. Pellentesque ornare sem lacinia quam venenatis vestibulum. Vivamus sagittis lacus vel augue laoreet rutrum faucibus dolor auctor.<\\/p><p>Maecenas sed diam eget risus varius blandit sit amet non magna. Donec id elit non mi porta gravida at eget metus. Maecenas sed diam eget risus varius blandit sit amet non magna. Etiam porta sem malesuada magna mollis euismod. Aenean lacinia bibendum nulla sed consectetur. Cras mattis consectetur purus sit amet fermentum.<\\/p><p>Duis mollis, est non commodo luctus, nisi erat porttitor ligula, eget lacinia odio sem nec elit. Lorem ipsum dolor sit amet, consectetur adipiscing elit. Curabitur blandit tempus porttitor. Vivamus sagittis lacus vel augue laoreet rutrum faucibus dolor auctor. Donec id elit non mi porta gravida at eget metus. Donec sed odio dui. Donec id elit non mi porta gravida at eget metus.<\\/p>\"}}},\"14\":\"Come join us as we ramble the wetlands of America\"}}', '2015-01-02 19:11:59', '2015-01-02 19:11:59', '451e2aee-20e9-4907-a401-be1e6d6f6a5c');
INSERT INTO `craft_entryversions` (`id`, `entryId`, `sectionId`, `creatorId`, `locale`, `num`, `notes`, `data`, `dateCreated`, `dateUpdated`, `uid`) VALUES ('36', '59', '6', '1', 'en_us', '1', '', '{\"typeId\":null,\"authorId\":\"1\",\"title\":\"Little Troll Monsters\",\"slug\":\"little-troll-monsters-1\",\"postDate\":1420228251,\"expiryDate\":null,\"enabled\":1,\"fields\":{\"28\":{\"date\":\"12\\/11\\/2014\",\"time\":\"\"}}}', '2015-01-02 19:50:52', '2015-01-02 19:50:52', '7c70bc17-22dc-4fcc-ab80-dce71253a8c0');
INSERT INTO `craft_entryversions` (`id`, `entryId`, `sectionId`, `creatorId`, `locale`, `num`, `notes`, `data`, `dateCreated`, `dateUpdated`, `uid`) VALUES ('38', '59', '6', '1', 'en_us', '2', '', '{\"typeId\":\"7\",\"authorId\":\"1\",\"title\":\"Little Troll Monsters\",\"slug\":\"little-troll-monsters-1\",\"postDate\":1420228200,\"expiryDate\":null,\"enabled\":1,\"fields\":{\"29\":{\"date\":\"12\\/11\\/2014\",\"time\":\"\"},\"30\":[\"41\"]}}', '2015-01-02 20:21:51', '2015-01-02 20:21:51', 'b32cdfb5-2c8a-49ac-8b7e-9aa1ce89b584');
INSERT INTO `craft_entryversions` (`id`, `entryId`, `sectionId`, `creatorId`, `locale`, `num`, `notes`, `data`, `dateCreated`, `dateUpdated`, `uid`) VALUES ('39', '60', '6', '1', 'en_us', '1', '', '{\"typeId\":null,\"authorId\":\"1\",\"title\":\"Little Troll Monsters\",\"slug\":\"little-troll-monsters-2\",\"postDate\":1420230187,\"expiryDate\":null,\"enabled\":1,\"fields\":{\"29\":{\"date\":\"2\\/18\\/2015\",\"time\":\"\"},\"30\":[\"41\"]}}', '2015-01-02 20:23:08', '2015-01-02 20:23:08', '40a3da88-e030-493b-a6e2-a93893f60cc0');
INSERT INTO `craft_entryversions` (`id`, `entryId`, `sectionId`, `creatorId`, `locale`, `num`, `notes`, `data`, `dateCreated`, `dateUpdated`, `uid`) VALUES ('41', '59', '6', '1', 'en_us', '3', '', '{\"typeId\":\"7\",\"authorId\":\"1\",\"title\":\"Little Troll Monsters 12\\/11\",\"slug\":\"little-troll-monsters-1\",\"postDate\":1420228200,\"expiryDate\":null,\"enabled\":1,\"fields\":{\"29\":{\"date\":\"12\\/11\\/2014\",\"time\":\"12:00 AM\"},\"30\":[\"41\"]}}', '2015-01-02 20:24:24', '2015-01-02 20:24:24', '70342fb5-c954-42b2-890e-a0524fe0d38a');
INSERT INTO `craft_entryversions` (`id`, `entryId`, `sectionId`, `creatorId`, `locale`, `num`, `notes`, `data`, `dateCreated`, `dateUpdated`, `uid`) VALUES ('42', '60', '6', '1', 'en_us', '2', '', '{\"typeId\":\"7\",\"authorId\":\"1\",\"title\":\"Little Troll Monsters 2\\/18\",\"slug\":\"little-troll-monsters-2\",\"postDate\":1420230180,\"expiryDate\":null,\"enabled\":1,\"fields\":{\"29\":{\"date\":\"2\\/18\\/2015\",\"time\":\"12:00 AM\"},\"30\":[\"41\"]}}', '2015-01-02 20:24:35', '2015-01-02 20:24:35', 'aded5b6f-153f-4ac5-9bae-14c2cc224713');
INSERT INTO `craft_entryversions` (`id`, `entryId`, `sectionId`, `creatorId`, `locale`, `num`, `notes`, `data`, `dateCreated`, `dateUpdated`, `uid`) VALUES ('43', '61', '6', '1', 'en_us', '1', '', '{\"typeId\":null,\"authorId\":\"1\",\"title\":\"Bonkers-ville Rambling 1\\/16\",\"slug\":\"bonkers-ville-rambling-1-16\",\"postDate\":1420230312,\"expiryDate\":null,\"enabled\":1,\"fields\":{\"29\":{\"date\":\"1\\/16\\/2015\",\"time\":\"\"},\"30\":[\"53\"]}}', '2015-01-02 20:25:12', '2015-01-02 20:25:12', '3a913f5a-a98d-43cf-beb3-07618b439df0');
INSERT INTO `craft_entryversions` (`id`, `entryId`, `sectionId`, `creatorId`, `locale`, `num`, `notes`, `data`, `dateCreated`, `dateUpdated`, `uid`) VALUES ('44', '62', '6', '1', 'en_us', '1', '', '{\"typeId\":null,\"authorId\":\"1\",\"title\":\"Bonkers-ville Rambling 2\\/12\",\"slug\":\"bonkers-ville-rambling-2-12\",\"postDate\":1420230333,\"expiryDate\":null,\"enabled\":1,\"fields\":{\"29\":{\"date\":\"2\\/12\\/2015\",\"time\":\"\"},\"30\":\"\"}}', '2015-01-02 20:25:34', '2015-01-02 20:25:34', '68ebaa50-71ae-4bfa-957a-226d5175fa22');
INSERT INTO `craft_entryversions` (`id`, `entryId`, `sectionId`, `creatorId`, `locale`, `num`, `notes`, `data`, `dateCreated`, `dateUpdated`, `uid`) VALUES ('45', '63', '6', '1', 'en_us', '1', '', '{\"typeId\":null,\"authorId\":\"1\",\"title\":\"Bonkers-ville Rambling 3\\/11\",\"slug\":\"bonkers-ville-rambling-3-11\",\"postDate\":1420230354,\"expiryDate\":null,\"enabled\":1,\"fields\":{\"29\":{\"date\":\"3\\/11\\/2015\",\"time\":\"\"},\"30\":[\"53\"]}}', '2015-01-02 20:25:54', '2015-01-02 20:25:54', '2852231b-2811-4453-89aa-105ce80937a5');
INSERT INTO `craft_entryversions` (`id`, `entryId`, `sectionId`, `creatorId`, `locale`, `num`, `notes`, `data`, `dateCreated`, `dateUpdated`, `uid`) VALUES ('46', '2', '1', '1', 'en_us', '1', '', '{\"typeId\":\"1\",\"authorId\":null,\"title\":\"Homepage\",\"slug\":\"homepage\",\"postDate\":1416961230,\"expiryDate\":null,\"enabled\":1,\"fields\":{\"2\":\"<p>Everything we do at the Ithaca Children\'s Garden is done with one goal in mind: To inspire the next generation of environmental stewards. We know the best way to do that is to get more children outside, with hands-on experiences, having fun in the natural world. Come visit and discover ICG for yourself. Bring your family and friends. Register your child for a program. Become a member, volunteer, or make a financial gift online. Together, we are better.<span><\\/span><br><\\/p>\",\"1\":\"Ithaca Children\'s Garden on Craft\"}}', '2015-01-02 22:59:21', '2015-01-02 22:59:21', '719d7971-9ca4-4e41-a709-010a408f3c1d');
INSERT INTO `craft_entryversions` (`id`, `entryId`, `sectionId`, `creatorId`, `locale`, `num`, `notes`, `data`, `dateCreated`, `dateUpdated`, `uid`) VALUES ('47', '2', '1', '1', 'en_us', '2', '', '{\"typeId\":\"1\",\"authorId\":null,\"title\":\"Homepage\",\"slug\":\"homepage\",\"postDate\":1416961230,\"expiryDate\":null,\"enabled\":1,\"fields\":{\"2\":\"<p>Everything we do at the Ithaca Children\'s Garden is done with one goal in mind: To inspire the next generation of environmental stewards. We know the best way to do that is to get more children outside, with hands-on experiences, having fun in the natural world. Come visit and discover ICG for yourself. Bring your family and friends. Register your child for a program. Become a member, volunteer, or make a financial gift online. Together, we are better.<br><\\/p>\",\"1\":\"Connecting kids with nature\"}}', '2015-01-02 22:59:52', '2015-01-02 22:59:52', 'f31ac0b9-3fea-4df4-a2c3-8b192f7b5c11');
INSERT INTO `craft_entryversions` (`id`, `entryId`, `sectionId`, `creatorId`, `locale`, `num`, `notes`, `data`, `dateCreated`, `dateUpdated`, `uid`) VALUES ('48', '2', '1', '1', 'en_us', '3', '', '{\"typeId\":\"1\",\"authorId\":null,\"title\":\"Homepage\",\"slug\":\"homepage\",\"postDate\":1416961230,\"expiryDate\":null,\"enabled\":1,\"fields\":{\"2\":\"<p>Everything we do at the Ithaca Children\'s Garden is done with one goal in mind: To inspire the next generation of environmental stewards. We know the best way to do that is to get more children outside, with hands-on experiences, having fun in the natural world. Come visit and discover ICG for yourself. Bring your family and friends. Register your child for a program. Become a member, volunteer, or make a financial gift online. Together, we are better.<br><\\/p><p>Vivamus sagittis lacus vel augue laoreet rutrum faucibus dolor auctor. Nulla vitae elit libero, a pharetra augue. Donec ullamcorper nulla non metus auctor fringilla. Etiam porta sem malesuada magna mollis euismod. Nullam id dolor id nibh ultricies vehicula ut id elit. Integer posuere erat a ante venenatis dapibus posuere velit aliquet.<\\/p><p>Nullam quis risus eget urna mollis ornare vel eu leo. Aenean lacinia bibendum nulla sed consectetur. Sed posuere consectetur est at lobortis. Praesent commodo cursus magna, vel scelerisque nisl consectetur et.<\\/p><p>Cum sociis natoque penatibus et magnis dis parturient montes, nascetur ridiculus mus. Praesent commodo cursus magna, vel scelerisque nisl consectetur et. Sed posuere consectetur est at lobortis. Nulla vitae elit libero, a pharetra augue. Maecenas faucibus mollis interdum. Etiam porta sem malesuada magna mollis euismod. Praesent commodo cursus magna, vel scelerisque nisl consectetur et.<\\/p><p>Cras justo odio, dapibus ac facilisis in, egestas eget quam. Vivamus sagittis lacus vel augue laoreet rutrum faucibus dolor auctor. Aenean lacinia bibendum nulla sed consectetur. Donec ullamcorper nulla non metus auctor fringilla. Cras justo odio, dapibus ac facilisis in, egestas eget quam. Curabitur blandit tempus porttitor.<\\/p>\",\"1\":\"Connecting kids with nature\"}}', '2015-01-03 00:20:17', '2015-01-03 00:20:17', '31734d26-78cd-4461-9dfc-ee6df8a2a546');
INSERT INTO `craft_entryversions` (`id`, `entryId`, `sectionId`, `creatorId`, `locale`, `num`, `notes`, `data`, `dateCreated`, `dateUpdated`, `uid`) VALUES ('49', '65', '7', '1', 'en_us', '1', '', '{\"typeId\":null,\"authorId\":\"1\",\"title\":\"Programs\",\"slug\":\"programs\",\"postDate\":1420253961,\"expiryDate\":null,\"enabled\":1,\"fields\":{\"31\":{\"new1\":{\"type\":\"featuredLinkBlock\",\"enabled\":\"1\",\"fields\":{\"linkTitle\":\"Programs\",\"linkImage\":[\"64\"],\"linkHook\":\"Innovative researched based education programs for kids, schools and families.\",\"linkLink\":\"\"}}}}}', '2015-01-03 02:59:22', '2015-01-03 02:59:22', 'fbefe533-94eb-465f-a4f6-15cd1ac2b016');
INSERT INTO `craft_entryversions` (`id`, `entryId`, `sectionId`, `creatorId`, `locale`, `num`, `notes`, `data`, `dateCreated`, `dateUpdated`, `uid`) VALUES ('50', '65', '7', '1', 'en_us', '2', '', '{\"typeId\":\"8\",\"authorId\":\"1\",\"title\":\"Programs\",\"slug\":\"programs\",\"postDate\":1420253940,\"expiryDate\":null,\"enabled\":1,\"fields\":{\"31\":{\"66\":{\"type\":\"featuredLinkBlock\",\"enabled\":\"1\",\"fields\":{\"linkTitle\":\"Programs\",\"linkImage\":[\"64\"],\"linkHook\":\"Innovative researched based education programs for kids, schools and families.\",\"linkLink\":\"\\/programs\\/\"}}}}}', '2015-01-03 03:01:37', '2015-01-03 03:01:37', '7a9b0b08-625b-44d3-a467-be7a8f6e062e');
INSERT INTO `craft_entryversions` (`id`, `entryId`, `sectionId`, `creatorId`, `locale`, `num`, `notes`, `data`, `dateCreated`, `dateUpdated`, `uid`) VALUES ('51', '68', '7', '1', 'en_us', '1', '', '{\"typeId\":null,\"authorId\":\"1\",\"title\":\"HONAZ\",\"slug\":\"honaz\",\"postDate\":1420254228,\"expiryDate\":null,\"enabled\":1,\"fields\":{\"31\":{\"new1\":{\"type\":\"featuredLinkBlock\",\"enabled\":\"1\",\"fields\":{\"linkTitle\":\"Hands on Nature Anarchy Zone\",\"linkImage\":[\"67\"],\"linkHook\":\"The first hands-on adventure playground in the United States.\",\"linkLink\":\"#\"}}}}}', '2015-01-03 03:03:48', '2015-01-03 03:03:48', 'b6784e24-d5c2-4f61-953e-c4086127521d');
INSERT INTO `craft_entryversions` (`id`, `entryId`, `sectionId`, `creatorId`, `locale`, `num`, `notes`, `data`, `dateCreated`, `dateUpdated`, `uid`) VALUES ('52', '2', '1', '1', 'en_us', '4', '', '{\"typeId\":\"1\",\"authorId\":null,\"title\":\"Homepage\",\"slug\":\"homepage\",\"postDate\":1416961230,\"expiryDate\":null,\"enabled\":1,\"fields\":{\"2\":\"<p>Everything we do at the Ithaca Children\'s Garden is done with one goal in mind: To inspire the next generation of environmental stewards. We know the best way to do that is to get more children outside, with hands-on experiences, having fun in the natural world. Come visit and discover ICG for yourself. Bring your family and friends. Register your child for a program. Become a member, volunteer, or make a financial gift online. Together, we are better.<\\/p>\",\"1\":\"Connecting kids with nature\"}}', '2015-01-03 03:04:08', '2015-01-03 03:04:08', 'c28fb697-a765-4db3-84a6-f4af4212cf70');
INSERT INTO `craft_entryversions` (`id`, `entryId`, `sectionId`, `creatorId`, `locale`, `num`, `notes`, `data`, `dateCreated`, `dateUpdated`, `uid`) VALUES ('53', '71', '7', '1', 'en_us', '1', '', '{\"typeId\":null,\"authorId\":\"1\",\"title\":\"The Garden\",\"slug\":\"the-garden\",\"postDate\":1420258427,\"expiryDate\":null,\"enabled\":1,\"fields\":{\"31\":{\"new1\":{\"type\":\"featuredLinkBlock\",\"enabled\":\"1\",\"fields\":{\"linkTitle\":\"The Garden\",\"linkImage\":[\"70\"],\"linkHook\":\"The garden has several features, need more here.\",\"linkLink\":\"\\/the_garden\\/\"}}}}}', '2015-01-03 04:13:47', '2015-01-03 04:13:47', '5ff7fca8-bd87-446a-b438-c961916a4b14');
INSERT INTO `craft_entryversions` (`id`, `entryId`, `sectionId`, `creatorId`, `locale`, `num`, `notes`, `data`, `dateCreated`, `dateUpdated`, `uid`) VALUES ('54', '71', '7', '1', 'en_us', '2', '', '{\"typeId\":\"8\",\"authorId\":\"1\",\"title\":\"The Garden\",\"slug\":\"the-garden\",\"postDate\":1420258380,\"expiryDate\":null,\"enabled\":1,\"fields\":{\"31\":{\"72\":{\"type\":\"featuredLinkBlock\",\"enabled\":\"1\",\"fields\":{\"linkTitle\":\"The Garden\",\"linkImage\":[\"70\"],\"linkHook\":\"The garden has several features designed to enchant and enlighten children of all ages.\",\"linkLink\":\"\\/the_garden\\/\"}}}}}', '2015-01-03 04:17:04', '2015-01-03 04:17:04', '836da052-f238-4047-a2ee-6fd007c191d2');
INSERT INTO `craft_entryversions` (`id`, `entryId`, `sectionId`, `creatorId`, `locale`, `num`, `notes`, `data`, `dateCreated`, `dateUpdated`, `uid`) VALUES ('55', '74', '7', '1', 'en_us', '1', '', '{\"typeId\":null,\"authorId\":\"1\",\"title\":\"Fire and Ice Festival\",\"slug\":\"fire-and-ice-festival\",\"postDate\":1420259406,\"expiryDate\":null,\"enabled\":1,\"fields\":{\"31\":{\"new1\":{\"type\":\"featuredLinkBlock\",\"enabled\":\"1\",\"fields\":{\"linkTitle\":\"Fire and Ice\",\"linkImage\":[\"73\"],\"linkHook\":\"Make ice sculptures, drink hot coco from a cauldron and enjoy winter with friends.\",\"linkLink\":\"#\"}}}}}', '2015-01-03 04:30:07', '2015-01-03 04:30:07', '07f9528a-1aef-4219-bf9b-50a3f1117e89');
INSERT INTO `craft_entryversions` (`id`, `entryId`, `sectionId`, `creatorId`, `locale`, `num`, `notes`, `data`, `dateCreated`, `dateUpdated`, `uid`) VALUES ('56', '77', '7', '1', 'en_us', '1', '', '{\"typeId\":null,\"authorId\":\"1\",\"title\":\"Blog\",\"slug\":\"blog\",\"postDate\":1420259600,\"expiryDate\":null,\"enabled\":1,\"fields\":{\"31\":{\"new1\":{\"type\":\"featuredLinkBlock\",\"enabled\":\"1\",\"fields\":{\"linkTitle\":\"From the Blog\",\"linkImage\":[\"76\"],\"linkHook\":\"Follow the latest news for education programs and garden happenings on the blog.\",\"linkLink\":\"\\/news\\/\"}}}}}', '2015-01-03 04:33:20', '2015-01-03 04:33:20', '79b29c01-1888-4dd7-8a42-40b40e8651aa');
INSERT INTO `craft_entryversions` (`id`, `entryId`, `sectionId`, `creatorId`, `locale`, `num`, `notes`, `data`, `dateCreated`, `dateUpdated`, `uid`) VALUES ('57', '80', '7', '1', 'en_us', '1', '', '{\"typeId\":null,\"authorId\":\"1\",\"title\":\"Volunteer\",\"slug\":\"volunteer\",\"postDate\":1420259785,\"expiryDate\":null,\"enabled\":1,\"fields\":{\"31\":{\"new1\":{\"type\":\"featuredLinkBlock\",\"enabled\":\"1\",\"fields\":{\"linkTitle\":\"Volunteer\",\"linkImage\":[\"79\"],\"linkHook\":\"Volunteers are always welcome. Pushing mulch or reading to children is always fun and rewarding.\",\"linkLink\":\"#\"}}}}}', '2015-01-03 04:36:25', '2015-01-03 04:36:25', 'ca22cfc7-872b-4894-aced-8f0a0b5154d6');
INSERT INTO `craft_entryversions` (`id`, `entryId`, `sectionId`, `creatorId`, `locale`, `num`, `notes`, `data`, `dateCreated`, `dateUpdated`, `uid`) VALUES ('58', '82', '8', '1', 'en_us', '1', '', '{\"typeId\":null,\"authorId\":\"1\",\"title\":\"Home\",\"slug\":\"home\",\"postDate\":1420265374,\"expiryDate\":null,\"enabled\":1,\"fields\":{\"36\":[\"2\"],\"37\":\"\"}}', '2015-01-03 06:09:35', '2015-01-03 06:09:35', 'c36213b6-b45b-48a3-baea-6e77599694ec');
INSERT INTO `craft_entryversions` (`id`, `entryId`, `sectionId`, `creatorId`, `locale`, `num`, `notes`, `data`, `dateCreated`, `dateUpdated`, `uid`) VALUES ('59', '83', '8', '1', 'en_us', '1', '', '{\"typeId\":null,\"authorId\":\"1\",\"title\":\"Programs\",\"slug\":\"programs\",\"postDate\":1420265415,\"expiryDate\":null,\"enabled\":1,\"fields\":{\"36\":\"\",\"37\":\"programs\"}}', '2015-01-03 06:10:15', '2015-01-03 06:10:15', 'c7d8a635-a704-445a-bebe-def7c521d7f0');
INSERT INTO `craft_entryversions` (`id`, `entryId`, `sectionId`, `creatorId`, `locale`, `num`, `notes`, `data`, `dateCreated`, `dateUpdated`, `uid`) VALUES ('60', '84', '8', '1', 'en_us', '1', '', '{\"typeId\":null,\"authorId\":\"1\",\"title\":\"Blog\",\"slug\":\"blog\",\"postDate\":1420265444,\"expiryDate\":null,\"enabled\":1,\"fields\":{\"36\":\"\",\"37\":\"news\"}}', '2015-01-03 06:10:44', '2015-01-03 06:10:44', '5854962f-99fe-4a99-a5c8-a2ef752384fc');
INSERT INTO `craft_entryversions` (`id`, `entryId`, `sectionId`, `creatorId`, `locale`, `num`, `notes`, `data`, `dateCreated`, `dateUpdated`, `uid`) VALUES ('61', '83', '8', '1', 'en_us', '2', '', '{\"typeId\":\"10\",\"authorId\":\"1\",\"title\":\"Programs\",\"slug\":\"programs\",\"postDate\":1420265400,\"expiryDate\":null,\"enabled\":1,\"fields\":{\"37\":\"programs\"}}', '2015-01-03 06:24:59', '2015-01-03 06:24:59', '0dda5790-dfd4-47a0-97a7-bce31b57bad9');
INSERT INTO `craft_entryversions` (`id`, `entryId`, `sectionId`, `creatorId`, `locale`, `num`, `notes`, `data`, `dateCreated`, `dateUpdated`, `uid`) VALUES ('62', '84', '8', '1', 'en_us', '2', '', '{\"typeId\":\"10\",\"authorId\":\"1\",\"title\":\"Blog\",\"slug\":\"blog\",\"postDate\":1420265400,\"expiryDate\":null,\"enabled\":1,\"fields\":{\"37\":\"news\"}}', '2015-01-03 06:25:08', '2015-01-03 06:25:08', '20f703c3-0a07-481d-8763-c546f7df5aab');
INSERT INTO `craft_entryversions` (`id`, `entryId`, `sectionId`, `creatorId`, `locale`, `num`, `notes`, `data`, `dateCreated`, `dateUpdated`, `uid`) VALUES ('63', '74', '7', '1', 'en_us', '2', '', '{\"typeId\":\"8\",\"authorId\":\"1\",\"title\":\"Fire and Ice Festival\",\"slug\":\"fire-and-ice-festival\",\"postDate\":1420259400,\"expiryDate\":null,\"enabled\":1,\"fields\":{\"31\":{\"75\":{\"type\":\"featuredLinkBlock\",\"enabled\":\"1\",\"fields\":{\"linkTitle\":\"Events\",\"linkImage\":[\"73\"],\"linkHook\":\"Fire and Ice Festival is awesome. Make ice sculptures, drink hot coco from a cauldron and enjoy winter with friends.\",\"linkLink\":\"#\"}}}}}', '2015-01-03 15:17:59', '2015-01-03 15:17:59', '6b3e752b-b45e-4a50-983c-5b4d77540e12');
INSERT INTO `craft_entryversions` (`id`, `entryId`, `sectionId`, `creatorId`, `locale`, `num`, `notes`, `data`, `dateCreated`, `dateUpdated`, `uid`) VALUES ('64', '86', '9', '1', 'en_us', '1', '', '{\"typeId\":null,\"authorId\":\"1\",\"title\":\"About\",\"slug\":\"about\",\"postDate\":1420300777,\"expiryDate\":null,\"enabled\":1,\"fields\":{\"38\":{\"new1\":{\"type\":\"textBlock\",\"enabled\":\"1\",\"fields\":{\"textfield\":\"<p>The Ithaca Children\'s Garden (ICG) is both a place and a program, located on the Cayuga Waterfront Trail, minutes from downtown Ithaca. ICG has spent over a decade now building a three-acre public children\'s garden as well as developing, implementing, and evaluating a wide range of educational programs for children, teens, and the community.<\\/p><p>ICG works in coordination with Cornell Cooperative Extension to bring outstanding educational programming to the residents of Tompkins County and beyond. Our mutual commitment is to accessibility, inclusion, and promoting stewardship of the natural environment through hands-on, garden-based learning.<\\/p><p>The ICG holds educational programs throughout the year with the majority occurring during the growing season, between April and October. During June, July, and August, programs run nearly every Tuesday, Wednesday, Thursday, and Saturday at the Garden. Some of these programs are free, drop-in programs, while others, such as our Salad Farmers program and summer camps, require registration and fees. We provide scholarships for those who would be unable to participate without<\\/p>\"}},\"new2\":{\"type\":\"imageblock\",\"enabled\":\"1\",\"fields\":{\"imageField\":[\"85\"],\"imageText\":\"Making salad at summer camp\",\"imagePosition\":\"left\"}},\"new3\":{\"type\":\"quoteblock\",\"enabled\":\"1\",\"fields\":{\"quotefield\":\"Curabitur blandit tempus porttitor. Cras mattis consectetur purus sit amet fermentum. Vestibulum id ligula porta felis euismod semper.\",\"citationfield\":\"Happy Mother\",\"positionfield\":\"right\"}},\"new4\":{\"type\":\"videoBlock\",\"enabled\":\"1\",\"fields\":{\"videoTitle\":\"Welcome to ICG\",\"videoEmbedCode\":\"<iframe width=\\\"560\\\" height=\\\"315\\\" src=\\\"\\/\\/www.youtube.com\\/embed\\/30jLaP-1U-w?rel=0\\\" frameborder=\\\"0\\\" allowfullscreen><\\/iframe>\",\"positionField\":\"left\"}},\"new5\":{\"type\":\"relationsBlock\",\"enabled\":\"1\",\"fields\":{\"relatedEntriesTitle\":[\"3\",\"53\"]}}}}}', '2015-01-03 15:59:38', '2015-01-03 15:59:38', '5b9ff8ab-e051-48d9-b655-de2d32e75bec');
INSERT INTO `craft_entryversions` (`id`, `entryId`, `sectionId`, `creatorId`, `locale`, `num`, `notes`, `data`, `dateCreated`, `dateUpdated`, `uid`) VALUES ('65', '86', '9', '1', 'en_us', '2', '', '{\"typeId\":\"11\",\"authorId\":\"1\",\"title\":\"About\",\"slug\":\"about\",\"postDate\":1420300740,\"expiryDate\":null,\"enabled\":1,\"fields\":{\"38\":{\"88\":{\"type\":\"imageblock\",\"enabled\":\"1\",\"fields\":{\"imageField\":[\"85\"],\"imageText\":\"Making salad at summer camp\",\"imagePosition\":\"left\"}},\"91\":{\"type\":\"relationsBlock\",\"enabled\":\"1\",\"fields\":{\"relatedEntriesTitle\":[\"3\",\"53\"]}},\"87\":{\"type\":\"textBlock\",\"enabled\":\"1\",\"fields\":{\"textField\":\"<p>The Ithaca Children\'s Garden (ICG) is both a place and a program, located on the Cayuga Waterfront Trail, minutes from downtown Ithaca. ICG has spent over a decade now building a three-acre public children\'s garden as well as developing, implementing, and evaluating a wide range of educational programs for children, teens, and the community.<\\/p><p>ICG works in coordination with Cornell Cooperative Extension to bring outstanding educational programming to the residents of Tompkins County and beyond. Our mutual commitment is to accessibility, inclusion, and promoting stewardship of the natural environment through hands-on, garden-based learning.<\\/p><p>The ICG holds educational programs throughout the year with the majority occurring during the growing season, between April and October. During June, July, and August, programs run nearly every Tuesday, Wednesday, Thursday, and Saturday at the Garden. Some of these programs are free, drop-in programs, while others, such as our Salad Farmers program and summer camps, require registration and fees. We provide scholarships for those who would be unable to participate without<\\/p>\"}},\"89\":{\"type\":\"quoteblock\",\"enabled\":\"1\",\"fields\":{\"quotefield\":\"Curabitur blandit tempus porttitor. Cras mattis consectetur purus sit amet fermentum. Vestibulum id ligula porta felis euismod semper.\",\"citationfield\":\"Happy Mother\",\"positionfield\":\"right\"}},\"90\":{\"type\":\"videoBlock\",\"enabled\":\"1\",\"fields\":{\"videoTitle\":\"Welcome to ICG\",\"videoEmbedCode\":\"<iframe width=\\\"560\\\" height=\\\"315\\\" src=\\\"\\/\\/www.youtube.com\\/embed\\/30jLaP-1U-w?rel=0\\\" frameborder=\\\"0\\\" allowfullscreen><\\/iframe>\",\"positionField\":\"left\"}}}}}', '2015-01-03 16:19:31', '2015-01-03 16:19:31', 'fafb6a0a-4121-4d3e-ada5-9f3209df00d5');
INSERT INTO `craft_entryversions` (`id`, `entryId`, `sectionId`, `creatorId`, `locale`, `num`, `notes`, `data`, `dateCreated`, `dateUpdated`, `uid`) VALUES ('66', '86', '9', '1', 'en_us', '3', '', '{\"typeId\":\"11\",\"authorId\":\"1\",\"title\":\"About\",\"slug\":\"about\",\"postDate\":1420300740,\"expiryDate\":null,\"enabled\":1,\"fields\":{\"38\":{\"88\":{\"type\":\"imageblock\",\"enabled\":\"1\",\"fields\":{\"imageField\":[\"85\"],\"imageText\":\"Making salad at summer camp\",\"imagePosition\":\"left\"}},\"91\":{\"type\":\"relationsBlock\",\"enabled\":\"1\",\"fields\":{\"relatedEntriesTitle\":[\"3\",\"53\"]}},\"87\":{\"type\":\"textBlock\",\"enabled\":\"1\",\"fields\":{\"textField\":\"<p>The Ithaca Children\'s Garden (ICG) is both a place and a program, located on the Cayuga Waterfront Trail, minutes from downtown Ithaca. ICG has spent over a decade now building a three-acre public children\'s garden as well as developing, implementing, and evaluating a wide range of educational programs for children, teens, and the community.<\\/p><p>ICG works in coordination with Cornell Cooperative Extension to bring outstanding educational programming to the residents of Tompkins County and beyond. Our mutual commitment is to accessibility, inclusion, and promoting stewardship of the natural environment through hands-on, garden-based learning.<\\/p><p>The ICG holds educational programs throughout the year with the majority occurring during the growing season, between April and October. During June, July, and August, programs run nearly every Tuesday, Wednesday, Thursday, and Saturday at the Garden. Some of these programs are free, drop-in programs, while others, such as our Salad Farmers program and summer camps, require registration and fees. We provide scholarships for those who would be unable to participate without<\\/p>\"}},\"89\":{\"type\":\"quoteblock\",\"enabled\":\"1\",\"fields\":{\"quotefield\":\"Curabitur blandit tempus porttitor. Cras mattis consectetur purus sit amet fermentum. Vestibulum id ligula porta felis euismod semper.\",\"citationfield\":\"Happy Mother\",\"positionfield\":\"right\"}},\"90\":{\"type\":\"videoBlock\",\"enabled\":\"1\",\"fields\":{\"videoTitle\":\"Welcome to ICG\",\"videoEmbedCode\":\"<iframe width=\\\"560\\\" height=\\\"315\\\" src=\\\"\\/\\/www.youtube.com\\/embed\\/30jLaP-1U-w?rel=0\\\" frameborder=\\\"0\\\" allowfullscreen><\\/iframe>\",\"positionField\":\"left\"}}}}}', '2015-01-03 16:31:52', '2015-01-03 16:31:52', 'fe8ba319-f99b-4caf-a3c4-04a4572be465');
INSERT INTO `craft_entryversions` (`id`, `entryId`, `sectionId`, `creatorId`, `locale`, `num`, `notes`, `data`, `dateCreated`, `dateUpdated`, `uid`) VALUES ('67', '86', '9', '1', 'en_us', '4', '', '{\"typeId\":\"11\",\"authorId\":\"1\",\"title\":\"About\",\"slug\":\"about\",\"postDate\":1420300740,\"expiryDate\":null,\"enabled\":1,\"fields\":{\"38\":{\"88\":{\"type\":\"imageblock\",\"enabled\":\"1\",\"fields\":{\"imageField\":[\"85\"],\"imageText\":\"Making salad at summer camp\",\"imagePosition\":\"left\"}},\"91\":{\"type\":\"relationsBlock\",\"enabled\":\"1\",\"fields\":{\"relatedEntriesTitle\":[\"3\",\"53\"]}},\"87\":{\"type\":\"textBlock\",\"enabled\":\"1\",\"fields\":{\"textField\":\"<p>The Ithaca Children\'s Garden (ICG) is both a place and a program, located on the Cayuga Waterfront Trail, minutes from downtown Ithaca. ICG has spent over a decade now building a three-acre public children\'s garden as well as developing, implementing, and evaluating a wide range of educational programs for children, teens, and the community.<\\/p><p>ICG works in coordination with Cornell Cooperative Extension to bring outstanding educational programming to the residents of Tompkins County and beyond. Our mutual commitment is to accessibility, inclusion, and promoting stewardship of the natural environment through hands-on, garden-based learning.<\\/p><p>The ICG holds educational programs throughout the year with the majority occurring during the growing season, between April and October. During June, July, and August, programs run nearly every Tuesday, Wednesday, Thursday, and Saturday at the Garden. Some of these programs are free, drop-in programs, while others, such as our Salad Farmers program and summer camps, require registration and fees. We provide scholarships for those who would be unable to participate without<\\/p>\"}},\"89\":{\"type\":\"quoteblock\",\"enabled\":\"1\",\"fields\":{\"quotefield\":\"Curabitur blandit tempus porttitor. Cras mattis consectetur purus sit amet fermentum. Vestibulum id ligula porta felis euismod semper.\",\"citationfield\":\"Happy Mother\",\"positionfield\":\"right\"}},\"90\":{\"type\":\"videoBlock\",\"enabled\":\"1\",\"fields\":{\"videoTitle\":\"Welcome to ICG\",\"videoEmbedCode\":\"<iframe width=\\\"560\\\" height=\\\"315\\\" src=\\\"\\/\\/www.youtube.com\\/embed\\/30jLaP-1U-w?rel=0\\\" frameborder=\\\"0\\\" allowfullscreen><\\/iframe>\",\"positionField\":\"left\"}}}}}', '2015-01-03 16:32:30', '2015-01-03 16:32:30', '6c91d9f2-7b38-43f8-9aad-dabea770a4d9');
INSERT INTO `craft_entryversions` (`id`, `entryId`, `sectionId`, `creatorId`, `locale`, `num`, `notes`, `data`, `dateCreated`, `dateUpdated`, `uid`) VALUES ('68', '86', '9', '1', 'en_us', '5', '', '{\"typeId\":\"11\",\"authorId\":\"1\",\"title\":\"About\",\"slug\":\"about\",\"postDate\":1420300740,\"expiryDate\":null,\"enabled\":1,\"fields\":{\"38\":{\"88\":{\"type\":\"imageBlock\",\"enabled\":\"1\",\"fields\":{\"image\":[\"85\"],\"captionTitle\":\"Making salad at summer camp\",\"position\":\"left\"}},\"91\":{\"type\":\"relationsBlock\",\"enabled\":\"1\",\"fields\":{\"relatedBlockTitle\":\"Related Entries\",\"relatedEntries\":[\"3\",\"53\"]}},\"87\":{\"type\":\"textBlock\",\"enabled\":\"1\",\"fields\":{\"text\":\"<p>The Ithaca Children\'s Garden (ICG) is both a place and a program, located on the Cayuga Waterfront Trail, minutes from downtown Ithaca. ICG has spent over a decade now building a three-acre public children\'s garden as well as developing, implementing, and evaluating a wide range of educational programs for children, teens, and the community.<\\/p><p>ICG works in coordination with Cornell Cooperative Extension to bring outstanding educational programming to the residents of Tompkins County and beyond. Our mutual commitment is to accessibility, inclusion, and promoting stewardship of the natural environment through hands-on, garden-based learning.<\\/p><p>The ICG holds educational programs throughout the year with the majority occurring during the growing season, between April and October. During June, July, and August, programs run nearly every Tuesday, Wednesday, Thursday, and Saturday at the Garden. Some of these programs are free, drop-in programs, while others, such as our Salad Farmers program and summer camps, require registration and fees. We provide scholarships for those who would be unable to participate without<\\/p>\"}},\"89\":{\"type\":\"quoteBlock\",\"enabled\":\"1\",\"fields\":{\"quote\":\"Curabitur blandit tempus porttitor. Cras mattis consectetur purus sit amet fermentum. Vestibulum id ligula porta felis euismod semper.\",\"citation\":\"Happy Mother\",\"position\":\"right\"}},\"90\":{\"type\":\"videoBlock\",\"enabled\":\"1\",\"fields\":{\"videoTitle\":\"Welcome to ICG\",\"videoEmbedCode\":\"<iframe width=\\\"560\\\" height=\\\"315\\\" src=\\\"\\/\\/www.youtube.com\\/embed\\/30jLaP-1U-w?rel=0\\\" frameborder=\\\"0\\\" allowfullscreen><\\/iframe>\",\"position\":\"left\"}}}}}', '2015-01-03 16:55:13', '2015-01-03 16:55:13', '4864d36b-d31f-499c-8415-234e2ddd2ce0');
INSERT INTO `craft_entryversions` (`id`, `entryId`, `sectionId`, `creatorId`, `locale`, `num`, `notes`, `data`, `dateCreated`, `dateUpdated`, `uid`) VALUES ('69', '86', '9', '1', 'en_us', '6', '', '{\"typeId\":\"11\",\"authorId\":\"1\",\"title\":\"About\",\"slug\":\"about\",\"postDate\":1420300740,\"expiryDate\":null,\"enabled\":1,\"fields\":{\"38\":{\"91\":{\"type\":\"relationsBlock\",\"enabled\":\"1\",\"fields\":{\"relatedBlockTitle\":\"Related Entries\",\"relatedEntries\":[\"3\",\"53\"]}},\"87\":{\"type\":\"textBlock\",\"enabled\":\"1\",\"fields\":{\"text\":\"<p>The Ithaca Children\'s Garden (ICG) is both a place and a program, located on the Cayuga Waterfront Trail, minutes from downtown Ithaca. ICG has spent over a decade now building a three-acre public children\'s garden as well as developing, implementing, and evaluating a wide range of educational programs for children, teens, and the community.<\\/p><p>ICG works in coordination with Cornell Cooperative Extension to bring outstanding educational programming to the residents of Tompkins County and beyond. Our mutual commitment is to accessibility, inclusion, and promoting stewardship of the natural environment through hands-on, garden-based learning.<\\/p><p>The ICG holds educational programs throughout the year with the majority occurring during the growing season, between April and October. During June, July, and August, programs run nearly every Tuesday, Wednesday, Thursday, and Saturday at the Garden. Some of these programs are free, drop-in programs, while others, such as our Salad Farmers program and summer camps, require registration and fees. We provide scholarships for those who would be unable to participate without<\\/p>\"}},\"88\":{\"type\":\"imageBlock\",\"enabled\":\"1\",\"fields\":{\"image\":[\"85\"],\"captionTitle\":\"Making salad at summer camp\",\"position\":\"left\"}},\"89\":{\"type\":\"quoteBlock\",\"enabled\":\"1\",\"fields\":{\"quote\":\"Curabitur blandit tempus porttitor. Cras mattis consectetur purus sit amet fermentum. Vestibulum id ligula porta felis euismod semper.\",\"citation\":\"Happy Mother\",\"position\":\"right\"}},\"90\":{\"type\":\"videoBlock\",\"enabled\":\"1\",\"fields\":{\"videoTitle\":\"Welcome to ICG\",\"videoEmbedCode\":\"<iframe width=\\\"560\\\" height=\\\"315\\\" src=\\\"\\/\\/www.youtube.com\\/embed\\/30jLaP-1U-w?rel=0\\\" frameborder=\\\"0\\\" allowfullscreen><\\/iframe>\",\"position\":\"left\"}}}}}', '2015-01-03 17:36:58', '2015-01-03 17:36:58', 'd601bd94-62c5-426f-8dbd-d4bcd116ef9a');
INSERT INTO `craft_entryversions` (`id`, `entryId`, `sectionId`, `creatorId`, `locale`, `num`, `notes`, `data`, `dateCreated`, `dateUpdated`, `uid`) VALUES ('70', '92', '8', '1', 'en_us', '1', '', '{\"typeId\":\"9\",\"authorId\":\"1\",\"title\":\"About\",\"slug\":\"about\",\"postDate\":1420306731,\"expiryDate\":null,\"enabled\":1,\"fields\":{\"36\":[\"86\"]}}', '2015-01-03 17:38:51', '2015-01-03 17:38:51', '8e96d37b-a06b-471a-8a7c-8dd06383c5aa');
INSERT INTO `craft_entryversions` (`id`, `entryId`, `sectionId`, `creatorId`, `locale`, `num`, `notes`, `data`, `dateCreated`, `dateUpdated`, `uid`) VALUES ('71', '93', '9', '1', 'en_us', '1', '', '{\"typeId\":null,\"authorId\":\"1\",\"title\":\"Giving to the Garden\",\"slug\":\"giving-to-the-garden\",\"postDate\":1420307435,\"expiryDate\":null,\"enabled\":1,\"fields\":{\"38\":{\"new1\":{\"type\":\"textBlock\",\"enabled\":\"1\",\"fields\":{\"text\":\"<h2>Help us create a magical place in our community<\\/h2><p>Thanks to loyal support from individuals like you, ICG\'s garden and programs are thriving, and thousands of children have squished their toes in mud, scooped tadpoles, plucked fresh peas and beans off the vine, cared for chickens, and <a href=\\\"http:\\/\\/ontherocks.dev\\/programs\\/little-troll-monsters#entry:41\\\">played, played, played<\\/a>.<\\/p>\"}},\"new2\":{\"type\":\"imageBlock\",\"enabled\":\"1\",\"fields\":{\"image\":[\"67\"],\"captionTitle\":\"HONAZ\",\"position\":\"right\"}},\"new6\":{\"type\":\"textBlock\",\"enabled\":\"1\",\"fields\":{\"text\":\"<h3>We believe every child deserves these experiences.<\\/h3><p>Individual gifts are a critical part of our operating budget. Your support helps us reach more youth, with rich nature experiences, ever deepening their love of the outdoors. And while we\'re at it, we make a little magic for their childhood memory banks, too!<\\/p><h3>Your generous gift makes our critical work possible.<\\/h3><p>Magic doesn\'t just happen. It favors the well-trained staff and well-kept garden. And that takes vision, energy, and your support.<\\/p><p><strong>Thank you for your generosity!<\\/strong><\\/p>\"}},\"new3\":{\"type\":\"quoteBlock\",\"enabled\":\"1\",\"fields\":{\"quote\":\"Giving to ICG makes me feel good about the Universe.\",\"citation\":\"One Love\",\"position\":\"left\"}},\"new4\":{\"type\":\"videoBlock\",\"enabled\":\"1\",\"fields\":{\"videoTitle\":\"Mud Day!!\",\"videoEmbedCode\":\"<iframe src=\\\"\\/\\/player.vimeo.com\\/video\\/45109087\\\" width=\\\"624\\\" height=\\\"351\\\" frameborder=\\\"0\\\" webkitallowfullscreen mozallowfullscreen allowfullscreen><\\/iframe> <p><a href=\\\"http:\\/\\/vimeo.com\\/45109087\\\">International Mud Day - Ithaca Children\'s Garden<\\/a> from <a href=\\\"http:\\/\\/vimeo.com\\/user894674\\\">Kai<\\/a> on <a href=\\\"https:\\/\\/vimeo.com\\\">Vimeo<\\/a>.<\\/p>\",\"position\":\"left\"}},\"new5\":{\"type\":\"relationsBlock\",\"enabled\":\"1\",\"fields\":{\"relatedBlockTitle\":\"Related Links\",\"relatedEntries\":[\"23\"]}}}}}', '2015-01-03 17:50:35', '2015-01-03 17:50:35', 'e79a99e2-791e-4625-9425-e34cf17888e2');
INSERT INTO `craft_entryversions` (`id`, `entryId`, `sectionId`, `creatorId`, `locale`, `num`, `notes`, `data`, `dateCreated`, `dateUpdated`, `uid`) VALUES ('72', '100', '8', '1', 'en_us', '1', '', '{\"typeId\":\"9\",\"authorId\":\"1\",\"title\":\"Giving\",\"slug\":\"giving\",\"postDate\":1420307487,\"expiryDate\":null,\"enabled\":1,\"fields\":{\"36\":[\"93\"]}}', '2015-01-03 17:51:27', '2015-01-03 17:51:27', 'a83196f7-6161-4930-aaf0-373f689b4790');
INSERT INTO `craft_entryversions` (`id`, `entryId`, `sectionId`, `creatorId`, `locale`, `num`, `notes`, `data`, `dateCreated`, `dateUpdated`, `uid`) VALUES ('73', '92', '8', '1', 'en_us', '2', '', '{\"typeId\":\"9\",\"authorId\":\"1\",\"title\":\"About ????\",\"slug\":\"about\",\"postDate\":1420306680,\"expiryDate\":null,\"enabled\":1,\"fields\":{\"36\":[\"86\"]}}', '2015-01-03 17:53:06', '2015-01-03 17:53:06', '9878618b-83e0-4e5f-8eb2-2a5c9a8e9ff8');
INSERT INTO `craft_entryversions` (`id`, `entryId`, `sectionId`, `creatorId`, `locale`, `num`, `notes`, `data`, `dateCreated`, `dateUpdated`, `uid`) VALUES ('74', '92', '8', '1', 'en_us', '3', '', '{\"typeId\":\"9\",\"authorId\":\"1\",\"title\":\"About\",\"slug\":\"about\",\"postDate\":1420306680,\"expiryDate\":null,\"enabled\":1,\"fields\":{\"36\":[\"86\"]}}', '2015-01-03 17:53:39', '2015-01-03 17:53:39', '31fab050-2938-47e7-9c73-2e69060fd082');
INSERT INTO `craft_entryversions` (`id`, `entryId`, `sectionId`, `creatorId`, `locale`, `num`, `notes`, `data`, `dateCreated`, `dateUpdated`, `uid`) VALUES ('75', '86', '9', '1', 'en_us', '7', '', '{\"typeId\":\"11\",\"authorId\":\"1\",\"title\":\"What is the Ithaca Children\'s Garden?\",\"slug\":\"about\",\"postDate\":1420300740,\"expiryDate\":null,\"enabled\":1,\"fields\":{\"38\":{\"91\":{\"type\":\"relationsBlock\",\"enabled\":\"1\",\"fields\":{\"relatedBlockTitle\":\"Related Entries\",\"relatedEntries\":[\"3\",\"53\"]}},\"87\":{\"type\":\"textBlock\",\"enabled\":\"1\",\"fields\":{\"text\":\"<p>The Ithaca Children\'s Garden (ICG) is both a place and a program, located on the Cayuga Waterfront Trail, minutes from downtown Ithaca. ICG has spent over a decade now building a three-acre public children\'s garden as well as developing, implementing, and evaluating a wide range of educational programs for children, teens, and the community.<\\/p><p>ICG works in coordination with Cornell Cooperative Extension to bring outstanding educational programming to the residents of Tompkins County and beyond. Our mutual commitment is to accessibility, inclusion, and promoting stewardship of the natural environment through hands-on, garden-based learning.<\\/p><p>The ICG holds educational programs throughout the year with the majority occurring during the growing season, between April and October. During June, July, and August, programs run nearly every Tuesday, Wednesday, Thursday, and Saturday at the Garden. Some of these programs are free, drop-in programs, while others, such as our Salad Farmers program and summer camps, require registration and fees. We provide scholarships for those who would be unable to participate without<\\/p>\"}},\"88\":{\"type\":\"imageBlock\",\"enabled\":\"1\",\"fields\":{\"image\":[\"85\"],\"captionTitle\":\"Making salad at summer camp\",\"position\":\"left\"}},\"89\":{\"type\":\"quoteBlock\",\"enabled\":\"1\",\"fields\":{\"quote\":\"Curabitur blandit tempus porttitor. Cras mattis consectetur purus sit amet fermentum. Vestibulum id ligula porta felis euismod semper.\",\"citation\":\"Happy Mother\",\"position\":\"right\"}},\"90\":{\"type\":\"videoBlock\",\"enabled\":\"1\",\"fields\":{\"videoTitle\":\"Welcome to ICG\",\"videoEmbedCode\":\"<iframe width=\\\"560\\\" height=\\\"315\\\" src=\\\"\\/\\/www.youtube.com\\/embed\\/30jLaP-1U-w?rel=0\\\" frameborder=\\\"0\\\" allowfullscreen><\\/iframe>\",\"position\":\"left\"}}}}}', '2015-01-03 17:55:20', '2015-01-03 17:55:20', '5c10d12a-6623-4773-bf36-0fb368d56377');
INSERT INTO `craft_entryversions` (`id`, `entryId`, `sectionId`, `creatorId`, `locale`, `num`, `notes`, `data`, `dateCreated`, `dateUpdated`, `uid`) VALUES ('76', '53', '5', '1', 'en_us', '2', '', '{\"typeId\":\"6\",\"authorId\":\"1\",\"title\":\"Bonkers-ville Rambling\",\"slug\":\"bonkers-ville-rambling\",\"postDate\":1420225860,\"expiryDate\":null,\"enabled\":1,\"fields\":{\"23\":[\"36\",\"39\"],\"21\":{\"55\":{\"type\":\"datesBlock\",\"enabled\":\"1\",\"fields\":{\"date\":{\"date\":\"1\\/16\\/2015\",\"time\":\"9:30 PM\"}}},\"56\":{\"type\":\"datesBlock\",\"enabled\":\"1\",\"fields\":{\"date\":{\"date\":\"3\\/11\\/2015\",\"time\":\"4:00 PM\"}}},\"57\":{\"type\":\"datesBlock\",\"enabled\":\"1\",\"fields\":{\"date\":{\"date\":\"2\\/12\\/2015\",\"time\":\"1:30 PM\"}}}},\"16\":{\"54\":{\"type\":\"textBlock\",\"enabled\":\"1\",\"fields\":{\"text\":\"<p>Nullam id dolor id nibh ultricies vehicula ut id elit. Vivamus sagittis lacus vel augue laoreet rutrum faucibus dolor auctor. Aenean eu leo quam. Pellentesque ornare sem lacinia quam venenatis vestibulum. Vivamus sagittis lacus vel augue laoreet rutrum faucibus dolor auctor.<\\/p><p>Maecenas sed diam eget risus varius blandit sit amet non magna. Donec id elit non mi porta gravida at eget metus. Maecenas sed diam eget risus varius blandit sit amet non magna. Etiam porta sem malesuada magna mollis euismod. Aenean lacinia bibendum nulla sed consectetur. Cras mattis consectetur purus sit amet fermentum.<\\/p><p>Duis mollis, est non commodo luctus, nisi erat porttitor ligula, eget lacinia odio sem nec elit. Lorem ipsum dolor sit amet, consectetur adipiscing elit. Curabitur blandit tempus porttitor. Vivamus sagittis lacus vel augue laoreet rutrum faucibus dolor auctor. Donec id elit non mi porta gravida at eget metus. Donec sed odio dui. Donec id elit non mi porta gravida at eget metus.<\\/p>\"}}},\"14\":\"Come join us as we ramble the wetlands of America\",\"51\":[\"51\"]}}', '2015-01-03 22:23:43', '2015-01-03 22:23:43', '0e887a10-9c2e-423b-b294-b08395c26d99');
INSERT INTO `craft_entryversions` (`id`, `entryId`, `sectionId`, `creatorId`, `locale`, `num`, `notes`, `data`, `dateCreated`, `dateUpdated`, `uid`) VALUES ('77', '41', '5', '1', 'en_us', '13', '', '{\"typeId\":\"6\",\"authorId\":\"1\",\"title\":\"Little Troll Monsters\",\"slug\":\"little-troll-monsters\",\"postDate\":1420049340,\"expiryDate\":null,\"enabled\":1,\"fields\":{\"23\":[\"35\",\"37\",\"40\"],\"21\":{\"44\":{\"type\":\"datesBlock\",\"enabled\":\"1\",\"fields\":{\"date\":{\"date\":\"12\\/11\\/2014\",\"time\":\"12:30 AM\"}}},\"47\":{\"type\":\"datesBlock\",\"enabled\":\"1\",\"fields\":{\"date\":{\"date\":\"12\\/10\\/2014\",\"time\":\"1:30 AM\"}}},\"48\":{\"type\":\"datesBlock\",\"enabled\":\"1\",\"fields\":{\"date\":{\"date\":\"2\\/18\\/2015\",\"time\":\"4:00 AM\"}}}},\"16\":{\"46\":{\"type\":\"quoteBlock\",\"enabled\":\"1\",\"fields\":{\"quote\":\"Cras justo odio, dapibus ac facilisis in, egestas eget quam. Is this not updating?\",\"citation\":\"Bob Marteal\",\"position\":\"left\"}},\"50\":{\"type\":\"imageBlock\",\"enabled\":\"1\",\"fields\":{\"image\":[\"49\"],\"caption\":\"\"}},\"42\":{\"type\":\"textBlock\",\"enabled\":\"1\",\"fields\":{\"text\":\"<p>\\r\\n\\tSed posuere consectetur est at lobortis. Donec id elit non mi porta gravida at eget metus. Praesent commodo cursus magna, vel scelerisque nisl consectetur et. Praesent commodo cursus magna, vel scelerisque nisl consectetur et.\\r\\n<\\/p><p>\\r\\n\\tInteger posuere erat a ante venenatis dapibus posuere velit aliquet. Nulla vitae elit libero, a pharetra augue. Praesent commodo cursus magna, vel scelerisque nisl consectetur et. Cum sociis natoque penatibus et magnis dis parturient montes, nascetur ridiculus mus. Lorem ipsum dolor sit amet, consectetur adipiscing elit.\\r\\n<\\/p>\"}},\"43\":{\"type\":\"imageBlock\",\"enabled\":\"1\",\"fields\":{\"image\":[\"45\",\"51\",\"52\"],\"caption\":\"\"}}},\"14\":\"There once was a scary troll that ate all the good boys and girls.\",\"51\":[\"45\"]}}', '2015-01-03 22:23:59', '2015-01-03 22:23:59', '1fefd812-5fee-4b4e-ab2a-36e558006245');
INSERT INTO `craft_entryversions` (`id`, `entryId`, `sectionId`, `creatorId`, `locale`, `num`, `notes`, `data`, `dateCreated`, `dateUpdated`, `uid`) VALUES ('78', '53', '5', '1', 'en_us', '3', '', '{\"typeId\":\"6\",\"authorId\":\"1\",\"title\":\"Bonkers-ville Rambling\",\"slug\":\"bonkers-ville-rambling\",\"postDate\":1420225860,\"expiryDate\":null,\"enabled\":1,\"fields\":{\"23\":[\"36\",\"39\"],\"21\":{\"55\":{\"type\":\"datesBlock\",\"enabled\":\"1\",\"fields\":{\"date\":{\"date\":\"1\\/16\\/2015\",\"time\":\"9:30 PM\"}}},\"56\":{\"type\":\"datesBlock\",\"enabled\":\"1\",\"fields\":{\"date\":{\"date\":\"3\\/11\\/2015\",\"time\":\"4:00 PM\"}}},\"57\":{\"type\":\"datesBlock\",\"enabled\":\"1\",\"fields\":{\"date\":{\"date\":\"2\\/12\\/2015\",\"time\":\"1:30 PM\"}}}},\"16\":{\"54\":{\"type\":\"textBlock\",\"enabled\":\"1\",\"fields\":{\"text\":\"<p>Nullam id dolor id nibh ultricies vehicula ut id elit. Vivamus sagittis lacus vel augue laoreet rutrum faucibus dolor auctor. Aenean eu leo quam. Pellentesque ornare sem lacinia quam venenatis vestibulum. Vivamus sagittis lacus vel augue laoreet rutrum faucibus dolor auctor.<\\/p><p>Maecenas sed diam eget risus varius blandit sit amet non magna. Donec id elit non mi porta gravida at eget metus. Maecenas sed diam eget risus varius blandit sit amet non magna. Etiam porta sem malesuada magna mollis euismod. Aenean lacinia bibendum nulla sed consectetur. Cras mattis consectetur purus sit amet fermentum.<\\/p><p>Duis mollis, est non commodo luctus, nisi erat porttitor ligula, eget lacinia odio sem nec elit. Lorem ipsum dolor sit amet, consectetur adipiscing elit. Curabitur blandit tempus porttitor. Vivamus sagittis lacus vel augue laoreet rutrum faucibus dolor auctor. Donec id elit non mi porta gravida at eget metus. Donec sed odio dui. Donec id elit non mi porta gravida at eget metus.<\\/p>\"}}},\"14\":\"Come join us as we ramble the wetlands of America\",\"51\":[\"51\"]}}', '2015-01-03 23:08:16', '2015-01-03 23:08:16', '7ba5c877-0f35-4071-8189-7e1cd625523f');
INSERT INTO `craft_entryversions` (`id`, `entryId`, `sectionId`, `creatorId`, `locale`, `num`, `notes`, `data`, `dateCreated`, `dateUpdated`, `uid`) VALUES ('79', '53', '5', '1', 'en_us', '4', '', '{\"typeId\":\"6\",\"authorId\":\"1\",\"title\":\"Bonkers-ville Rambling\",\"slug\":\"bonkers-ville-rambling\",\"postDate\":1420225860,\"expiryDate\":null,\"enabled\":1,\"fields\":{\"23\":[\"36\",\"39\"],\"21\":{\"55\":{\"type\":\"datesBlock\",\"enabled\":\"1\",\"fields\":{\"date\":{\"date\":\"1\\/16\\/2015\",\"time\":\"9:30 PM\"}}},\"56\":{\"type\":\"datesBlock\",\"enabled\":\"1\",\"fields\":{\"date\":{\"date\":\"3\\/11\\/2015\",\"time\":\"4:00 PM\"}}},\"57\":{\"type\":\"datesBlock\",\"enabled\":\"1\",\"fields\":{\"date\":{\"date\":\"2\\/12\\/2015\",\"time\":\"1:30 PM\"}}}},\"16\":{\"54\":{\"type\":\"textBlock\",\"enabled\":\"1\",\"fields\":{\"text\":\"<p>Nullam id dolor id nibh ultricies vehicula ut id elit. Vivamus sagittis lacus vel augue laoreet rutrum faucibus dolor auctor. Aenean eu leo quam. Pellentesque ornare sem lacinia quam venenatis vestibulum. Vivamus sagittis lacus vel augue laoreet rutrum faucibus dolor auctor.<\\/p><p>Maecenas sed diam eget risus varius blandit sit amet non magna. Donec id elit non mi porta gravida at eget metus. Maecenas sed diam eget risus varius blandit sit amet non magna. Etiam porta sem malesuada magna mollis euismod. Aenean lacinia bibendum nulla sed consectetur. Cras mattis consectetur purus sit amet fermentum.<\\/p><p>Duis mollis, est non commodo luctus, nisi erat porttitor ligula, eget lacinia odio sem nec elit. Lorem ipsum dolor sit amet, consectetur adipiscing elit. Curabitur blandit tempus porttitor. Vivamus sagittis lacus vel augue laoreet rutrum faucibus dolor auctor. Donec id elit non mi porta gravida at eget metus. Donec sed odio dui. Donec id elit non mi porta gravida at eget metus.<\\/p>\"}}},\"14\":\"Come join us as we ramble the wetlands of America\",\"51\":[\"51\"]}}', '2015-01-03 23:18:28', '2015-01-03 23:18:28', '4c696ed9-d32b-43db-8e53-298bae6ad64e');
INSERT INTO `craft_entryversions` (`id`, `entryId`, `sectionId`, `creatorId`, `locale`, `num`, `notes`, `data`, `dateCreated`, `dateUpdated`, `uid`) VALUES ('80', '53', '5', '1', 'en_us', '5', '', '{\"typeId\":\"6\",\"authorId\":\"1\",\"title\":\"Bonkers-ville Rambling\",\"slug\":\"bonkers-ville-rambling\",\"postDate\":1420225860,\"expiryDate\":null,\"enabled\":1,\"fields\":{\"54\":\"\",\"52\":[\"13-18\"],\"23\":[\"36\",\"39\"],\"21\":{\"55\":{\"type\":\"datesBlock\",\"enabled\":\"1\",\"fields\":{\"date\":{\"date\":\"1\\/16\\/2015\",\"time\":\"9:30 PM\"}}},\"56\":{\"type\":\"datesBlock\",\"enabled\":\"1\",\"fields\":{\"date\":{\"date\":\"3\\/11\\/2015\",\"time\":\"4:00 PM\"}}},\"57\":{\"type\":\"datesBlock\",\"enabled\":\"1\",\"fields\":{\"date\":{\"date\":\"2\\/12\\/2015\",\"time\":\"1:30 PM\"}}}},\"16\":{\"54\":{\"type\":\"textBlock\",\"enabled\":\"1\",\"fields\":{\"text\":\"<p>Nullam id dolor id nibh ultricies vehicula ut id elit. Vivamus sagittis lacus vel augue laoreet rutrum faucibus dolor auctor. Aenean eu leo quam. Pellentesque ornare sem lacinia quam venenatis vestibulum. Vivamus sagittis lacus vel augue laoreet rutrum faucibus dolor auctor.<\\/p><p>Maecenas sed diam eget risus varius blandit sit amet non magna. Donec id elit non mi porta gravida at eget metus. Maecenas sed diam eget risus varius blandit sit amet non magna. Etiam porta sem malesuada magna mollis euismod. Aenean lacinia bibendum nulla sed consectetur. Cras mattis consectetur purus sit amet fermentum.<\\/p><p>Duis mollis, est non commodo luctus, nisi erat porttitor ligula, eget lacinia odio sem nec elit. Lorem ipsum dolor sit amet, consectetur adipiscing elit. Curabitur blandit tempus porttitor. Vivamus sagittis lacus vel augue laoreet rutrum faucibus dolor auctor. Donec id elit non mi porta gravida at eget metus. Donec sed odio dui. Donec id elit non mi porta gravida at eget metus.<\\/p>\"}}},\"14\":\"Come join us as we ramble the wetlands of America\",\"53\":[\"summer\"],\"51\":[\"51\"],\"20\":[\"tuf\",\"family\"]}}', '2015-01-04 16:01:06', '2015-01-04 16:01:06', 'f4f4d083-94e8-4a0a-a7e6-5c7b31d7df37');
INSERT INTO `craft_entryversions` (`id`, `entryId`, `sectionId`, `creatorId`, `locale`, `num`, `notes`, `data`, `dateCreated`, `dateUpdated`, `uid`) VALUES ('81', '41', '5', '1', 'en_us', '14', '', '{\"typeId\":\"6\",\"authorId\":\"1\",\"title\":\"Little Troll Monsters\",\"slug\":\"little-troll-monsters\",\"postDate\":1420049340,\"expiryDate\":null,\"enabled\":1,\"fields\":{\"54\":[\"yes\"],\"52\":[\"under5\"],\"23\":[\"35\",\"37\",\"40\"],\"21\":{\"44\":{\"type\":\"datesBlock\",\"enabled\":\"1\",\"fields\":{\"date\":{\"date\":\"12\\/11\\/2014\",\"time\":\"12:30 AM\"}}},\"47\":{\"type\":\"datesBlock\",\"enabled\":\"1\",\"fields\":{\"date\":{\"date\":\"12\\/10\\/2014\",\"time\":\"1:30 AM\"}}},\"48\":{\"type\":\"datesBlock\",\"enabled\":\"1\",\"fields\":{\"date\":{\"date\":\"2\\/18\\/2015\",\"time\":\"4:00 AM\"}}}},\"16\":{\"46\":{\"type\":\"quoteBlock\",\"enabled\":\"1\",\"fields\":{\"quote\":\"Cras justo odio, dapibus ac facilisis in, egestas eget quam. Is this not updating?\",\"citation\":\"Bob Marteal\",\"position\":\"left\"}},\"50\":{\"type\":\"imageBlock\",\"enabled\":\"1\",\"fields\":{\"image\":[\"49\"],\"caption\":\"\"}},\"42\":{\"type\":\"textBlock\",\"enabled\":\"1\",\"fields\":{\"text\":\"<p>\\r\\n\\tSed posuere consectetur est at lobortis. Donec id elit non mi porta gravida at eget metus. Praesent commodo cursus magna, vel scelerisque nisl consectetur et. Praesent commodo cursus magna, vel scelerisque nisl consectetur et.\\r\\n<\\/p><p>\\r\\n\\tInteger posuere erat a ante venenatis dapibus posuere velit aliquet. Nulla vitae elit libero, a pharetra augue. Praesent commodo cursus magna, vel scelerisque nisl consectetur et. Cum sociis natoque penatibus et magnis dis parturient montes, nascetur ridiculus mus. Lorem ipsum dolor sit amet, consectetur adipiscing elit.\\r\\n<\\/p>\"}},\"43\":{\"type\":\"imageBlock\",\"enabled\":\"1\",\"fields\":{\"image\":[\"45\",\"51\",\"52\"],\"caption\":\"\"}}},\"14\":\"There once was a scary troll that ate all the good boys and girls.\",\"53\":[\"winter\"],\"51\":[\"45\"],\"20\":[\"dropOff\"]}}', '2015-01-04 16:01:25', '2015-01-04 16:01:25', 'e15dbbbc-53a2-4f32-ba80-c59880dd2e66');
INSERT INTO `craft_entryversions` (`id`, `entryId`, `sectionId`, `creatorId`, `locale`, `num`, `notes`, `data`, `dateCreated`, `dateUpdated`, `uid`) VALUES ('82', '109', '5', '1', 'en_us', '1', '', '{\"typeId\":null,\"authorId\":\"1\",\"title\":\"Festival of Fire and Ice\",\"slug\":\"festival-of-fire-and-ice\",\"postDate\":1420387651,\"expiryDate\":null,\"enabled\":1,\"fields\":{\"54\":[\"yes\"],\"52\":[\"allAges\"],\"23\":\"\",\"21\":{\"new1\":{\"type\":\"datesBlock\",\"enabled\":\"1\",\"fields\":{\"date\":{\"date\":\"2\\/7\\/2015\",\"time\":\"2:00 PM\"}}}},\"16\":{\"new1\":{\"type\":\"textBlock\",\"enabled\":\"1\",\"fields\":{\"text\":\"<p>ICG\'s annual Festival of FIRE &amp; ICE brings fun, art, and creativity to the coldest and snowiest time of the year with an outdoor extravaganza for all ages to enjoy. Hands-on activities include fire sculptures, ice sculptures, sledding, hot chocolate, snow fort and den building, the famous ice laboratory, food-coloring snow mound mural - all with bonfires, fire performance, drumming, and hot cocoa in a giant cauldron on site. Yes! Bring your own frozen ice creations and we\'ll add it to the collaborative fun.<\\/p><p>Bring some cash for a hot meal and firey\\/icey treats, be sure to dress for the weather, and join us at the Ithaca Children\'s Garden Hands-on-Nature Anarcy Zone! 500 people attended in 2013 - come be part of the tradition!<\\/p>\"}},\"new2\":{\"type\":\"imageBlock\",\"enabled\":\"1\",\"fields\":{\"image\":[\"108\"],\"caption\":\"Bonfirell at F&I 2013\"}}},\"14\":\"FIRE & ICE brings fun, art, and creativity to the coldest and snowiest time of the year with an outdoor extravaganza for all ages to enjoy.\",\"53\":[\"winter\"],\"51\":[\"107\"],\"20\":[\"family\"]}}', '2015-01-04 16:07:31', '2015-01-04 16:07:31', '87f85380-c898-4d37-8701-05fab647c92b');
INSERT INTO `craft_entryversions` (`id`, `entryId`, `sectionId`, `creatorId`, `locale`, `num`, `notes`, `data`, `dateCreated`, `dateUpdated`, `uid`) VALUES ('83', '113', '6', '1', 'en_us', '1', '', '{\"typeId\":null,\"authorId\":\"1\",\"title\":\"Fire and Ice\",\"slug\":\"fire-and-ice\",\"postDate\":1420387846,\"expiryDate\":null,\"enabled\":1,\"fields\":{\"29\":{\"date\":\"\",\"time\":\"\"},\"30\":[\"109\"]}}', '2015-01-04 16:10:46', '2015-01-04 16:10:46', 'ed93bc33-501b-4f49-b496-4f288ec98a3c');
INSERT INTO `craft_entryversions` (`id`, `entryId`, `sectionId`, `creatorId`, `locale`, `num`, `notes`, `data`, `dateCreated`, `dateUpdated`, `uid`) VALUES ('84', '113', '6', '1', 'en_us', '2', '', '{\"typeId\":\"7\",\"authorId\":\"1\",\"title\":\"Fire and Ice 2\\/7\\/14\",\"slug\":\"fire-and-ice\",\"postDate\":1420387800,\"expiryDate\":null,\"enabled\":1,\"fields\":{\"29\":{\"date\":\"2\\/7\\/2015\",\"time\":\"2:00 PM\"},\"30\":[\"109\"]}}', '2015-01-04 16:13:02', '2015-01-04 16:13:02', '7016364e-0dbb-4eb1-b74d-284d58d2fd21');
INSERT INTO `craft_entryversions` (`id`, `entryId`, `sectionId`, `creatorId`, `locale`, `num`, `notes`, `data`, `dateCreated`, `dateUpdated`, `uid`) VALUES ('85', '53', '5', '1', 'en_us', '6', '', '{\"typeId\":\"6\",\"authorId\":\"1\",\"title\":\"Bonkers-ville Rambling\",\"slug\":\"bonkers-ville-rambling\",\"postDate\":1420225860,\"expiryDate\":null,\"enabled\":1,\"fields\":{\"54\":\"\",\"52\":[\"under5\",\"13-18\"],\"23\":[\"36\",\"39\"],\"21\":{\"55\":{\"type\":\"datesBlock\",\"enabled\":\"1\",\"fields\":{\"date\":{\"date\":\"1\\/16\\/2015\",\"time\":\"9:30 PM\"}}},\"56\":{\"type\":\"datesBlock\",\"enabled\":\"1\",\"fields\":{\"date\":{\"date\":\"3\\/11\\/2015\",\"time\":\"4:00 PM\"}}},\"57\":{\"type\":\"datesBlock\",\"enabled\":\"1\",\"fields\":{\"date\":{\"date\":\"2\\/12\\/2015\",\"time\":\"1:30 PM\"}}}},\"16\":{\"54\":{\"type\":\"textBlock\",\"enabled\":\"1\",\"fields\":{\"text\":\"<p>Nullam id dolor id nibh ultricies vehicula ut id elit. Vivamus sagittis lacus vel augue laoreet rutrum faucibus dolor auctor. Aenean eu leo quam. Pellentesque ornare sem lacinia quam venenatis vestibulum. Vivamus sagittis lacus vel augue laoreet rutrum faucibus dolor auctor.<\\/p><p>Maecenas sed diam eget risus varius blandit sit amet non magna. Donec id elit non mi porta gravida at eget metus. Maecenas sed diam eget risus varius blandit sit amet non magna. Etiam porta sem malesuada magna mollis euismod. Aenean lacinia bibendum nulla sed consectetur. Cras mattis consectetur purus sit amet fermentum.<\\/p><p>Duis mollis, est non commodo luctus, nisi erat porttitor ligula, eget lacinia odio sem nec elit. Lorem ipsum dolor sit amet, consectetur adipiscing elit. Curabitur blandit tempus porttitor. Vivamus sagittis lacus vel augue laoreet rutrum faucibus dolor auctor. Donec id elit non mi porta gravida at eget metus. Donec sed odio dui. Donec id elit non mi porta gravida at eget metus.<\\/p>\"}}},\"14\":\"Come join us as we ramble the wetlands of America\",\"53\":[\"summer\"],\"51\":[\"51\"],\"20\":[\"tuf\",\"family\"]}}', '2015-01-04 16:28:39', '2015-01-04 16:28:39', '801cb8c2-332f-4e03-afa8-7c1e470fe065');
INSERT INTO `craft_entryversions` (`id`, `entryId`, `sectionId`, `creatorId`, `locale`, `num`, `notes`, `data`, `dateCreated`, `dateUpdated`, `uid`) VALUES ('86', '116', '5', '1', 'en_us', '1', '', '{\"typeId\":null,\"authorId\":\"1\",\"title\":\"Winter Sprouts\",\"slug\":\"winter-sprouts\",\"postDate\":1420409834,\"expiryDate\":null,\"enabled\":1,\"fields\":{\"54\":\"\",\"52\":[\"under5\"],\"23\":\"\",\"21\":{\"new1\":{\"type\":\"datesBlock\",\"enabled\":\"1\",\"fields\":{\"date\":{\"date\":\"1\\/5\\/2015\",\"time\":\"10:30 AM\"}}},\"new2\":{\"type\":\"datesBlock\",\"enabled\":\"1\",\"fields\":{\"date\":{\"date\":\"1\\/12\\/2015\",\"time\":\"10:30 AM\"}}},\"new3\":{\"type\":\"datesBlock\",\"enabled\":\"1\",\"fields\":{\"date\":{\"date\":\"1\\/19\\/2015\",\"time\":\"10:30 AM\"}}},\"new4\":{\"type\":\"datesBlock\",\"enabled\":\"1\",\"fields\":{\"date\":{\"date\":\"1\\/26\\/2015\",\"time\":\"10:30 AM\"}}}},\"16\":{\"new1\":{\"type\":\"textBlock\",\"enabled\":\"1\",\"fields\":{\"text\":\"<p>Chase your cabin fever away with ICG. Join us for stories of the natural world in winter, and the promise of spring - then dig in to a great hands-on project!<span><\\/span><\\/p><p><img src=\\\"images\\/programs\\/sprouts-junk.png#asset:115\\\"><br><\\/p>\"}}},\"14\":\"Chase your cabin fever away with ICG. Join us for stories of the natural world in winter, and the promise of spring - then dig in to a great hands-on project!\",\"53\":[\"winter\"],\"51\":[\"115\"],\"20\":[\"family\"]}}', '2015-01-04 22:17:15', '2015-01-04 22:17:15', '97025e69-0324-4625-981b-ec75b3fff212');
INSERT INTO `craft_entryversions` (`id`, `entryId`, `sectionId`, `creatorId`, `locale`, `num`, `notes`, `data`, `dateCreated`, `dateUpdated`, `uid`) VALUES ('87', '122', '6', '1', 'en_us', '1', '', '{\"typeId\":null,\"authorId\":\"1\",\"title\":\"Winter Sprouts 1\\/5\",\"slug\":\"winter-sprouts-1-5\",\"postDate\":1420409881,\"expiryDate\":null,\"enabled\":1,\"fields\":{\"29\":{\"date\":\"1\\/5\\/2015\",\"time\":\"10:30 AM\"},\"30\":[\"116\"]}}', '2015-01-04 22:18:01', '2015-01-04 22:18:01', '9dd3287a-f0e0-42d9-8e50-d6ee85c8bd14');
INSERT INTO `craft_entryversions` (`id`, `entryId`, `sectionId`, `creatorId`, `locale`, `num`, `notes`, `data`, `dateCreated`, `dateUpdated`, `uid`) VALUES ('88', '123', '6', '1', 'en_us', '1', '', '{\"typeId\":null,\"authorId\":\"1\",\"title\":\"Winter Sprouts 1\\/12\",\"slug\":\"winter-sprouts-1-12\",\"postDate\":1420409932,\"expiryDate\":null,\"enabled\":1,\"fields\":{\"29\":{\"date\":\"1\\/12\\/2015\",\"time\":\"10:30 AM\"},\"30\":\"\"}}', '2015-01-04 22:18:52', '2015-01-04 22:18:52', '5ffb1d2e-5d06-484e-a991-87d440353bbc');
INSERT INTO `craft_entryversions` (`id`, `entryId`, `sectionId`, `creatorId`, `locale`, `num`, `notes`, `data`, `dateCreated`, `dateUpdated`, `uid`) VALUES ('89', '123', '6', '1', 'en_us', '2', '', '{\"typeId\":\"7\",\"authorId\":\"1\",\"title\":\"Winter Sprouts 1\\/12\",\"slug\":\"winter-sprouts-1-12\",\"postDate\":1420409880,\"expiryDate\":null,\"enabled\":1,\"fields\":{\"29\":{\"date\":\"1\\/12\\/2015\",\"time\":\"10:30 AM\"},\"30\":[\"116\"]}}', '2015-01-04 22:19:53', '2015-01-04 22:19:53', '51753eb3-cc7e-4e02-81ea-4a8f64a85435');
INSERT INTO `craft_entryversions` (`id`, `entryId`, `sectionId`, `creatorId`, `locale`, `num`, `notes`, `data`, `dateCreated`, `dateUpdated`, `uid`) VALUES ('90', '65', '7', '1', 'en_us', '3', '', '{\"typeId\":\"8\",\"authorId\":\"1\",\"title\":\"Education\",\"slug\":\"programs\",\"postDate\":1420253940,\"expiryDate\":null,\"enabled\":1,\"fields\":{\"31\":{\"66\":{\"type\":\"featuredLinkBlock\",\"enabled\":\"1\",\"fields\":{\"linkTitle\":\"Education\",\"linkImage\":[\"64\"],\"linkHook\":\"Innovative researched based education programs for kids, schools and families.\",\"linkLink\":\"\\/programs\\/\"}}}}}', '2015-01-04 22:58:39', '2015-01-04 22:58:39', '38b0bc71-0d8b-4a1d-b5c1-eb8fff290c72');
INSERT INTO `craft_entryversions` (`id`, `entryId`, `sectionId`, `creatorId`, `locale`, `num`, `notes`, `data`, `dateCreated`, `dateUpdated`, `uid`) VALUES ('91', '83', '8', '1', 'en_us', '3', '', '{\"typeId\":\"10\",\"authorId\":\"1\",\"title\":\"Education\",\"slug\":\"programs\",\"postDate\":1420265400,\"expiryDate\":null,\"enabled\":1,\"fields\":{\"37\":\"programs\"}}', '2015-01-07 03:48:24', '2015-01-07 03:48:24', 'f51e7826-7f5d-4fc3-84d5-4611a5a85476');
INSERT INTO `craft_entryversions` (`id`, `entryId`, `sectionId`, `creatorId`, `locale`, `num`, `notes`, `data`, `dateCreated`, `dateUpdated`, `uid`) VALUES ('92', '125', '5', '1', 'en_us', '1', '', '{\"typeId\":null,\"authorId\":\"1\",\"title\":\"Nature\\u2019s Play Corps: Winter Play Lab\",\"slug\":\"natures-play-corps-winter-play-lab\",\"postDate\":1420901558,\"expiryDate\":null,\"enabled\":1,\"fields\":{\"54\":\"\",\"52\":[\"6-12\"],\"23\":\"\",\"21\":{\"new1\":{\"type\":\"datesBlock\",\"enabled\":\"1\",\"fields\":{\"date\":{\"date\":\"2\\/16\\/2015\",\"time\":\"\"}}}},\"16\":{\"new1\":{\"type\":\"textBlock\",\"enabled\":\"1\",\"fields\":{\"text\":\"<p>We\'ll spend the morning building snow forts, creating ice art, and cooking over the fire. Then we\'ll walk over to the Classrooms @ GreenStar for indoor experiments and nature art in the afternoon<span><\\/span><\\/p>\"}},\"new2\":{\"type\":\"textBlock\",\"enabled\":\"1\",\"fields\":{\"text\":\"<h3>Special Program Notes<\\/h3><ul><li>For grades 1st - 3rd<\\/li><li>M-F, Feb. 16 - 20<\\/li><li>9:00am - 4:00pm; Early Drop-off starts at 8:30am<\\/li><li>Registration Required<\\/li><\\/ul><h3>Program Registration Fee:<\\/h3><ul><li>Self-determined sliding scale = <em>$230-280 \\/ Members $215<\\/em><\\/li><li>Early Bird Registration Deadline: January 15th = <em>$195 \\/ Members $180<\\/em><\\/li><li>Sibling Discount = <em>10% off each additional child registered from same family<\\/em><\\/li><li><em>Scholarships available - conact ICG for more information!<\\/em><\\/li><\\/ul>\"}}},\"14\":\"We\'ll spend the morning building snow forts, creating ice art, and cooking over the fire. Then we\'ll walk over to the Classrooms @ GreenStar for indoor experiments and nature art in the afternoon\",\"53\":[\"winter\"],\"51\":[\"124\"],\"20\":[\"school-break\"]}}', '2015-01-10 14:52:38', '2015-01-10 14:52:38', '6c82d4b8-39eb-4eda-afa9-21148ac0ece2');
INSERT INTO `craft_entryversions` (`id`, `entryId`, `sectionId`, `creatorId`, `locale`, `num`, `notes`, `data`, `dateCreated`, `dateUpdated`, `uid`) VALUES ('93', '130', '5', '1', 'en_us', '1', '', '{\"typeId\":null,\"authorId\":\"1\",\"title\":\"Enchanted Spring for Preschoolers\",\"slug\":\"enchanted-spring-for-preschoolers\",\"postDate\":1420901874,\"expiryDate\":null,\"enabled\":1,\"fields\":{\"54\":\"\",\"52\":[\"under5\"],\"23\":\"\",\"21\":{\"new1\":{\"type\":\"datesBlock\",\"enabled\":\"1\",\"fields\":{\"date\":{\"date\":\"5\\/5\\/2015\",\"time\":\"\"}}}},\"16\":{\"new1\":{\"type\":\"textBlock\",\"enabled\":\"1\",\"fields\":{\"text\":\"<p>Enchanted Spring welcomes children 3 to 5 years old to explore with us at Ithaca Children\'s Garden. Spend your mornings full of imagination, exploration, and curiosity. Enchanted Spring is a fun, play-based, educational program designed to help pre-school age children connect with and develop a love for their natural world. Lessons are nature-focused and child-centered, and take place in ICG\'s vegetable garden, wetland habitat, wildflower meadow, outdoor kitchen, and Hands-On Nature Anarchy Zone. Parents may choose to stay and play, or drop off.<\\/p><h3>Special Program Notes<\\/h3><p>Space is limited, and pre-registration is required.<br>Self-determined sliding scale: $80-100<br>ICG members: $70<\\/p>\"}}},\"14\":\"Enchanted Spring welcomes children 3 to 5 years old to explore with us at Ithaca Children\'s Garden. Spend your mornings full of imagination, exploration, and curiosity.\",\"53\":[\"spring\"],\"51\":[\"129\"],\"20\":[\"camp\"]}}', '2015-01-10 14:57:54', '2015-01-10 14:57:54', '67ff1208-f4b8-4e1e-9c07-e2dd651d2543');
INSERT INTO `craft_entryversions` (`id`, `entryId`, `sectionId`, `creatorId`, `locale`, `num`, `notes`, `data`, `dateCreated`, `dateUpdated`, `uid`) VALUES ('94', '133', '6', '1', 'en_us', '1', '', '{\"typeId\":null,\"authorId\":\"1\",\"title\":\"Enchanted Spring for Preschoolers\",\"slug\":\"enchanted-spring-for-preschoolers\",\"postDate\":1420902436,\"expiryDate\":null,\"enabled\":1,\"fields\":{\"29\":{\"date\":\"5\\/5\\/2015\",\"time\":\"\"},\"30\":[\"130\"]}}', '2015-01-10 15:07:16', '2015-01-10 15:07:16', 'c2a4b79f-ed02-4327-a040-c224a77483fa');
INSERT INTO `craft_entryversions` (`id`, `entryId`, `sectionId`, `creatorId`, `locale`, `num`, `notes`, `data`, `dateCreated`, `dateUpdated`, `uid`) VALUES ('95', '134', '6', '1', 'en_us', '1', '', '{\"typeId\":null,\"authorId\":\"1\",\"title\":\"Nature\'s Play Corps: Winter Play Lab\",\"slug\":\"natures-play-corps-winter-play-lab\",\"postDate\":1420902501,\"expiryDate\":null,\"enabled\":1,\"fields\":{\"29\":{\"date\":\"2\\/16\\/2015\",\"time\":\"\"},\"30\":[\"125\"]}}', '2015-01-10 15:08:21', '2015-01-10 15:08:21', 'ff42e479-7e9f-4cfe-9730-ac4bfed7d4c6');
INSERT INTO `craft_entryversions` (`id`, `entryId`, `sectionId`, `creatorId`, `locale`, `num`, `notes`, `data`, `dateCreated`, `dateUpdated`, `uid`) VALUES ('96', '133', '6', '1', 'en_us', '2', '', '{\"typeId\":\"7\",\"authorId\":\"1\",\"title\":\"Enchanted Spring for Preschoolers 6\\/6\",\"slug\":\"enchanted-spring-for-preschoolers\",\"postDate\":1420902420,\"expiryDate\":null,\"enabled\":1,\"fields\":{\"29\":{\"date\":\"5\\/5\\/2015\",\"time\":\"12:00 AM\"},\"30\":[\"130\"]}}', '2015-01-10 15:08:49', '2015-01-10 15:08:49', '97e2f926-dafe-4b28-8ad4-880712b87771');
INSERT INTO `craft_entryversions` (`id`, `entryId`, `sectionId`, `creatorId`, `locale`, `num`, `notes`, `data`, `dateCreated`, `dateUpdated`, `uid`) VALUES ('97', '134', '6', '1', 'en_us', '2', '', '{\"typeId\":\"7\",\"authorId\":\"1\",\"title\":\"Nature\'s Play Corps: Winter Play Lab 2\\/16\",\"slug\":\"natures-play-corps-winter-play-lab\",\"postDate\":1420902480,\"expiryDate\":null,\"enabled\":1,\"fields\":{\"29\":{\"date\":\"2\\/16\\/2015\",\"time\":\"12:00 AM\"},\"30\":[\"125\"]}}', '2015-01-10 15:09:01', '2015-01-10 15:09:01', '98b76526-f87b-494f-bdaa-5b486f182d47');
INSERT INTO `craft_entryversions` (`id`, `entryId`, `sectionId`, `creatorId`, `locale`, `num`, `notes`, `data`, `dateCreated`, `dateUpdated`, `uid`) VALUES ('98', '130', '5', '1', 'en_us', '2', '', '{\"typeId\":\"6\",\"authorId\":\"1\",\"title\":\"Enchanted Spring for Preschoolers\",\"slug\":\"enchanted-spring-for-preschoolers\",\"postDate\":1420901820,\"expiryDate\":null,\"enabled\":1,\"fields\":{\"54\":\"\",\"52\":[\"under5\"],\"23\":\"\",\"21\":{\"132\":{\"type\":\"datesBlock\",\"enabled\":\"1\",\"fields\":{\"beginDate\":{\"date\":\"5\\/5\\/2015\",\"time\":\"12:00 AM\"},\"endDate\":{\"date\":\"5\\/26\\/2015\",\"time\":\"\"}}}},\"16\":{\"131\":{\"type\":\"textBlock\",\"enabled\":\"1\",\"fields\":{\"text\":\"<p>Enchanted Spring welcomes children 3 to 5 years old to explore with us at Ithaca Children\'s Garden. Spend your mornings full of imagination, exploration, and curiosity. Enchanted Spring is a fun, play-based, educational program designed to help pre-school age children connect with and develop a love for their natural world. Lessons are nature-focused and child-centered, and take place in ICG\'s vegetable garden, wetland habitat, wildflower meadow, outdoor kitchen, and Hands-On Nature Anarchy Zone. Parents may choose to stay and play, or drop off.<\\/p><h3>Special Program Notes<\\/h3><p>Space is limited, and pre-registration is required.<br>Self-determined sliding scale: $80-100<br>ICG members: $70<\\/p>\"}}},\"14\":\"Enchanted Spring welcomes children 3 to 5 years old to explore with us at Ithaca Children\'s Garden. Spend your mornings full of imagination, exploration, and curiosity.\",\"53\":[\"spring\"],\"51\":[\"129\"],\"20\":[\"camp\"]}}', '2015-01-10 18:18:28', '2015-01-10 18:18:28', '917a2c0b-e411-4ea9-9100-eddf04c67043');
INSERT INTO `craft_entryversions` (`id`, `entryId`, `sectionId`, `creatorId`, `locale`, `num`, `notes`, `data`, `dateCreated`, `dateUpdated`, `uid`) VALUES ('99', '130', '5', '1', 'en_us', '3', '', '{\"typeId\":\"6\",\"authorId\":\"1\",\"title\":\"Enchanted Spring for Preschoolers\",\"slug\":\"enchanted-spring-for-preschoolers\",\"postDate\":1420901820,\"expiryDate\":null,\"enabled\":1,\"fields\":{\"54\":\"\",\"52\":[\"under5\"],\"23\":\"\",\"21\":{\"132\":{\"type\":\"datesBlock\",\"enabled\":\"1\",\"fields\":{\"beginDate\":{\"date\":\"5\\/5\\/2015\",\"time\":\"12:00 AM\"},\"endDate\":{\"date\":\"5\\/26\\/2015\",\"time\":\"12:00 AM\"},\"day\":\"Tuesdays\"}}},\"16\":{\"131\":{\"type\":\"textBlock\",\"enabled\":\"1\",\"fields\":{\"text\":\"<p>Enchanted Spring welcomes children 3 to 5 years old to explore with us at Ithaca Children\'s Garden. Spend your mornings full of imagination, exploration, and curiosity. Enchanted Spring is a fun, play-based, educational program designed to help pre-school age children connect with and develop a love for their natural world. Lessons are nature-focused and child-centered, and take place in ICG\'s vegetable garden, wetland habitat, wildflower meadow, outdoor kitchen, and Hands-On Nature Anarchy Zone. Parents may choose to stay and play, or drop off.<\\/p><h3>Special Program Notes<\\/h3><p>Space is limited, and pre-registration is required.<br>Self-determined sliding scale: $80-100<br>ICG members: $70<\\/p>\"}}},\"14\":\"Enchanted Spring welcomes children 3 to 5 years old to explore with us at Ithaca Children\'s Garden. Spend your mornings full of imagination, exploration, and curiosity.\",\"53\":[\"spring\"],\"51\":[\"129\"],\"20\":[\"camp\"]}}', '2015-01-10 18:24:05', '2015-01-10 18:24:05', '3251fcf3-88c3-49d8-a5cb-db1463bfb803');
INSERT INTO `craft_entryversions` (`id`, `entryId`, `sectionId`, `creatorId`, `locale`, `num`, `notes`, `data`, `dateCreated`, `dateUpdated`, `uid`) VALUES ('100', '116', '5', '1', 'en_us', '2', '', '{\"typeId\":\"6\",\"authorId\":\"1\",\"title\":\"Winter Sprouts\",\"slug\":\"winter-sprouts\",\"postDate\":1420409820,\"expiryDate\":null,\"enabled\":1,\"fields\":{\"54\":\"\",\"52\":[\"under5\"],\"23\":\"\",\"21\":{\"118\":{\"type\":\"datesBlock\",\"enabled\":\"1\",\"fields\":{\"beginDate\":{\"date\":\"1\\/5\\/2015\",\"time\":\"10:30 AM\"},\"endDate\":{\"date\":\"2\\/23\\/2015\",\"time\":\"\"},\"day\":\"Mondays\"}}},\"16\":{\"117\":{\"type\":\"textBlock\",\"enabled\":\"1\",\"fields\":{\"text\":\"<p>Chase your cabin fever away with ICG. Join us for stories of the natural world in winter, and the promise of spring - then dig in to a great hands-on project!<\\/p><p><img src=\\\"images\\/programs\\/sprouts-junk.png#asset:115:url\\\" alt=\\\"sprouts-junk.png#asset:115\\\"><br><\\/p>\"}}},\"14\":\"Chase your cabin fever away with ICG. Join us for stories of the natural world in winter, and the promise of spring - then dig in to a great hands-on project!\",\"53\":[\"winter\"],\"51\":[\"115\"],\"20\":\"\"}}', '2015-01-10 18:28:49', '2015-01-10 18:28:49', '1e039e34-709b-403a-9a04-44e4056985fa');
INSERT INTO `craft_entryversions` (`id`, `entryId`, `sectionId`, `creatorId`, `locale`, `num`, `notes`, `data`, `dateCreated`, `dateUpdated`, `uid`) VALUES ('101', '125', '5', '1', 'en_us', '2', '', '{\"typeId\":\"6\",\"authorId\":\"1\",\"title\":\"Nature\\u2019s Play Corps: Winter Play Lab\",\"slug\":\"natures-play-corps-winter-play-lab\",\"postDate\":1420901520,\"expiryDate\":null,\"enabled\":1,\"fields\":{\"54\":\"\",\"52\":[\"6-12\"],\"23\":\"\",\"21\":{\"128\":{\"type\":\"datesBlock\",\"enabled\":\"1\",\"fields\":{\"beginDate\":{\"date\":\"2\\/16\\/2015\",\"time\":\"12:00 AM\"},\"endDate\":{\"date\":\"2\\/20\\/2015\",\"time\":\"\"},\"day\":\"\"}}},\"16\":{\"126\":{\"type\":\"textBlock\",\"enabled\":\"1\",\"fields\":{\"text\":\"<p>We\'ll spend the morning building snow forts, creating ice art, and cooking over the fire. Then we\'ll walk over to the Classrooms @ GreenStar for indoor experiments and nature art in the afternoon<\\/p>\"}},\"127\":{\"type\":\"textBlock\",\"enabled\":\"1\",\"fields\":{\"text\":\"<h3>Special Program Notes<\\/h3><ul><li>For grades 1st - 3rd<\\/li><li>M-F, Feb. 16 - 20<\\/li><li>9:00am - 4:00pm; Early Drop-off starts at 8:30am<\\/li><li>Registration Required<\\/li><\\/ul><h3>Program Registration Fee:<\\/h3><ul><li>Self-determined sliding scale = <em>$230-280 \\/ Members $215<\\/em><\\/li><li>Early Bird Registration Deadline: January 15th = <em>$195 \\/ Members $180<\\/em><\\/li><li>Sibling Discount = <em>10% off each additional child registered from same family<\\/em><\\/li><li><em>Scholarships available - conact ICG for more information!<\\/em><\\/li><\\/ul>\"}}},\"14\":\"We\'ll spend the morning building snow forts, creating ice art, and cooking over the fire. Then we\'ll walk over to the Classrooms @ GreenStar for indoor experiments and nature art in the afternoon\",\"53\":[\"winter\"],\"51\":[\"124\"],\"20\":[\"school-break\"]}}', '2015-01-10 18:31:49', '2015-01-10 18:31:49', '998db3ef-2557-49e4-8e5c-f6429b7bc170');
INSERT INTO `craft_entryversions` (`id`, `entryId`, `sectionId`, `creatorId`, `locale`, `num`, `notes`, `data`, `dateCreated`, `dateUpdated`, `uid`) VALUES ('102', '41', '5', '1', 'en_us', '15', '', '{\"typeId\":\"6\",\"authorId\":\"1\",\"title\":\"Little Troll Monsters\",\"slug\":\"little-troll-monsters\",\"postDate\":1420049340,\"expiryDate\":null,\"enabled\":1,\"fields\":{\"54\":[\"yes\"],\"52\":[\"under5\"],\"23\":[\"35\",\"37\",\"40\"],\"21\":{\"44\":{\"type\":\"datesBlock\",\"enabled\":\"1\",\"fields\":{\"beginDate\":{\"date\":\"12\\/11\\/2014\",\"time\":\"12:30 AM\"},\"endDate\":{\"date\":\"12\\/13\\/2014\",\"time\":\"\"},\"day\":\"\"}},\"47\":{\"type\":\"datesBlock\",\"enabled\":\"1\",\"fields\":{\"beginDate\":{\"date\":\"12\\/25\\/2014\",\"time\":\"1:30 AM\"},\"endDate\":{\"date\":\"1\\/6\\/2015\",\"time\":\"\"},\"day\":\"\"}}},\"16\":{\"46\":{\"type\":\"quoteBlock\",\"enabled\":\"1\",\"fields\":{\"quote\":\"Cras justo odio, dapibus ac facilisis in, egestas eget quam. Is this not updating?\",\"citation\":\"Bob Marteal\",\"position\":\"left\"}},\"50\":{\"type\":\"imageBlock\",\"enabled\":\"1\",\"fields\":{\"image\":[\"49\"],\"caption\":\"\"}},\"42\":{\"type\":\"textBlock\",\"enabled\":\"1\",\"fields\":{\"text\":\"<p>\\r\\n\\tSed posuere consectetur est at lobortis. Donec id elit non mi porta gravida at eget metus. Praesent commodo cursus magna, vel scelerisque nisl consectetur et. Praesent commodo cursus magna, vel scelerisque nisl consectetur et.\\r\\n<\\/p><p>\\r\\n\\tInteger posuere erat a ante venenatis dapibus posuere velit aliquet. Nulla vitae elit libero, a pharetra augue. Praesent commodo cursus magna, vel scelerisque nisl consectetur et. Cum sociis natoque penatibus et magnis dis parturient montes, nascetur ridiculus mus. Lorem ipsum dolor sit amet, consectetur adipiscing elit.\\r\\n<\\/p>\"}},\"43\":{\"type\":\"imageBlock\",\"enabled\":\"1\",\"fields\":{\"image\":[\"45\",\"51\",\"52\"],\"caption\":\"\"}}},\"14\":\"There once was a scary troll that ate all the good boys and girls.\",\"53\":[\"winter\"],\"51\":[\"45\"],\"20\":\"\"}}', '2015-01-10 18:47:01', '2015-01-10 18:47:01', 'eaa15e84-fb52-4297-ba7c-1d47f859f909');
INSERT INTO `craft_entryversions` (`id`, `entryId`, `sectionId`, `creatorId`, `locale`, `num`, `notes`, `data`, `dateCreated`, `dateUpdated`, `uid`) VALUES ('103', '53', '5', '1', 'en_us', '7', '', '{\"typeId\":\"6\",\"authorId\":\"1\",\"title\":\"Bonkers-ville Rambling\",\"slug\":\"bonkers-ville-rambling\",\"postDate\":1420225860,\"expiryDate\":null,\"enabled\":1,\"fields\":{\"54\":\"\",\"52\":[\"under5\"],\"23\":[\"36\",\"39\"],\"21\":{\"55\":{\"type\":\"datesBlock\",\"enabled\":\"1\",\"fields\":{\"beginDate\":{\"date\":\"1\\/16\\/2015\",\"time\":\"9:30 PM\"},\"endDate\":{\"date\":\"\",\"time\":\"\"},\"day\":\"\"}},\"56\":{\"type\":\"datesBlock\",\"enabled\":\"1\",\"fields\":{\"beginDate\":{\"date\":\"3\\/11\\/2015\",\"time\":\"4:00 PM\"},\"endDate\":{\"date\":\"\",\"time\":\"\"},\"day\":\"\"}},\"57\":{\"type\":\"datesBlock\",\"enabled\":\"1\",\"fields\":{\"beginDate\":{\"date\":\"2\\/12\\/2015\",\"time\":\"1:30 PM\"},\"endDate\":{\"date\":\"\",\"time\":\"\"},\"day\":\"\"}}},\"16\":{\"54\":{\"type\":\"textBlock\",\"enabled\":\"1\",\"fields\":{\"text\":\"<p>Nullam id dolor id nibh ultricies vehicula ut id elit. Vivamus sagittis lacus vel augue laoreet rutrum faucibus dolor auctor. Aenean eu leo quam. Pellentesque ornare sem lacinia quam venenatis vestibulum. Vivamus sagittis lacus vel augue laoreet rutrum faucibus dolor auctor.<\\/p><p>Maecenas sed diam eget risus varius blandit sit amet non magna. Donec id elit non mi porta gravida at eget metus. Maecenas sed diam eget risus varius blandit sit amet non magna. Etiam porta sem malesuada magna mollis euismod. Aenean lacinia bibendum nulla sed consectetur. Cras mattis consectetur purus sit amet fermentum.<\\/p><p>Duis mollis, est non commodo luctus, nisi erat porttitor ligula, eget lacinia odio sem nec elit. Lorem ipsum dolor sit amet, consectetur adipiscing elit. Curabitur blandit tempus porttitor. Vivamus sagittis lacus vel augue laoreet rutrum faucibus dolor auctor. Donec id elit non mi porta gravida at eget metus. Donec sed odio dui. Donec id elit non mi porta gravida at eget metus.<\\/p>\"}}},\"14\":\"Come join us as we ramble the wetlands of America\",\"53\":[\"summer\"],\"51\":[\"108\"],\"20\":\"\"}}', '2015-01-11 16:23:29', '2015-01-11 16:23:29', 'b5623e8f-8cb2-4aeb-8116-d3eb586e4a99');
INSERT INTO `craft_entryversions` (`id`, `entryId`, `sectionId`, `creatorId`, `locale`, `num`, `notes`, `data`, `dateCreated`, `dateUpdated`, `uid`) VALUES ('104', '138', '9', '1', 'en_us', '1', '', '{\"typeId\":null,\"authorId\":\"1\",\"title\":\"The Garden\",\"slug\":\"the-garden\",\"postDate\":1420993899,\"expiryDate\":null,\"enabled\":1,\"fields\":{\"38\":{\"new1\":{\"type\":\"textBlock\",\"enabled\":\"1\",\"fields\":{\"text\":\"<p>Ithaca Children\'s Garden is a very special place.<\\/p><p>Designed and developed in harmony with the natural and cultural landscape of the region, the Ithaca Children\'s Garden is uniquely Ithaca. Built by and for the community, using local materials, designers and artisans, you won\'t find a garden like it elsewhere.<\\/p><p>\\\"Ithaca is obviously a beautiful place, and children have a lot of access to wonderful parts of nature here,\\\" says Rusty Keeler, author of Natural Playscapes, father, and owner of Earthplay. \\\"But the Children\'s Garden is the one place that says \\\"this is for kids.\\\" It\'s a place that belongs to kids, a place to grow up in.\\\"<\\/p>\"}},\"new2\":{\"type\":\"textBlock\",\"enabled\":\"1\",\"fields\":{\"text\":\"<h2>Bulb Labyrinth Memorial Garden<\\/h2><p><img src=\\\"images\\/bulb-lab-pano-small.jpg#asset:136\\\" alt=\\\"Bulb Labyrinth in bloom\\\" style=\\\"float: left; margin: 0px 10px 10px 0px;\\\">Bulbs symbolize hope and the cycle of life. Labyrinths have been used for centuries by many cultures around the world to promote healing and meditation. The garden is designed to be a beautiful, uplifting, sensory garden that celebrates the natural rhythms of the seasons.<\\/p>\"}},\"new3\":{\"type\":\"textBlock\",\"enabled\":\"1\",\"fields\":{\"text\":\"<h2>Hands on Nature Anarchy Zone<\\/h2><p><img src=\\\"images\\/honaz-pano-small_1.jpg#asset:137\\\" alt=\\\"HONAZ\\\" style=\\\"float: left; margin: 0px 10px 10px 0px;\\\">We all know that children need fun opportunities to get outside and connect with nature in hands-on and bodies-on ways using all their senses. The Hands-on-Anarchy Zone invites visitors to \\\"take it to the next level\\\" and dig for worms, play with water sand and clay, plant trees, build forts out of straw bales and stumps, cook food, and more \\u2014 and in the process get muddy, wet, and dirty wild exploring their connection to nature.<\\/p><p><a href=\\\"http:\\/\\/ithacachildrensgarden.org\\/index.php\\/hands-on-nature-anarchy-zone\\/\\\">Visit the Hand on Nature Anarchy Zone<\\/a>.<\\/p><p>Flowing from Gaia\'s natural wetlands habitat, bird habitat garden and wildflower meadow at the south end, through an Ecological Edible Garden and urban agriculture center to the north meadow, the Ithaca Children\'s Garden is ever growing. Visit early and often and take part in community events based on nature, and the land.<\\/p><p>Planning a visit to Ithaca Children\'s Garden? Check out our programs and events, or drop us a line and let us know how we can help. Visited the garden recently, or have a memory you\'d like to share? <a href=\\\"http:\\/\\/ithacachildrensgarden.org\\/index.php\\/contact\\/\\\">Contact us<\\/a>, or post on our <a href=\\\"https:\\/\\/www.facebook.com\\/ithacachildrensgarden\\\">Facebook page<\\/a>!<\\/p><p>ICG is a grassroots organization, and relies on support from many community partners including individuals, families, businesses and organizations<\\/p>\"}}}}}', '2015-01-11 16:31:40', '2015-01-11 16:31:40', '59aa3ec2-8f3e-4ca3-ad97-a2360fee5413');
INSERT INTO `craft_entryversions` (`id`, `entryId`, `sectionId`, `creatorId`, `locale`, `num`, `notes`, `data`, `dateCreated`, `dateUpdated`, `uid`) VALUES ('105', '142', '8', '1', 'en_us', '1', '', '{\"typeId\":\"9\",\"authorId\":\"1\",\"title\":\"The Garden\",\"slug\":\"the-garden\",\"postDate\":1420993961,\"expiryDate\":null,\"enabled\":1,\"fields\":{\"36\":[\"138\"]}}', '2015-01-11 16:32:42', '2015-01-11 16:32:42', '4e8add8b-8f0d-462d-a2b9-dd8cf76c3cbf');
INSERT INTO `craft_entryversions` (`id`, `entryId`, `sectionId`, `creatorId`, `locale`, `num`, `notes`, `data`, `dateCreated`, `dateUpdated`, `uid`) VALUES ('106', '138', '9', '1', 'en_us', '2', '', '{\"typeId\":\"11\",\"authorId\":\"1\",\"title\":\"The Garden\",\"slug\":\"the-garden\",\"postDate\":1420993860,\"expiryDate\":null,\"enabled\":1,\"fields\":{\"38\":{\"139\":{\"type\":\"textBlock\",\"enabled\":\"1\",\"fields\":{\"text\":\"<p>Ithaca Children\'s Garden is a very special place.<\\/p><p>Designed and developed in harmony with the natural and cultural landscape of the region, the Ithaca Children\'s Garden is uniquely Ithaca. Built by and for the community, using local materials, designers and artisans, you won\'t find a garden like it elsewhere.<\\/p><p>\\\"Ithaca is obviously a beautiful place, and children have a lot of access to wonderful parts of nature here,\\\" says Rusty Keeler, author of Natural Playscapes, father, and owner of Earthplay. \\\"But the Children\'s Garden is the one place that says \\\"this is for kids.\\\" It\'s a place that belongs to kids, a place to grow up in.\\\"<\\/p>\"}},\"140\":{\"type\":\"textBlock\",\"enabled\":\"1\",\"fields\":{\"text\":\"<h2>Bulb Labyrinth Memorial Garden<\\/h2><p><img src=\\\"images\\/bulb-lab-pano-small.jpg#asset:136:url\\\" alt=\\\"Bulb Labyrinth in bloom\\\" style=\\\"float: left; margin: 0px 10px 10px 0px;\\\">Bulbs symbolize hope and the cycle of life. Labyrinths have been used for centuries by many cultures around the world to promote healing and meditation. The garden is designed to be a beautiful, uplifting, sensory garden that celebrates the natural rhythms of the seasons.<\\/p>\"}},\"141\":{\"type\":\"textBlock\",\"enabled\":\"1\",\"fields\":{\"text\":\"<h2>Hands on Nature Anarchy Zone<\\/h2><p><img src=\\\"images\\/honaz-pano-small_1.jpg#asset:137:url\\\" alt=\\\"HONAZ\\\" style=\\\"float: left; margin: 0px 10px 10px 0px;\\\">We all know that children need fun opportunities to get outside and connect with nature in hands-on and bodies-on ways using all their senses. The Hands-on-Anarchy Zone invites visitors to \\\"take it to the next level\\\" and dig for worms, play with water sand and clay, plant trees, build forts out of straw bales and stumps, cook food, and more \\u2014 and in the process get muddy, wet, and dirty wild exploring their connection to nature.<\\/p><p><a href=\\\"http:\\/\\/ithacachildrensgarden.org\\/index.php\\/hands-on-nature-anarchy-zone\\/\\\">Visit the Hand on Nature Anarchy Zone<\\/a>.<\\/p><p>Flowing from Gaia\'s natural wetlands habitat, bird habitat garden and wildflower meadow at the south end, through an Ecological Edible Garden and urban agriculture center to the north meadow, the Ithaca Children\'s Garden is ever growing. Visit early and often and take part in community events based on nature, and the land.<\\/p><p>Planning a visit to Ithaca Children\'s Garden? Check out our programs and events, or drop us a line and let us know how we can help. Visited the garden recently, or have a memory you\'d like to share? <a href=\\\"http:\\/\\/ithacachildrensgarden.org\\/index.php\\/contact\\/\\\">Contact us<\\/a>, or post on our <a href=\\\"https:\\/\\/www.facebook.com\\/ithacachildrensgarden\\\">Facebook page<\\/a>!<\\/p><p>ICG is a grassroots organization, and relies on support from many community partners including individuals, families, businesses and organizations<\\/p>\"}}},\"59\":{\"new1\":{\"type\":\"sidebarBlock\",\"enabled\":\"1\",\"fields\":{\"text\":\"<p>Check out our project page to see what is in the works for future development at the Garden. Projects currently being developed include the Bulb Labyrinth Memorial Garden, Perimeter Fence, Hands-On Nature Anarchy Zone, and Carbon-neutral eco-Education Building.<span><\\/span><\\/p>\"}}}}}', '2015-01-11 16:51:34', '2015-01-11 16:51:34', 'bcac75b8-2998-4ecc-940f-fd41099ca677');
INSERT INTO `craft_entryversions` (`id`, `entryId`, `sectionId`, `creatorId`, `locale`, `num`, `notes`, `data`, `dateCreated`, `dateUpdated`, `uid`) VALUES ('107', '138', '9', '1', 'en_us', '3', '', '{\"typeId\":\"11\",\"authorId\":\"1\",\"title\":\"The Garden\",\"slug\":\"the-garden\",\"postDate\":1420993860,\"expiryDate\":null,\"enabled\":1,\"fields\":{\"38\":{\"139\":{\"type\":\"textBlock\",\"enabled\":\"1\",\"fields\":{\"text\":\"<p>Ithaca Children\'s Garden is a very special place.<\\/p><p>Designed and developed in harmony with the natural and cultural landscape of the region, the Ithaca Children\'s Garden is uniquely Ithaca. Built by and for the community, using local materials, designers and artisans, you won\'t find a garden like it elsewhere.<\\/p><p>\\\"Ithaca is obviously a beautiful place, and children have a lot of access to wonderful parts of nature here,\\\" says Rusty Keeler, author of Natural Playscapes, father, and owner of Earthplay. \\\"But the Children\'s Garden is the one place that says \\\"this is for kids.\\\" It\'s a place that belongs to kids, a place to grow up in.\\\"<\\/p>\"}},\"140\":{\"type\":\"textBlock\",\"enabled\":\"1\",\"fields\":{\"text\":\"<h2>Bulb Labyrinth Memorial Garden<\\/h2>\\r\\n<p>Bulbs symbolize hope and the cycle of life. Labyrinths have been used for centuries by many cultures around the world to promote healing and meditation. The garden is designed to be a beautiful, uplifting, sensory garden that celebrates the natural rhythms of the seasons.\\r\\n<\\/p>\"}},\"141\":{\"type\":\"textBlock\",\"enabled\":\"1\",\"fields\":{\"text\":\"<h2>Hands on Nature Anarchy Zone<\\/h2>\\r\\n<p>\\r\\n\\tWe all know that children need fun opportunities to get outside and connect with nature in hands-on and bodies-on ways using all their senses. The Hands-on-Anarchy Zone invites visitors to \\\"take it to the next level\\\" and dig for worms, play with water sand and clay, plant trees, build forts out of straw bales and stumps, cook food, and more \\u2014 and in the process get muddy, wet, and dirty wild exploring their connection to nature.\\r\\n<\\/p>\\r\\n<p>\\r\\n\\t<a href=\\\"http:\\/\\/ithacachildrensgarden.org\\/index.php\\/hands-on-nature-anarchy-zone\\/\\\">Visit the Hand on Nature Anarchy Zone<\\/a>.\\r\\n<\\/p>\\r\\n<p>\\r\\n\\tFlowing from Gaia\'s natural wetlands habitat, bird habitat garden and wildflower meadow at the south end, through an Ecological Edible Garden and urban agriculture center to the north meadow, the Ithaca Children\'s Garden is ever growing. Visit early and often and take part in community events based on nature, and the land.\\r\\n<\\/p>\\r\\n<p>\\r\\n\\tPlanning a visit to Ithaca Children\'s Garden? Check out our programs and events, or drop us a line and let us know how we can help. Visited the garden recently, or have a memory you\'d like to share? <a href=\\\"http:\\/\\/ithacachildrensgarden.org\\/index.php\\/contact\\/\\\">Contact us<\\/a>, or post on our <a href=\\\"https:\\/\\/www.facebook.com\\/ithacachildrensgarden\\\">Facebook page<\\/a>!\\r\\n<\\/p>\\r\\n<p>\\r\\n\\tICG is a grassroots organization, and relies on support from many community partners including individuals, families, businesses and organizations\\r\\n<\\/p>\"}}},\"59\":{\"143\":{\"type\":\"sidebarBlock\",\"enabled\":\"1\",\"fields\":{\"text\":\"<h2>The Master Plan<\\/h2><p>Check out our project page to see what is in the works for future development at the Garden. Projects currently being developed include the Bulb Labyrinth Memorial Garden, Perimeter Fence, Hands-On Nature Anarchy Zone, and Carbon-neutral eco-Education Building.<\\/p>\"}}}}}', '2015-01-11 16:57:01', '2015-01-11 16:57:01', '4cc1bfdc-2a8d-4c06-903c-6291d5706965');
INSERT INTO `craft_entryversions` (`id`, `entryId`, `sectionId`, `creatorId`, `locale`, `num`, `notes`, `data`, `dateCreated`, `dateUpdated`, `uid`) VALUES ('108', '144', '9', '1', 'en_us', '1', '', '{\"typeId\":null,\"authorId\":\"1\",\"title\":\"Hands-on-Nature Anarchy Zone\",\"slug\":\"hands-on-nature-anarchy-zone\",\"postDate\":1420995690,\"expiryDate\":null,\"enabled\":1,\"fields\":{\"38\":{\"new1\":{\"type\":\"textBlock\",\"enabled\":\"1\",\"fields\":{\"text\":\"<p>We all know that children need fun opportunities to get outside and connect with nature in hands-on and bodies-on ways using all their senses, but did you know that children who play outside are more likely to become adults who care about the environment? ICG\'s mission is to cultivate environmental stewardship, and we believe the best way to do that is getting kids outside, having fun in the natural world.<\\/p><p>The Hands-on-Nature Anarchy Zone invites visitors to take it to the next level and dig for worms, play with water sand and clay, build forts out of straw bales and stumps, climb trees, and more \\u2014 and in the process get muddy, wet, and dirty while exploring their connection to nature. <\\/p><p>A lockable storage shed houses tools and materials to be used during each program. Locust logs, straw bales, topsoil, river clay, cardboard, sand, boulders, etc. invite children to play, create, destruct, work together, work alone, solve problems, and have fun.<\\/p><p>Get ready for a playful summer at ICG\'s Hands-on-Nature Anarchy Zone! Three weeks of<a href=\\\"http:\\/\\/ithacachildrensgarden.org\\/index.php\\/programs\\/read\\/summer-camp-2014\\\">Nature Play Corp Summer Camp<\\/a>, trained playworkers, special Thursday morning <a href=\\\"http:\\/\\/ithacachildrensgarden.org\\/index.php\\/programs\\/read\\/zone-into-nature\\\">Zone into Nature program<\\/a>, <a href=\\\"http:\\/\\/ithacachildrensgarden.org\\/index.php\\/programs\\/read\\/adventure-play-days\\\">Adventure Play Days<\\/a>, local artists and build leaders, all come together in the Anarchy Zone to help provide your child with one of the most essential ingredients of a healthy childhood: child-directed free play. <\\/p><p><a href=\\\"https:\\/\\/www.youtube.com\\/watch?v=ppc3bcGyd9s&amp;list=UUim9TnNKH5yinZm8_L95C-A\\\">Featured on the Katie Couric show<\\/a> and <a href=\\\"http:\\/\\/www.npr.org\\/blogs\\/ed\\/2014\\/08\\/04\\/334896321\\/where-the-wild-things-play\\\">recognized on NPR,<\\/a> the Hands-on-Nature Anarchy Zone integrates models of nature play + adventure playgrounds + city farms from Germany, Scandinavia, and the UK, and works with international play experts to train our playworkers. Ithaca Children\'s Garden is the first example in the US of integrating Playwork and nature-based learning into a children\'s garden setting.<\\/p><p>Seed funding was provided by US Fish &amp; Wildlife Service (USFWS) in 2012, and 2013. 2014 funding was provided by USFWS and Park Foundation.<\\/p><p>In partnership with <a href=\\\"http:\\/\\/rustykeeler.com\\/\\\">Rusty Keeler<\\/a> of <a href=\\\"http:\\/\\/earthplay.net\\/\\\">EarthPlay<\\/a>. <\\/p><p>International Mud Day and the Festival of Fire &amp; Ice are Hands-on-Nature Anarchy Zone events funded with grants by the Tompkins County Tourism Program.<\\/p>\"}}},\"59\":\"\"}}', '2015-01-11 17:01:30', '2015-01-11 17:01:30', '4b1c5c6c-a3bb-4274-a294-052f8be516a9');
INSERT INTO `craft_entryversions` (`id`, `entryId`, `sectionId`, `creatorId`, `locale`, `num`, `notes`, `data`, `dateCreated`, `dateUpdated`, `uid`) VALUES ('109', '144', '9', '1', 'en_us', '2', '', '{\"typeId\":\"11\",\"authorId\":\"1\",\"title\":\"Hands-on-Nature Anarchy Zone\",\"slug\":\"hands-on-nature-anarchy-zone\",\"postDate\":1420995660,\"expiryDate\":null,\"enabled\":1,\"fields\":{\"38\":{\"145\":{\"type\":\"textBlock\",\"enabled\":\"1\",\"fields\":{\"text\":\"<p>We all know that children need fun opportunities to get outside and connect with nature in hands-on and bodies-on ways using all their senses, but did you know that children who play outside are more likely to become adults who care about the environment? ICG\'s mission is to cultivate environmental stewardship, and we believe the best way to do that is getting kids outside, having fun in the natural world.<\\/p><p>The Hands-on-Nature Anarchy Zone invites visitors to take it to the next level and dig for worms, play with water sand and clay, build forts out of straw bales and stumps, climb trees, and more \\u2014 and in the process get muddy, wet, and dirty while exploring their connection to nature. <\\/p><p>A lockable storage shed houses tools and materials to be used during each program. Locust logs, straw bales, topsoil, river clay, cardboard, sand, boulders, etc. invite children to play, create, destruct, work together, work alone, solve problems, and have fun.<\\/p><p>Get ready for a playful summer at ICG\'s Hands-on-Nature Anarchy Zone! Three weeks of<a href=\\\"http:\\/\\/ithacachildrensgarden.org\\/index.php\\/programs\\/read\\/summer-camp-2014\\\">Nature Play Corp Summer Camp<\\/a>, trained playworkers, special Thursday morning <a href=\\\"http:\\/\\/ithacachildrensgarden.org\\/index.php\\/programs\\/read\\/zone-into-nature\\\">Zone into Nature program<\\/a>, <a href=\\\"http:\\/\\/ithacachildrensgarden.org\\/index.php\\/programs\\/read\\/adventure-play-days\\\">Adventure Play Days<\\/a>, local artists and build leaders, all come together in the Anarchy Zone to help provide your child with one of the most essential ingredients of a healthy childhood: child-directed free play. <\\/p><p><a href=\\\"https:\\/\\/www.youtube.com\\/watch?v=ppc3bcGyd9s&amp;list=UUim9TnNKH5yinZm8_L95C-A\\\">Featured on the Katie Couric show<\\/a> and <a href=\\\"http:\\/\\/www.npr.org\\/blogs\\/ed\\/2014\\/08\\/04\\/334896321\\/where-the-wild-things-play\\\">recognized on NPR,<\\/a> the Hands-on-Nature Anarchy Zone integrates models of nature play + adventure playgrounds + city farms from Germany, Scandinavia, and the UK, and works with international play experts to train our playworkers. Ithaca Children\'s Garden is the first example in the US of integrating Playwork and nature-based learning into a children\'s garden setting.<\\/p><p>Seed funding was provided by US Fish &amp; Wildlife Service (USFWS) in 2012, and 2013. 2014 funding was provided by USFWS and Park Foundation.<\\/p><p>In partnership with <a href=\\\"http:\\/\\/rustykeeler.com\\/\\\">Rusty Keeler<\\/a> of <a href=\\\"http:\\/\\/earthplay.net\\/\\\">EarthPlay<\\/a>. <\\/p><p>International Mud Day and the Festival of Fire &amp; Ice are Hands-on-Nature Anarchy Zone events funded with grants by the Tompkins County Tourism Program.<\\/p>\"}}},\"59\":\"\"}}', '2015-01-11 17:07:02', '2015-01-11 17:07:02', '1ccf3537-32b6-45d1-b102-7073c8e302d4');
INSERT INTO `craft_entryversions` (`id`, `entryId`, `sectionId`, `creatorId`, `locale`, `num`, `notes`, `data`, `dateCreated`, `dateUpdated`, `uid`) VALUES ('110', '144', '9', '1', 'en_us', '3', '', '{\"typeId\":\"11\",\"authorId\":\"1\",\"title\":\"Hands-on-Nature Anarchy Zone\",\"slug\":\"hands-on-nature-anarchy-zone\",\"postDate\":1420995660,\"expiryDate\":null,\"enabled\":1,\"fields\":{\"38\":{\"145\":{\"type\":\"textBlock\",\"enabled\":\"1\",\"fields\":{\"text\":\"<p>We all know that children need fun opportunities to get outside and connect with nature in hands-on and bodies-on ways using all their senses, but did you know that children who play outside are more likely to become adults who care about the environment? ICG\'s mission is to cultivate environmental stewardship, and we believe the best way to do that is getting kids outside, having fun in the natural world.<\\/p><p>The Hands-on-Nature Anarchy Zone invites visitors to take it to the next level and dig for worms, play with water sand and clay, build forts out of straw bales and stumps, climb trees, and more \\u2014 and in the process get muddy, wet, and dirty while exploring their connection to nature. <\\/p><p>A lockable storage shed houses tools and materials to be used during each program. Locust logs, straw bales, topsoil, river clay, cardboard, sand, boulders, etc. invite children to play, create, destruct, work together, work alone, solve problems, and have fun.<\\/p><p>Get ready for a playful summer at ICG\'s Hands-on-Nature Anarchy Zone! Three weeks of<a href=\\\"http:\\/\\/ithacachildrensgarden.org\\/index.php\\/programs\\/read\\/summer-camp-2014\\\">Nature Play Corp Summer Camp<\\/a>, trained playworkers, special Thursday morning <a href=\\\"http:\\/\\/ithacachildrensgarden.org\\/index.php\\/programs\\/read\\/zone-into-nature\\\">Zone into Nature program<\\/a>, <a href=\\\"http:\\/\\/ithacachildrensgarden.org\\/index.php\\/programs\\/read\\/adventure-play-days\\\">Adventure Play Days<\\/a>, local artists and build leaders, all come together in the Anarchy Zone to help provide your child with one of the most essential ingredients of a healthy childhood: child-directed free play. <\\/p><p><a href=\\\"https:\\/\\/www.youtube.com\\/watch?v=ppc3bcGyd9s&amp;list=UUim9TnNKH5yinZm8_L95C-A\\\">Featured on the Katie Couric show<\\/a> and <a href=\\\"http:\\/\\/www.npr.org\\/blogs\\/ed\\/2014\\/08\\/04\\/334896321\\/where-the-wild-things-play\\\">recognized on NPR,<\\/a> the Hands-on-Nature Anarchy Zone integrates models of nature play + adventure playgrounds + city farms from Germany, Scandinavia, and the UK, and works with international play experts to train our playworkers. Ithaca Children\'s Garden is the first example in the US of integrating Playwork and nature-based learning into a children\'s garden setting.<\\/p><p>Seed funding was provided by US Fish &amp; Wildlife Service (USFWS) in 2012, and 2013. 2014 funding was provided by USFWS and Park Foundation.<\\/p><p>In partnership with <a href=\\\"http:\\/\\/rustykeeler.com\\/\\\">Rusty Keeler<\\/a> of <a href=\\\"http:\\/\\/earthplay.net\\/\\\">EarthPlay<\\/a>. <\\/p><p>International Mud Day and the Festival of Fire &amp; Ice are Hands-on-Nature Anarchy Zone events funded with grants by the Tompkins County Tourism Program.<\\/p>\"}}},\"59\":\"\"}}', '2015-01-11 17:07:03', '2015-01-11 17:07:03', 'e35e08b9-009d-47d6-b5e6-4400eccda886');
INSERT INTO `craft_entryversions` (`id`, `entryId`, `sectionId`, `creatorId`, `locale`, `num`, `notes`, `data`, `dateCreated`, `dateUpdated`, `uid`) VALUES ('111', '146', '8', '1', 'en_us', '1', '', '{\"typeId\":\"9\",\"authorId\":\"1\",\"title\":\"HONAZ\",\"slug\":\"honaz\",\"postDate\":1420996058,\"expiryDate\":null,\"enabled\":1,\"fields\":{\"36\":[\"144\"]}}', '2015-01-11 17:07:39', '2015-01-11 17:07:39', '4fd3322d-f2d2-4c3a-9d60-f98552a2039a');
INSERT INTO `craft_entryversions` (`id`, `entryId`, `sectionId`, `creatorId`, `locale`, `num`, `notes`, `data`, `dateCreated`, `dateUpdated`, `uid`) VALUES ('112', '149', '10', '1', 'en_us', '1', '', '{\"typeId\":null,\"authorId\":\"1\",\"title\":\"Kids on ropes in HONAZ\",\"slug\":\"kids-on-ropes-in-honaz\",\"postDate\":1421012306,\"expiryDate\":null,\"enabled\":1,\"fields\":{\"61\":[\"148\"]}}', '2015-01-11 21:38:26', '2015-01-11 21:38:26', '557bdabe-1275-4b73-848e-16a9692c74af');
INSERT INTO `craft_entryversions` (`id`, `entryId`, `sectionId`, `creatorId`, `locale`, `num`, `notes`, `data`, `dateCreated`, `dateUpdated`, `uid`) VALUES ('113', '153', '10', '1', 'en_us', '1', '', '{\"typeId\":null,\"authorId\":\"1\",\"title\":\"Bubbles\",\"slug\":\"bubbles\",\"postDate\":1421012987,\"expiryDate\":null,\"enabled\":1,\"fields\":{\"61\":[\"152\"]}}', '2015-01-11 21:49:47', '2015-01-11 21:49:47', '450c7bb3-7de4-4a96-a27c-352f99c988c9');
INSERT INTO `craft_entryversions` (`id`, `entryId`, `sectionId`, `creatorId`, `locale`, `num`, `notes`, `data`, `dateCreated`, `dateUpdated`, `uid`) VALUES ('114', '154', '6', '1', 'en_us', '1', '', '{\"typeId\":null,\"authorId\":\"1\",\"title\":\"Enchanted Spring 2\\/8\",\"slug\":\"enchanted-spring-2-8\",\"postDate\":1421021787,\"expiryDate\":null,\"enabled\":1,\"fields\":{\"29\":{\"date\":\"2\\/8\\/2015\",\"time\":\"\"},\"30\":[\"130\"]}}', '2015-01-12 00:16:27', '2015-01-12 00:16:27', '32e2514d-8241-4dad-aa5c-d13aa3237bac');
INSERT INTO `craft_entryversions` (`id`, `entryId`, `sectionId`, `creatorId`, `locale`, `num`, `notes`, `data`, `dateCreated`, `dateUpdated`, `uid`) VALUES ('115', '157', '10', '1', 'en_us', '1', '', '{\"typeId\":null,\"authorId\":\"1\",\"title\":\"Bulb Labyrinth from above\",\"slug\":\"bulb-labyrinth-from-above\",\"postDate\":1421112466,\"expiryDate\":null,\"enabled\":1,\"fields\":{\"61\":[\"156\"]}}', '2015-01-13 01:27:46', '2015-01-13 01:27:46', '58710fe4-7c4e-483e-8246-003c26afc851');
INSERT INTO `craft_entryversions` (`id`, `entryId`, `sectionId`, `creatorId`, `locale`, `num`, `notes`, `data`, `dateCreated`, `dateUpdated`, `uid`) VALUES ('116', '160', '10', '1', 'en_us', '1', '', '{\"typeId\":null,\"authorId\":\"1\",\"title\":\"Kids on the swing\",\"slug\":\"kids-on-the-swing\",\"postDate\":1421112694,\"expiryDate\":null,\"enabled\":1,\"fields\":{\"61\":[\"159\"]}}', '2015-01-13 01:31:35', '2015-01-13 01:31:35', 'e46b3f25-4a49-4664-bc2f-e1c6626de713');
INSERT INTO `craft_entryversions` (`id`, `entryId`, `sectionId`, `creatorId`, `locale`, `num`, `notes`, `data`, `dateCreated`, `dateUpdated`, `uid`) VALUES ('117', '163', '10', '1', 'en_us', '1', '', '{\"typeId\":null,\"authorId\":\"1\",\"title\":\"Kids on fort in winter\",\"slug\":\"kids-on-fort-in-winter\",\"postDate\":1421112953,\"expiryDate\":null,\"enabled\":1,\"fields\":{\"61\":[\"162\"]}}', '2015-01-13 01:35:53', '2015-01-13 01:35:53', '7d1652cc-d1fe-4e88-98ce-8ca425433e85');
INSERT INTO `craft_entryversions` (`id`, `entryId`, `sectionId`, `creatorId`, `locale`, `num`, `notes`, `data`, `dateCreated`, `dateUpdated`, `uid`) VALUES ('118', '164', '9', '1', 'en_us', '1', '', '{\"typeId\":null,\"authorId\":\"1\",\"title\":\"Play\",\"slug\":\"play\",\"postDate\":1421113788,\"expiryDate\":null,\"enabled\":1,\"fields\":{\"38\":{\"new1\":{\"type\":\"textBlock\",\"enabled\":\"1\",\"fields\":{\"text\":\"<h2>Play is an Experience<\\/h2><p>Lorem ipsum dolor sit amet, consectetur adipiscing elit. Vivamus sagittis lacus vel augue laoreet rutrum faucibus dolor auctor. Duis mollis, est non commodo luctus, nisi erat porttitor ligula, eget lacinia odio sem nec elit. Praesent commodo cursus magna, vel scelerisque nisl consectetur et. Fusce dapibus, tellus ac cursus commodo, tortor mauris condimentum nibh, ut fermentum massa justo sit amet risus. Cras justo odio, dapibus ac facilisis in, egestas eget quam. Fusce dapibus, tellus ac cursus commodo, tortor mauris condimentum nibh, ut fermentum massa justo sit amet risus.<\\/p><p>Morbi leo risus, porta ac consectetur ac, vestibulum at eros. Lorem ipsum dolor sit amet, consectetur adipiscing elit. Etiam porta sem malesuada magna mollis euismod. Nulla vitae elit libero, a pharetra augue. Integer posuere erat a ante venenatis dapibus posuere velit aliquet. Nullam quis risus eget urna mollis ornare vel eu leo.<\\/p>\"}},\"new2\":{\"type\":\"quoteBlock\",\"enabled\":\"1\",\"fields\":{\"quote\":\"Donec id elit non mi porta gravida at eget metus. Aenean lacinia bibendum nulla sed consectetur.\",\"citation\":\"Catherine Zeta Jones\",\"position\":\"left\"}},\"new3\":{\"type\":\"videoBlock\",\"enabled\":\"1\",\"fields\":{\"videoTitle\":\"\",\"videoEmbedCode\":\"<iframe src=\\\"\\/\\/player.vimeo.com\\/video\\/48499231\\\" width=\\\"500\\\" height=\\\"281\\\" frameborder=\\\"0\\\" webkitallowfullscreen mozallowfullscreen allowfullscreen><\\/iframe>\",\"position\":\"left\"}}},\"59\":\"\"}}', '2015-01-13 01:49:48', '2015-01-13 01:49:48', '59a13bfb-1fdf-4520-b801-590ed9c4b11c');
INSERT INTO `craft_entryversions` (`id`, `entryId`, `sectionId`, `creatorId`, `locale`, `num`, `notes`, `data`, `dateCreated`, `dateUpdated`, `uid`) VALUES ('119', '164', '9', '1', 'en_us', '2', '', '{\"typeId\":\"11\",\"authorId\":\"1\",\"title\":\"Play\",\"slug\":\"play\",\"postDate\":1421113740,\"expiryDate\":null,\"enabled\":1,\"fields\":{\"38\":{\"165\":{\"type\":\"textBlock\",\"enabled\":\"1\",\"fields\":{\"text\":\"<h2>Play is an Experience<\\/h2><p>Lorem ipsum dolor sit amet, consectetur adipiscing elit. Vivamus sagittis lacus vel augue laoreet rutrum faucibus dolor auctor. Duis mollis, est non commodo luctus, nisi erat porttitor ligula, eget lacinia odio sem nec elit. Praesent commodo cursus magna, vel scelerisque nisl consectetur et. Fusce dapibus, tellus ac cursus commodo, tortor mauris condimentum nibh, ut fermentum massa justo sit amet risus. Cras justo odio, dapibus ac facilisis in, egestas eget quam. Fusce dapibus, tellus ac cursus commodo, tortor mauris condimentum nibh, ut fermentum massa justo sit amet risus.<\\/p><p>Morbi leo risus, porta ac consectetur ac, vestibulum at eros. Lorem ipsum dolor sit amet, consectetur adipiscing elit. Etiam porta sem malesuada magna mollis euismod. Nulla vitae elit libero, a pharetra augue. Integer posuere erat a ante venenatis dapibus posuere velit aliquet. Nullam quis risus eget urna mollis ornare vel eu leo.<\\/p>\"}},\"166\":{\"type\":\"quoteBlock\",\"enabled\":\"1\",\"fields\":{\"quote\":\"Donec id elit non mi porta gravida at eget metus. Aenean lacinia bibendum nulla sed consectetur.\",\"citation\":\"Catherine Zeta Jones\",\"position\":\"left\"}},\"167\":{\"type\":\"videoBlock\",\"enabled\":\"1\",\"fields\":{\"videoTitle\":\"\",\"videoEmbedCode\":\"<iframe src=\\\"\\/\\/player.vimeo.com\\/video\\/48499231\\\" width=\\\"500\\\" height=\\\"281\\\" frameborder=\\\"0\\\" webkitallowfullscreen mozallowfullscreen allowfullscreen><\\/iframe>\",\"position\":\"left\"}}},\"59\":{\"new1\":{\"type\":\"sidebarRelation\",\"enabled\":\"1\",\"fields\":{\"relation\":[\"109\",\"19\"]}}}}}', '2015-01-13 01:56:38', '2015-01-13 01:56:38', 'ae431720-b75f-4ca5-b926-de26f71f7473');
INSERT INTO `craft_entryversions` (`id`, `entryId`, `sectionId`, `creatorId`, `locale`, `num`, `notes`, `data`, `dateCreated`, `dateUpdated`, `uid`) VALUES ('120', '164', '9', '1', 'en_us', '3', '', '{\"typeId\":\"11\",\"authorId\":\"1\",\"title\":\"Play\",\"slug\":\"play\",\"postDate\":1421113740,\"expiryDate\":null,\"enabled\":1,\"fields\":{\"38\":{\"165\":{\"type\":\"textBlock\",\"enabled\":\"1\",\"fields\":{\"text\":\"<h2>Play is an Experience<\\/h2><p>Lorem ipsum dolor sit amet, consectetur adipiscing elit. Vivamus sagittis lacus vel augue laoreet rutrum faucibus dolor auctor. Duis mollis, est non commodo luctus, nisi erat porttitor ligula, eget lacinia odio sem nec elit. Praesent commodo cursus magna, vel scelerisque nisl consectetur et. Fusce dapibus, tellus ac cursus commodo, tortor mauris condimentum nibh, ut fermentum massa justo sit amet risus. Cras justo odio, dapibus ac facilisis in, egestas eget quam. Fusce dapibus, tellus ac cursus commodo, tortor mauris condimentum nibh, ut fermentum massa justo sit amet risus.<\\/p><p>Morbi leo risus, porta ac consectetur ac, vestibulum at eros. Lorem ipsum dolor sit amet, consectetur adipiscing elit. Etiam porta sem malesuada magna mollis euismod. Nulla vitae elit libero, a pharetra augue. Integer posuere erat a ante venenatis dapibus posuere velit aliquet. Nullam quis risus eget urna mollis ornare vel eu leo.<\\/p>\"}},\"166\":{\"type\":\"quoteBlock\",\"enabled\":\"1\",\"fields\":{\"quote\":\"Donec id elit non mi porta gravida at eget metus. Aenean lacinia bibendum nulla sed consectetur.\",\"citation\":\"Catherine Zeta Jones\",\"position\":\"left\"}},\"167\":{\"type\":\"videoBlock\",\"enabled\":\"1\",\"fields\":{\"videoTitle\":\"\",\"videoEmbedCode\":\"<iframe src=\\\"\\/\\/player.vimeo.com\\/video\\/48499231\\\" width=\\\"500\\\" height=\\\"281\\\" frameborder=\\\"0\\\" webkitallowfullscreen mozallowfullscreen allowfullscreen><\\/iframe>\",\"position\":\"left\"}},\"new1\":{\"type\":\"imageBlock\",\"enabled\":\"1\",\"fields\":{\"image\":[\"169\",\"170\",\"172\"],\"captionTitle\":\"Play at ICG\",\"position\":\"left\"}}},\"59\":{\"168\":{\"type\":\"sidebarRelation\",\"enabled\":\"1\",\"fields\":{\"relation\":[\"109\",\"19\"]}}}}}', '2015-01-13 02:12:44', '2015-01-13 02:12:44', '166429ec-a783-4ae7-87b0-8540fbfb8b6e');
INSERT INTO `craft_entryversions` (`id`, `entryId`, `sectionId`, `creatorId`, `locale`, `num`, `notes`, `data`, `dateCreated`, `dateUpdated`, `uid`) VALUES ('121', '174', '8', '1', 'en_us', '1', '', '{\"typeId\":\"9\",\"authorId\":\"1\",\"title\":\"Play\",\"slug\":\"play\",\"postDate\":1421115205,\"expiryDate\":null,\"enabled\":1,\"fields\":{\"36\":[\"164\"]}}', '2015-01-13 02:13:25', '2015-01-13 02:13:25', '786c994e-e34f-498e-aff8-798e667b2f84');
INSERT INTO `craft_entryversions` (`id`, `entryId`, `sectionId`, `creatorId`, `locale`, `num`, `notes`, `data`, `dateCreated`, `dateUpdated`, `uid`) VALUES ('122', '164', '9', '1', 'en_us', '4', '', '{\"typeId\":\"11\",\"authorId\":\"1\",\"title\":\"Play\",\"slug\":\"play\",\"postDate\":1421113740,\"expiryDate\":null,\"enabled\":1,\"fields\":{\"38\":{\"165\":{\"type\":\"textBlock\",\"enabled\":\"1\",\"fields\":{\"text\":\"<h2>Play is an Experience<\\/h2><p>Lorem ipsum dolor sit amet, consectetur adipiscing elit. Vivamus sagittis lacus vel augue laoreet rutrum faucibus dolor auctor. Duis mollis, est non commodo luctus, nisi erat porttitor ligula, eget lacinia odio sem nec elit. Praesent commodo cursus magna, vel scelerisque nisl consectetur et. Fusce dapibus, tellus ac cursus commodo, tortor mauris condimentum nibh, ut fermentum massa justo sit amet risus. Cras justo odio, dapibus ac facilisis in, egestas eget quam. Fusce dapibus, tellus ac cursus commodo, tortor mauris condimentum nibh, ut fermentum massa justo sit amet risus.<\\/p><p>Morbi leo risus, porta ac consectetur ac, vestibulum at eros. Lorem ipsum dolor sit amet, consectetur adipiscing elit. Etiam porta sem malesuada magna mollis euismod. Nulla vitae elit libero, a pharetra augue. Integer posuere erat a ante venenatis dapibus posuere velit aliquet. Nullam quis risus eget urna mollis ornare vel eu leo.<\\/p>\"}},\"166\":{\"type\":\"quoteBlock\",\"enabled\":\"1\",\"fields\":{\"quote\":\"Donec id elit non mi porta gravida at eget metus. Aenean lacinia bibendum nulla sed consectetur.\",\"citation\":\"Catherine Zeta Jones\",\"position\":\"left\"}},\"167\":{\"type\":\"videoBlock\",\"enabled\":\"1\",\"fields\":{\"videoTitle\":\"\",\"videoEmbedCode\":\"<iframe src=\\\"\\/\\/player.vimeo.com\\/video\\/48499231\\\" width=\\\"500\\\" height=\\\"281\\\" frameborder=\\\"0\\\" webkitallowfullscreen mozallowfullscreen allowfullscreen><\\/iframe>\",\"position\":\"left\"}},\"173\":{\"type\":\"imageBlock\",\"enabled\":\"1\",\"fields\":{\"image\":[\"169\",\"170\",\"172\"],\"captionTitle\":\"Play at ICG\",\"position\":\"left\"}}},\"59\":{\"168\":{\"type\":\"relationsBlock\",\"enabled\":\"1\",\"fields\":{\"relatedBlockTitle\":\"Other Programs\",\"relatedEntries\":[\"109\",\"19\"]}},\"new1\":{\"type\":\"sidebarText\",\"enabled\":\"1\",\"fields\":{\"text\":\"<h2>Some Heading<\\/h2><p>Aenean lacinia bibendum nulla sed consectetur. Curabitur blandit tempus porttitor. Nullam id dolor id nibh ultricies vehicula ut id elit. Maecenas sed diam eget risus varius blandit sit amet non magna. Nullam quis risus eget urna mollis ornare vel eu leo. Donec id elit non mi porta gravida at eget metus.<span><\\/span><\\/p>\"}}}}}', '2015-01-13 02:29:00', '2015-01-13 02:29:00', '4d0da292-5350-4a9a-ae42-5b7bf4fe8824');
INSERT INTO `craft_entryversions` (`id`, `entryId`, `sectionId`, `creatorId`, `locale`, `num`, `notes`, `data`, `dateCreated`, `dateUpdated`, `uid`) VALUES ('123', '164', '9', '1', 'en_us', '5', '', '{\"typeId\":\"11\",\"authorId\":\"1\",\"title\":\"Play\",\"slug\":\"play\",\"postDate\":1421113740,\"expiryDate\":null,\"enabled\":1,\"fields\":{\"38\":{\"165\":{\"type\":\"textBlock\",\"enabled\":\"1\",\"fields\":{\"text\":\"<h2>Play is an Experience<\\/h2><p>Lorem ipsum dolor sit amet, consectetur adipiscing elit. Vivamus sagittis lacus vel augue laoreet rutrum faucibus dolor auctor. Duis mollis, est non commodo luctus, nisi erat porttitor ligula, eget lacinia odio sem nec elit. Praesent commodo cursus magna, vel scelerisque nisl consectetur et. Fusce dapibus, tellus ac cursus commodo, tortor mauris condimentum nibh, ut fermentum massa justo sit amet risus. Cras justo odio, dapibus ac facilisis in, egestas eget quam. Fusce dapibus, tellus ac cursus commodo, tortor mauris condimentum nibh, ut fermentum massa justo sit amet risus.<\\/p><p>Morbi leo risus, porta ac consectetur ac, vestibulum at eros. Lorem ipsum dolor sit amet, consectetur adipiscing elit. Etiam porta sem malesuada magna mollis euismod. Nulla vitae elit libero, a pharetra augue. Integer posuere erat a ante venenatis dapibus posuere velit aliquet. Nullam quis risus eget urna mollis ornare vel eu leo.<\\/p>\"}},\"167\":{\"type\":\"videoBlock\",\"enabled\":\"1\",\"fields\":{\"videoTitle\":\"Playing at ICG\",\"videoEmbedCode\":\"<iframe src=\\\"\\/\\/player.vimeo.com\\/video\\/48499231\\\" width=\\\"500\\\" height=\\\"281\\\" frameborder=\\\"0\\\" webkitallowfullscreen mozallowfullscreen allowfullscreen><\\/iframe>\",\"position\":\"left\"}},\"166\":{\"type\":\"quoteBlock\",\"enabled\":\"1\",\"fields\":{\"quote\":\"Donec id elit non mi porta gravida at eget metus. Aenean lacinia bibendum nulla sed consectetur.\",\"citation\":\"Catherine Zeta Jones\",\"position\":\"left\"}},\"173\":{\"type\":\"slideshow\",\"enabled\":\"1\",\"fields\":{\"image\":[\"169\",\"170\",\"172\"],\"captionTitle\":\"Play at ICG\",\"position\":\"left\"}}},\"59\":{\"168\":{\"type\":\"relationsBlock\",\"enabled\":\"1\",\"fields\":{\"relatedBlockTitle\":\"Other Programs\",\"relatedEntries\":[\"109\",\"19\"]}},\"175\":{\"type\":\"sidebarText\",\"enabled\":\"1\",\"fields\":{\"text\":\"<h2>Some Heading<\\/h2><p>Aenean lacinia bibendum nulla sed consectetur. Curabitur blandit tempus porttitor. Nullam id dolor id nibh ultricies vehicula ut id elit. Maecenas sed diam eget risus varius blandit sit amet non magna. Nullam quis risus eget urna mollis ornare vel eu leo. Donec id elit non mi porta gravida at eget metus.<\\/p>\"}}}}}', '2015-01-13 02:53:39', '2015-01-13 02:53:39', '2721b497-4288-4cf6-81a7-7669921d32d3');
INSERT INTO `craft_entryversions` (`id`, `entryId`, `sectionId`, `creatorId`, `locale`, `num`, `notes`, `data`, `dateCreated`, `dateUpdated`, `uid`) VALUES ('124', '164', '9', '1', 'en_us', '6', '', '{\"typeId\":\"11\",\"authorId\":\"1\",\"title\":\"Play\",\"slug\":\"play\",\"postDate\":1421113740,\"expiryDate\":null,\"enabled\":1,\"fields\":{\"38\":{\"165\":{\"type\":\"textBlock\",\"enabled\":\"1\",\"fields\":{\"text\":\"<h2>Play is an Experience YO!<\\/h2><p>\\r\\n\\tLorem ipsum dolor sit amet, consectetur adipiscing elit. Vivamus sagittis lacus vel augue laoreet rutrum faucibus dolor auctor. Duis mollis, est non commodo luctus, nisi erat porttitor ligula, eget lacinia odio sem nec elit. Praesent commodo cursus magna, vel scelerisque nisl consectetur et. Fusce dapibus, tellus ac cursus commodo, tortor mauris condimentum nibh, ut fermentum massa justo sit amet risus. Cras justo odio, dapibus ac facilisis in, egestas eget quam. Fusce dapibus, tellus ac cursus commodo, tortor mauris condimentum nibh, ut fermentum massa justo sit amet risus.\\r\\n<\\/p><p>\\r\\n\\tMorbi leo risus, porta ac consectetur ac, vestibulum at eros. Lorem ipsum dolor sit amet, consectetur adipiscing elit. Etiam porta sem malesuada magna mollis euismod. Nulla vitae elit libero, a pharetra augue. Integer posuere erat a ante venenatis dapibus posuere velit aliquet. Nullam quis risus eget urna mollis ornare vel eu leo.\\r\\n<\\/p>\"}},\"167\":{\"type\":\"videoBlock\",\"enabled\":\"1\",\"fields\":{\"videoTitle\":\"Playing at ICG\",\"videoEmbedCode\":\"<iframe src=\\\"\\/\\/player.vimeo.com\\/video\\/48499231\\\" width=\\\"500\\\" height=\\\"281\\\" frameborder=\\\"0\\\" webkitallowfullscreen mozallowfullscreen allowfullscreen><\\/iframe>\",\"position\":\"left\"}},\"166\":{\"type\":\"quoteBlock\",\"enabled\":\"1\",\"fields\":{\"quote\":\"Donec id elit non mi porta gravida at eget metus. Aenean lacinia bibendum nulla sed consectetur.\",\"citation\":\"Catherine Zeta Jones\",\"position\":\"left\"}},\"173\":{\"type\":\"slideshow\",\"enabled\":\"1\",\"fields\":{\"image\":[\"169\",\"170\",\"172\"],\"captionTitle\":\"Play at ICG\",\"position\":\"left\"}}},\"59\":{\"168\":{\"type\":\"relationsBlock\",\"enabled\":\"1\",\"fields\":{\"relatedBlockTitle\":\"Other Programs\",\"relatedEntries\":[\"109\",\"19\"]}},\"175\":{\"type\":\"sidebarText\",\"enabled\":\"1\",\"fields\":{\"text\":\"<h2>Some Heading<\\/h2><p>\\r\\n\\tAenean lacinia bibendum nulla sed consectetur. Curabitur blandit tempus porttitor. Nullam id dolor id nibh ultricies vehicula ut id elit. Maecenas sed diam eget risus varius blandit sit amet non magna. Nullam quis risus eget urna mollis ornare vel eu leo. Donec id elit non mi porta gravida at eget metus.\\r\\n<\\/p>\"}}}}}', '2015-01-13 02:56:10', '2015-01-13 02:56:10', 'e031e3c5-d72b-42dc-9f96-2742c677a8d4');
INSERT INTO `craft_entryversions` (`id`, `entryId`, `sectionId`, `creatorId`, `locale`, `num`, `notes`, `data`, `dateCreated`, `dateUpdated`, `uid`) VALUES ('125', '164', '9', '1', 'en_us', '7', '', '{\"typeId\":\"11\",\"authorId\":\"1\",\"title\":\"Play\",\"slug\":\"play\",\"postDate\":1421113740,\"expiryDate\":null,\"enabled\":1,\"fields\":{\"38\":{\"165\":{\"type\":\"textBlock\",\"enabled\":\"1\",\"fields\":{\"text\":\"<h2>Play is an Experience YO!<\\/h2><p>\\r\\n\\tLorem ipsum dolor sit amet, consectetur adipiscing elit. Vivamus sagittis lacus vel augue laoreet rutrum faucibus dolor auctor. Duis mollis, est non commodo luctus, nisi erat porttitor ligula, eget lacinia odio sem nec elit. Praesent commodo cursus magna, vel scelerisque nisl consectetur et. Fusce dapibus, tellus ac cursus commodo, tortor mauris condimentum nibh, ut fermentum massa justo sit amet risus. Cras justo odio, dapibus ac facilisis in, egestas eget quam. Fusce dapibus, tellus ac cursus commodo, tortor mauris condimentum nibh, ut fermentum massa justo sit amet risus.\\r\\n<\\/p><p>\\r\\n\\tMorbi leo risus, porta ac consectetur ac, vestibulum at eros. Lorem ipsum dolor sit amet, consectetur adipiscing elit. Etiam porta sem malesuada magna mollis euismod. Nulla vitae elit libero, a pharetra augue. Integer posuere erat a ante venenatis dapibus posuere velit aliquet. Nullam quis risus eget urna mollis ornare vel eu leo.\\r\\n<\\/p>\"}},\"167\":{\"type\":\"videoBlock\",\"enabled\":\"1\",\"fields\":{\"videoTitle\":\"Playing at ICG\",\"videoEmbedCode\":\"<iframe src=\\\"\\/\\/player.vimeo.com\\/video\\/48499231\\\" width=\\\"725\\\" height=\\\"520\\\" frameborder=\\\"0\\\" webkitallowfullscreen mozallowfullscreen allowfullscreen><\\/iframe>\",\"position\":\"left\"}},\"166\":{\"type\":\"quoteBlock\",\"enabled\":\"1\",\"fields\":{\"quote\":\"Donec id elit non mi porta gravida at eget metus. Aenean lacinia bibendum nulla sed consectetur.\",\"citation\":\"Catherine Zeta Jones\",\"position\":\"left\"}},\"173\":{\"type\":\"slideshow\",\"enabled\":\"1\",\"fields\":{\"image\":[\"169\",\"170\",\"172\"],\"slideshowTitle\":\"Play at ICG\",\"position\":\"left\"}}},\"59\":{\"168\":{\"type\":\"relationsBlock\",\"enabled\":\"1\",\"fields\":{\"relatedBlockTitle\":\"Other Programs\",\"relatedEntries\":[\"109\",\"19\"]}},\"175\":{\"type\":\"sidebarText\",\"enabled\":\"1\",\"fields\":{\"text\":\"<h2>Some Heading<\\/h2><p>\\r\\n\\tAenean lacinia bibendum nulla sed consectetur. Curabitur blandit tempus porttitor. Nullam id dolor id nibh ultricies vehicula ut id elit. Maecenas sed diam eget risus varius blandit sit amet non magna. Nullam quis risus eget urna mollis ornare vel eu leo. Donec id elit non mi porta gravida at eget metus.\\r\\n<\\/p>\"}}}}}', '2015-01-13 03:08:53', '2015-01-13 03:08:53', 'ecbeec69-b417-40a3-b955-c414021e6311');
INSERT INTO `craft_entryversions` (`id`, `entryId`, `sectionId`, `creatorId`, `locale`, `num`, `notes`, `data`, `dateCreated`, `dateUpdated`, `uid`) VALUES ('126', '164', '9', '1', 'en_us', '8', '', '{\"typeId\":\"11\",\"authorId\":\"1\",\"title\":\"Play\",\"slug\":\"play\",\"postDate\":1421113740,\"expiryDate\":null,\"enabled\":1,\"fields\":{\"38\":{\"165\":{\"type\":\"textBlock\",\"enabled\":\"1\",\"fields\":{\"text\":\"<h2>Play is an Experience YO!<\\/h2><p>\\r\\n\\tLorem ipsum dolor sit amet, consectetur adipiscing elit. Vivamus sagittis lacus vel augue laoreet rutrum faucibus dolor auctor. Duis mollis, est non commodo luctus, nisi erat porttitor ligula, eget lacinia odio sem nec elit. Praesent commodo cursus magna, vel scelerisque nisl consectetur et. Fusce dapibus, tellus ac cursus commodo, tortor mauris condimentum nibh, ut fermentum massa justo sit amet risus. Cras justo odio, dapibus ac facilisis in, egestas eget quam. Fusce dapibus, tellus ac cursus commodo, tortor mauris condimentum nibh, ut fermentum massa justo sit amet risus.\\r\\n<\\/p><p>\\r\\n\\tMorbi leo risus, porta ac consectetur ac, vestibulum at eros. Lorem ipsum dolor sit amet, consectetur adipiscing elit. Etiam porta sem malesuada magna mollis euismod. Nulla vitae elit libero, a pharetra augue. Integer posuere erat a ante venenatis dapibus posuere velit aliquet. Nullam quis risus eget urna mollis ornare vel eu leo.\\r\\n<\\/p>\"}},\"167\":{\"type\":\"videoBlock\",\"enabled\":\"1\",\"fields\":{\"videoTitle\":\"Playing at ICG\",\"videoEmbedCode\":\"<iframe src=\\\"\\/\\/player.vimeo.com\\/video\\/48499231\\\" frameborder=\\\"0\\\" webkitallowfullscreen mozallowfullscreen allowfullscreen><\\/iframe>\",\"position\":\"left\"}},\"166\":{\"type\":\"quoteBlock\",\"enabled\":\"1\",\"fields\":{\"quote\":\"Donec id elit non mi porta gravida at eget metus. Aenean lacinia bibendum nulla sed consectetur.\",\"citation\":\"Catherine Zeta Jones\",\"position\":\"left\"}},\"173\":{\"type\":\"slideshow\",\"enabled\":\"1\",\"fields\":{\"image\":[\"169\",\"170\",\"172\"],\"slideshowTitle\":\"Play at ICG\",\"position\":\"left\"}}},\"59\":{\"168\":{\"type\":\"relationsBlock\",\"enabled\":\"1\",\"fields\":{\"relatedBlockTitle\":\"Other Programs\",\"relatedEntries\":[\"109\",\"19\"]}},\"175\":{\"type\":\"sidebarText\",\"enabled\":\"1\",\"fields\":{\"text\":\"<h2>Some Heading<\\/h2><p>\\r\\n\\tAenean lacinia bibendum nulla sed consectetur. Curabitur blandit tempus porttitor. Nullam id dolor id nibh ultricies vehicula ut id elit. Maecenas sed diam eget risus varius blandit sit amet non magna. Nullam quis risus eget urna mollis ornare vel eu leo. Donec id elit non mi porta gravida at eget metus.\\r\\n<\\/p>\"}}}}}', '2015-01-13 04:11:55', '2015-01-13 04:11:55', 'd1aabcdb-5285-473a-83ba-b41f40a3fc82');
INSERT INTO `craft_entryversions` (`id`, `entryId`, `sectionId`, `creatorId`, `locale`, `num`, `notes`, `data`, `dateCreated`, `dateUpdated`, `uid`) VALUES ('127', '164', '9', '1', 'en_us', '9', '', '{\"typeId\":\"11\",\"authorId\":\"1\",\"title\":\"Play\",\"slug\":\"play\",\"postDate\":1421113740,\"expiryDate\":null,\"enabled\":1,\"fields\":{\"38\":{\"165\":{\"type\":\"textBlock\",\"enabled\":\"1\",\"fields\":{\"text\":\"<h2>Play is an Experience YO!<\\/h2><p>\\r\\n\\tLorem ipsum dolor sit amet, consectetur adipiscing elit. Vivamus sagittis lacus vel augue laoreet rutrum faucibus dolor auctor. Duis mollis, est non commodo luctus, nisi erat porttitor ligula, eget lacinia odio sem nec elit. Praesent commodo cursus magna, vel scelerisque nisl consectetur et. Fusce dapibus, tellus ac cursus commodo, tortor mauris condimentum nibh, ut fermentum massa justo sit amet risus. Cras justo odio, dapibus ac facilisis in, egestas eget quam. Fusce dapibus, tellus ac cursus commodo, tortor mauris condimentum nibh, ut fermentum massa justo sit amet risus.<\\/p><p>\\r\\n\\tMorbi leo risus, porta ac consectetur ac, vestibulum at eros. Lorem ipsum dolor sit amet, consectetur adipiscing elit. Etiam porta sem malesuada magna mollis euismod. Nulla vitae elit libero, a pharetra augue. Integer posuere erat a ante venenatis dapibus posuere velit aliquet. Nullam quis risus eget urna mollis ornare vel eu leo.\\r\\n<\\/p>\"}},\"167\":{\"type\":\"videoBlock\",\"enabled\":\"1\",\"fields\":{\"videoTitle\":\"Playing at ICG\",\"videoEmbedCode\":\"<iframe src=\\\"\\/\\/player.vimeo.com\\/video\\/48499231\\\" frameborder=\\\"0\\\" webkitallowfullscreen mozallowfullscreen allowfullscreen><\\/iframe>\",\"position\":\"left\"}},\"166\":{\"type\":\"quoteBlock\",\"enabled\":\"1\",\"fields\":{\"quote\":\"Donec id elit non mi porta gravida at eget metus. Aenean lacinia bibendum nulla sed consectetur.\",\"citation\":\"Catherine Zeta Jones\",\"position\":\"left\"}},\"new1\":{\"type\":\"textBlock\",\"enabled\":\"1\",\"fields\":{\"text\":\"<p>Maecenas sed diam eget risus varius blandit sit amet non magna. Nulla vitae elit libero, a pharetra augue. Vestibulum id ligula porta felis euismod semper. Cras justo odio, dapibus ac facilisis in, egestas eget quam. Vivamus sagittis lacus vel augue laoreet rutrum faucibus dolor auctor.<\\/p><p>Vivamus sagittis lacus vel augue laoreet rutrum faucibus dolor auctor. Integer posuere erat a ante venenatis dapibus posuere velit aliquet. Donec sed odio dui. Nulla vitae elit libero, a pharetra augue.<\\/p>\"}},\"173\":{\"type\":\"slideshow\",\"enabled\":\"1\",\"fields\":{\"image\":[\"169\",\"170\",\"172\"],\"slideshowTitle\":\"Play at ICG\",\"position\":\"left\"}}},\"59\":{\"168\":{\"type\":\"relationsBlock\",\"enabled\":\"1\",\"fields\":{\"relatedBlockTitle\":\"Other Programs\",\"relatedEntries\":[\"109\",\"19\"]}},\"175\":{\"type\":\"sidebarText\",\"enabled\":\"1\",\"fields\":{\"text\":\"<h2>Some Heading<\\/h2><p>\\r\\n\\tAenean lacinia bibendum nulla sed consectetur. Curabitur blandit tempus porttitor. Nullam id dolor id nibh ultricies vehicula ut id elit. Maecenas sed diam eget risus varius blandit sit amet non magna. Nullam quis risus eget urna mollis ornare vel eu leo. Donec id elit non mi porta gravida at eget metus.\\r\\n<\\/p>\"}}}}}', '2015-01-13 04:15:13', '2015-01-13 04:15:13', '12864228-ee5a-45bd-a2d0-c94d0214234a');
INSERT INTO `craft_entryversions` (`id`, `entryId`, `sectionId`, `creatorId`, `locale`, `num`, `notes`, `data`, `dateCreated`, `dateUpdated`, `uid`) VALUES ('128', '164', '9', '1', 'en_us', '10', '', '{\"typeId\":\"11\",\"authorId\":\"1\",\"title\":\"Play\",\"slug\":\"play\",\"postDate\":1421113740,\"expiryDate\":null,\"enabled\":1,\"fields\":{\"38\":{\"165\":{\"type\":\"textBlock\",\"enabled\":\"1\",\"fields\":{\"text\":\"<h2>Play is an Experience YO!<\\/h2><p>\\r\\n\\tLorem ipsum dolor sit amet, consectetur adipiscing elit. Vivamus sagittis lacus vel augue laoreet rutrum faucibus dolor auctor. Duis mollis, est non commodo luctus, nisi erat porttitor ligula, eget lacinia odio sem nec elit. Praesent commodo cursus magna, vel scelerisque nisl consectetur et. Fusce dapibus, tellus ac cursus commodo, tortor mauris condimentum nibh, ut fermentum massa justo sit amet risus. Cras justo odio, dapibus ac facilisis in, egestas eget quam. Fusce dapibus, tellus ac cursus commodo, tortor mauris condimentum nibh, ut fermentum massa justo sit amet risus.<\\/p><p>\\r\\n\\tMorbi leo risus, porta ac consectetur ac, vestibulum at eros. Lorem ipsum dolor sit amet, consectetur adipiscing elit. Etiam porta sem malesuada magna mollis euismod. Nulla vitae elit libero, a pharetra augue. Integer posuere erat a ante venenatis dapibus posuere velit aliquet. Nullam quis risus eget urna mollis ornare vel eu leo.\\r\\n<\\/p>\"}},\"167\":{\"type\":\"videoBlock\",\"enabled\":\"1\",\"fields\":{\"videoTitle\":\"Playing at ICG\",\"videoEmbedCode\":\"<iframe src=\\\"\\/\\/player.vimeo.com\\/video\\/48499231\\\" frameborder=\\\"0\\\" webkitallowfullscreen mozallowfullscreen allowfullscreen><\\/iframe>\",\"position\":\"left\"}},\"new1\":{\"type\":\"textBlock\",\"enabled\":\"1\",\"fields\":{\"text\":\"<p>Maecenas sed diam eget risus varius blandit sit amet non magna. Nulla vitae elit libero, a pharetra augue. Vestibulum id ligula porta felis euismod semper. Cras justo odio, dapibus ac facilisis in, egestas eget quam. Vivamus sagittis lacus vel augue laoreet rutrum faucibus dolor auctor.<\\/p>\"}},\"166\":{\"type\":\"quoteBlock\",\"enabled\":\"1\",\"fields\":{\"quote\":\"Donec id elit non mi porta gravida at eget metus. Aenean lacinia bibendum nulla sed consectetur.\",\"citation\":\"Catherine Zeta Jones\",\"position\":\"left\"}},\"176\":{\"type\":\"textBlock\",\"enabled\":\"1\",\"fields\":{\"text\":\"<p>Maecenas sed diam eget risus varius blandit sit amet non magna. Nulla vitae elit libero, a pharetra augue. Vestibulum id ligula porta felis euismod semper. Cras justo odio, dapibus ac facilisis in, egestas eget quam. Vivamus sagittis lacus vel augue laoreet rutrum faucibus dolor auctor.<\\/p><p>Vivamus sagittis lacus vel augue laoreet rutrum faucibus dolor auctor. Integer posuere erat a ante venenatis dapibus posuere velit aliquet. Donec sed odio dui. Nulla vitae elit libero, a pharetra augue.<\\/p>\"}},\"173\":{\"type\":\"slideshow\",\"enabled\":\"1\",\"fields\":{\"image\":[\"169\",\"170\",\"172\"],\"slideshowTitle\":\"Play at ICG\",\"position\":\"left\"}}},\"59\":{\"168\":{\"type\":\"relationsBlock\",\"enabled\":\"1\",\"fields\":{\"relatedBlockTitle\":\"Other Programs\",\"relatedEntries\":[\"109\",\"19\"]}},\"175\":{\"type\":\"sidebarText\",\"enabled\":\"1\",\"fields\":{\"text\":\"<h2>Some Heading<\\/h2><p>\\r\\n\\tAenean lacinia bibendum nulla sed consectetur. Curabitur blandit tempus porttitor. Nullam id dolor id nibh ultricies vehicula ut id elit. Maecenas sed diam eget risus varius blandit sit amet non magna. Nullam quis risus eget urna mollis ornare vel eu leo. Donec id elit non mi porta gravida at eget metus.\\r\\n<\\/p>\"}}}}}', '2015-01-13 04:16:13', '2015-01-13 04:16:13', '352a298d-f1d0-4cf6-99ec-3221e5ece4ad');
INSERT INTO `craft_entryversions` (`id`, `entryId`, `sectionId`, `creatorId`, `locale`, `num`, `notes`, `data`, `dateCreated`, `dateUpdated`, `uid`) VALUES ('129', '164', '9', '1', 'en_us', '11', '', '{\"typeId\":\"11\",\"authorId\":\"1\",\"title\":\"Play\",\"slug\":\"play\",\"postDate\":1421113740,\"expiryDate\":null,\"enabled\":1,\"fields\":{\"38\":{\"165\":{\"type\":\"textBlock\",\"enabled\":\"1\",\"fields\":{\"text\":\"<h2>Play is an Experience YO!<\\/h2><p>\\r\\n\\tLorem ipsum dolor sit amet, consectetur adipiscing elit. Vivamus sagittis lacus vel augue laoreet rutrum faucibus dolor auctor. Duis mollis, est non commodo luctus, nisi erat porttitor ligula, eget lacinia odio sem nec elit. Praesent commodo cursus magna, vel scelerisque nisl consectetur et. Fusce dapibus, tellus ac cursus commodo, tortor mauris condimentum nibh, ut fermentum massa justo sit amet risus. Cras justo odio, dapibus ac facilisis in, egestas eget quam. Fusce dapibus, tellus ac cursus commodo, tortor mauris condimentum nibh, ut fermentum massa justo sit amet risus.<\\/p><p>\\r\\n\\tMorbi leo risus, porta ac consectetur ac, vestibulum at eros. Lorem ipsum dolor sit amet, consectetur adipiscing elit. Etiam porta sem malesuada magna mollis euismod. Nulla vitae elit libero, a pharetra augue. Integer posuere erat a ante venenatis dapibus posuere velit aliquet. Nullam quis risus eget urna mollis ornare vel eu leo.\\r\\n<\\/p>\"}},\"167\":{\"type\":\"videoBlock\",\"enabled\":\"1\",\"fields\":{\"videoTitle\":\"Playing at ICG\",\"videoEmbedCode\":\"<iframe src=\\\"\\/\\/player.vimeo.com\\/video\\/48499231\\\" frameborder=\\\"0\\\" webkitallowfullscreen mozallowfullscreen allowfullscreen><\\/iframe>\",\"position\":\"left\"}},\"177\":{\"type\":\"textBlock\",\"enabled\":\"1\",\"fields\":{\"text\":\"<p>Maecenas sed diam eget risus varius blandit sit amet non magna. Nulla vitae elit libero, a pharetra augue. Vestibulum id ligula porta felis euismod semper. Cras justo odio, dapibus ac facilisis in, egestas eget quam. Vivamus sagittis lacus vel augue laoreet rutrum faucibus dolor auctor.<\\/p>\"}},\"166\":{\"type\":\"quoteBlock\",\"enabled\":\"1\",\"fields\":{\"quote\":\"<p>Maecenas sed diam eget risus varius blandit sit amet non magna. Nulla vitae elit libero, a pharetra augue. Vestibulum id ligula porta felis euismod semper. Cras justo odio, dapibus ac facilisis in, egestas eget quam. Vivamus sagittis lacus vel augue laoreet rutrum faucibus dolor auctor.<\\/p>\",\"citation\":\"Catherine Zeta Jones\",\"position\":\"left\"}},\"176\":{\"type\":\"textBlock\",\"enabled\":\"1\",\"fields\":{\"text\":\"<p>Maecenas sed diam eget risus varius blandit sit amet non magna. Nulla vitae elit libero, a pharetra augue. Vestibulum id ligula porta felis euismod semper. Cras justo odio, dapibus ac facilisis in, egestas eget quam. Vivamus sagittis lacus vel augue laoreet rutrum faucibus dolor auctor.<\\/p><p>Vivamus sagittis lacus vel augue laoreet rutrum faucibus dolor auctor. Integer posuere erat a ante venenatis dapibus posuere velit aliquet. Donec sed odio dui. Nulla vitae elit libero, a pharetra augue.<\\/p>\"}},\"173\":{\"type\":\"slideshow\",\"enabled\":\"1\",\"fields\":{\"image\":[\"169\",\"170\",\"172\"],\"slideshowTitle\":\"Play at ICG\",\"position\":\"left\"}}},\"59\":{\"168\":{\"type\":\"relationsBlock\",\"enabled\":\"1\",\"fields\":{\"relatedBlockTitle\":\"Other Programs\",\"relatedEntries\":[\"109\",\"19\"]}},\"175\":{\"type\":\"sidebarText\",\"enabled\":\"1\",\"fields\":{\"text\":\"<h2>Some Heading<\\/h2><p>\\r\\n\\tAenean lacinia bibendum nulla sed consectetur. Curabitur blandit tempus porttitor. Nullam id dolor id nibh ultricies vehicula ut id elit. Maecenas sed diam eget risus varius blandit sit amet non magna. Nullam quis risus eget urna mollis ornare vel eu leo. Donec id elit non mi porta gravida at eget metus.\\r\\n<\\/p>\"}}}}}', '2015-01-13 04:22:53', '2015-01-13 04:22:53', '16aa6620-cfb0-409b-b276-f7a8128a819c');
INSERT INTO `craft_entryversions` (`id`, `entryId`, `sectionId`, `creatorId`, `locale`, `num`, `notes`, `data`, `dateCreated`, `dateUpdated`, `uid`) VALUES ('130', '164', '9', '1', 'en_us', '12', '', '{\"typeId\":\"11\",\"authorId\":\"1\",\"title\":\"Play\",\"slug\":\"play\",\"postDate\":1421113740,\"expiryDate\":null,\"enabled\":1,\"fields\":{\"38\":{\"165\":{\"type\":\"textBlock\",\"enabled\":\"1\",\"fields\":{\"text\":\"<h2>Play is an Experience YO!<\\/h2><p>\\r\\n\\tLorem ipsum dolor sit amet, consectetur adipiscing elit. Vivamus sagittis lacus vel augue laoreet rutrum faucibus dolor auctor. Duis mollis, est non commodo luctus, nisi erat porttitor ligula, eget lacinia odio sem nec elit. Praesent commodo cursus magna, vel scelerisque nisl consectetur et. Fusce dapibus, tellus ac cursus commodo, tortor mauris condimentum nibh, ut fermentum massa justo sit amet risus. Cras justo odio, dapibus ac facilisis in, egestas eget quam. Fusce dapibus, tellus ac cursus commodo, tortor mauris condimentum nibh, ut fermentum massa justo sit amet risus.<\\/p><p><a href=\\\"http:\\/\\/whatsgoodithaca.com\\/playwork\\\"><img src=\\\"images\\/Screen-Shot-2015-01-12-at-11.36.05-PM.png#asset:178\\\" alt=\\\"What\'s Good - Playwork\\\"><\\/a><br><\\/p><p>\\r\\n\\tMorbi leo risus, porta ac consectetur ac, vestibulum at eros. Lorem ipsum dolor sit amet, consectetur adipiscing elit. Etiam porta sem malesuada magna mollis euismod. Nulla vitae elit libero, a pharetra augue. Integer posuere erat a ante venenatis dapibus posuere velit aliquet. Nullam quis risus eget urna mollis ornare vel eu leo.\\r\\n<\\/p>\"}},\"167\":{\"type\":\"videoBlock\",\"enabled\":\"1\",\"fields\":{\"videoTitle\":\"Playing at ICG\",\"videoEmbedCode\":\"<iframe src=\\\"\\/\\/player.vimeo.com\\/video\\/48499231\\\" frameborder=\\\"0\\\" webkitallowfullscreen mozallowfullscreen allowfullscreen><\\/iframe>\",\"position\":\"left\"}},\"177\":{\"type\":\"textBlock\",\"enabled\":\"1\",\"fields\":{\"text\":\"<p>Maecenas sed diam eget risus varius blandit sit amet non magna. Nulla vitae elit libero, a pharetra augue. Vestibulum id ligula porta felis euismod semper. Cras justo odio, dapibus ac facilisis in, egestas eget quam. Vivamus sagittis lacus vel augue laoreet rutrum faucibus dolor auctor.<\\/p>\"}},\"166\":{\"type\":\"quoteBlock\",\"enabled\":\"1\",\"fields\":{\"quote\":\"<p>Maecenas sed diam eget risus varius blandit sit amet non magna. Nulla vitae elit libero, a pharetra augue. Vestibulum id ligula porta felis euismod semper. Cras justo odio, dapibus ac facilisis in, egestas eget quam. Vivamus sagittis lacus vel augue laoreet rutrum faucibus dolor auctor.<\\/p>\",\"citation\":\"Catherine Zeta Jones\",\"position\":\"left\"}},\"176\":{\"type\":\"textBlock\",\"enabled\":\"1\",\"fields\":{\"text\":\"<p>Maecenas sed diam eget risus varius blandit sit amet non magna. Nulla vitae elit libero, a pharetra augue. Vestibulum id ligula porta felis euismod semper. Cras justo odio, dapibus ac facilisis in, egestas eget quam. Vivamus sagittis lacus vel augue laoreet rutrum faucibus dolor auctor.<\\/p><p>Vivamus sagittis lacus vel augue laoreet rutrum faucibus dolor auctor. Integer posuere erat a ante venenatis dapibus posuere velit aliquet. Donec sed odio dui. Nulla vitae elit libero, a pharetra augue.<\\/p>\"}},\"173\":{\"type\":\"slideshow\",\"enabled\":\"1\",\"fields\":{\"image\":[\"169\",\"170\",\"172\"],\"slideshowTitle\":\"Play at ICG\",\"position\":\"left\"}}},\"59\":{\"168\":{\"type\":\"relationsBlock\",\"enabled\":\"1\",\"fields\":{\"relatedBlockTitle\":\"Other Programs\",\"relatedEntries\":[\"109\",\"19\"]}},\"175\":{\"type\":\"sidebarText\",\"enabled\":\"1\",\"fields\":{\"text\":\"<h2>Some Heading<\\/h2><p>\\r\\n\\tAenean lacinia bibendum nulla sed consectetur. Curabitur blandit tempus porttitor. Nullam id dolor id nibh ultricies vehicula ut id elit. Maecenas sed diam eget risus varius blandit sit amet non magna. Nullam quis risus eget urna mollis ornare vel eu leo. Donec id elit non mi porta gravida at eget metus.\\r\\n<\\/p>\"}}}}}', '2015-01-13 04:41:04', '2015-01-13 04:41:04', '8d54abf6-1b69-4c3a-bd49-b70194039beb');
INSERT INTO `craft_entryversions` (`id`, `entryId`, `sectionId`, `creatorId`, `locale`, `num`, `notes`, `data`, `dateCreated`, `dateUpdated`, `uid`) VALUES ('131', '164', '9', '1', 'en_us', '13', '', '{\"typeId\":\"11\",\"authorId\":\"1\",\"title\":\"Play\",\"slug\":\"play\",\"postDate\":1421113740,\"expiryDate\":null,\"enabled\":1,\"fields\":{\"38\":{\"173\":{\"type\":\"slideshow\",\"enabled\":\"1\",\"fields\":{\"image\":[\"169\",\"170\",\"172\"],\"slideshowTitle\":\"Play at ICG\",\"position\":\"left\"}},\"165\":{\"type\":\"textBlock\",\"enabled\":\"1\",\"fields\":{\"text\":\"<h2>Play is an Experience Neato!<\\/h2><p>\\r\\n\\tLorem ipsum dolor sit amet, consectetur adipiscing elit. Vivamus sagittis lacus vel augue laoreet rutrum faucibus dolor auctor. Duis mollis, est non commodo luctus, nisi erat porttitor ligula, eget lacinia odio sem nec elit. Praesent commodo cursus magna, vel scelerisque nisl consectetur et. Fusce dapibus, tellus ac cursus commodo, tortor mauris condimentum nibh, ut fermentum massa justo sit amet risus. Cras justo odio, dapibus ac facilisis in, egestas eget quam. Fusce dapibus, tellus ac cursus commodo, tortor mauris condimentum nibh, ut fermentum massa justo sit amet risus.\\r\\n<\\/p><p>\\r\\n\\t<a href=\\\"http:\\/\\/whatsgoodithaca.com\\/playwork\\\"><img src=\\\"images\\/Whats-Good-Ithaca-Playwork.png#asset:178:url\\\" alt=\\\"What\'s Good - Playwork\\\"><\\/a><br>\\r\\n<\\/p><p>\\r\\n\\tMorbi leo risus, porta ac consectetur ac, vestibulum at eros. Lorem ipsum dolor sit amet, consectetur adipiscing elit. Etiam porta sem malesuada magna mollis euismod. Nulla vitae elit libero, a pharetra augue. Integer posuere erat a ante venenatis dapibus posuere velit aliquet. Nullam quis risus eget urna mollis ornare vel eu leo.\\r\\n<\\/p>\"}},\"167\":{\"type\":\"videoBlock\",\"enabled\":\"1\",\"fields\":{\"videoTitle\":\"Playing at ICG\",\"videoEmbedCode\":\"<iframe src=\\\"\\/\\/player.vimeo.com\\/video\\/48499231\\\" frameborder=\\\"0\\\" webkitallowfullscreen mozallowfullscreen allowfullscreen><\\/iframe>\",\"position\":\"left\"}},\"177\":{\"type\":\"textBlock\",\"enabled\":\"1\",\"fields\":{\"text\":\"<p>\\r\\n\\tMaecenas sed diam eget risus varius blandit sit amet non magna. Nulla vitae elit libero, a pharetra augue. Vestibulum id ligula porta felis euismod semper. Cras justo odio, dapibus ac facilisis in, egestas eget quam. Vivamus sagittis lacus vel augue laoreet rutrum faucibus dolor auctor.\\r\\n<\\/p>\"}},\"166\":{\"type\":\"quoteBlock\",\"enabled\":\"1\",\"fields\":{\"quote\":\"<p>\\r\\n\\tMaecenas sed diam eget risus varius blandit sit amet non magna. Nulla vitae elit libero, a pharetra augue. Vestibulum id ligula porta felis euismod semper. Cras justo odio, dapibus ac facilisis in, egestas eget quam. Vivamus sagittis lacus vel augue laoreet rutrum faucibus dolor auctor.\\r\\n<\\/p>\",\"citation\":\"Catherine Zeta Jones\",\"position\":\"left\"}},\"176\":{\"type\":\"textBlock\",\"enabled\":\"1\",\"fields\":{\"text\":\"<p>\\r\\n\\tMaecenas sed diam eget risus varius blandit sit amet non magna. Nulla vitae elit libero, a pharetra augue. Vestibulum id ligula porta felis euismod semper. Cras justo odio, dapibus ac facilisis in, egestas eget quam. Vivamus sagittis lacus vel augue laoreet rutrum faucibus dolor auctor.\\r\\n<\\/p><p>\\r\\n\\tVivamus sagittis lacus vel augue laoreet rutrum faucibus dolor auctor. Integer posuere erat a ante venenatis dapibus posuere velit aliquet. Donec sed odio dui. Nulla vitae elit libero, a pharetra augue.\\r\\n<\\/p>\"}}},\"59\":{\"168\":{\"type\":\"relationsBlock\",\"enabled\":\"1\",\"fields\":{\"relatedBlockTitle\":\"Other Programs\",\"relatedEntries\":[\"109\",\"19\"]}},\"175\":{\"type\":\"sidebarText\",\"enabled\":\"1\",\"fields\":{\"text\":\"<h2>Some Heading<\\/h2><p>\\r\\n\\tAenean lacinia bibendum nulla sed consectetur. Curabitur blandit tempus porttitor. Nullam id dolor id nibh ultricies vehicula ut id elit. Maecenas sed diam eget risus varius blandit sit amet non magna. Nullam quis risus eget urna mollis ornare vel eu leo. Donec id elit non mi porta gravida at eget metus.\\r\\n<\\/p>\"}}}}}', '2015-01-15 18:10:30', '2015-01-15 18:10:30', '766f4ee8-72b7-450b-928a-82361ea8e770');
INSERT INTO `craft_entryversions` (`id`, `entryId`, `sectionId`, `creatorId`, `locale`, `num`, `notes`, `data`, `dateCreated`, `dateUpdated`, `uid`) VALUES ('132', '179', '4', '1', 'en_us', '1', '', '{\"typeId\":null,\"authorId\":\"1\",\"title\":\"Recycled Bottle Greenhouse\",\"slug\":\"recycled-bottle-greenhouse\",\"postDate\":1421632735,\"expiryDate\":null,\"enabled\":1,\"fields\":{\"67\":{\"new1\":{\"type\":\"hook\",\"enabled\":\"1\",\"fields\":{\"text\":\"Praesent commodo cursus magna, vel scelerisque nisl consectetur et. Vivamus sagittis lacus vel augue laoreet rutrum faucibus dolor auctor.\"}},\"new2\":{\"type\":\"mainContent\",\"enabled\":\"1\",\"fields\":{\"text\":\"<p>Aenean lacinia bibendum nulla sed consectetur. Vestibulum id ligula porta felis euismod semper. Maecenas faucibus mollis interdum. Praesent commodo cursus magna, vel scelerisque nisl consectetur et.<\\/p><p>Lorem ipsum dolor sit amet, consectetur adipiscing elit. Maecenas sed diam eget risus varius blandit sit amet non magna. Lorem ipsum dolor sit amet, consectetur adipiscing elit. Nullam quis risus eget urna mollis ornare vel eu leo.<\\/p><p>Sed posuere consectetur est at lobortis. Fusce dapibus, tellus ac cursus commodo, tortor mauris condimentum nibh, ut fermentum massa justo sit amet risus. Aenean eu leo quam. Pellentesque ornare sem lacinia quam venenatis vestibulum. Maecenas sed diam eget risus varius blandit sit amet non magna.<\\/p>\"}},\"new3\":{\"type\":\"sponsors\",\"enabled\":\"1\",\"fields\":{\"text\":\"<p>Keeton House<\\/p>\"}}},\"72\":{\"new1\":{\"type\":\"relationsBlock\",\"enabled\":\"1\",\"fields\":{\"relatedBlockTitle\":\"Related Programs\",\"relatedEntries\":[\"41\"]}}}}}', '2015-01-19 01:58:55', '2015-01-19 01:58:55', '8d560c7d-b1f3-4a5c-9ba0-316088c4053d');
INSERT INTO `craft_entryversions` (`id`, `entryId`, `sectionId`, `creatorId`, `locale`, `num`, `notes`, `data`, `dateCreated`, `dateUpdated`, `uid`) VALUES ('133', '179', '4', '1', 'en_us', '2', '', '{\"typeId\":\"4\",\"authorId\":\"1\",\"title\":\"Recycled Bottle Greenhouse\",\"slug\":\"recycled-bottle-greenhouse\",\"postDate\":1421632680,\"expiryDate\":null,\"enabled\":1,\"fields\":{\"67\":{\"180\":{\"type\":\"hook\",\"enabled\":\"1\",\"fields\":{\"text\":\"Praesent commodo cursus magna, vel scelerisque nisl consectetur et. Vivamus sagittis lacus vel augue laoreet rutrum faucibus dolor auctor.\"}},\"181\":{\"type\":\"mainContent\",\"enabled\":\"1\",\"fields\":{\"text\":\"<p>Aenean lacinia bibendum nulla sed consectetur. Vestibulum id ligula porta felis euismod semper. Maecenas faucibus mollis interdum. Praesent commodo cursus magna, vel scelerisque nisl consectetur et.<\\/p><p>Lorem ipsum dolor sit amet, consectetur adipiscing elit. Maecenas sed diam eget risus varius blandit sit amet non magna. Lorem ipsum dolor sit amet, consectetur adipiscing elit. Nullam quis risus eget urna mollis ornare vel eu leo.<\\/p><p>Sed posuere consectetur est at lobortis. Fusce dapibus, tellus ac cursus commodo, tortor mauris condimentum nibh, ut fermentum massa justo sit amet risus. Aenean eu leo quam. Pellentesque ornare sem lacinia quam venenatis vestibulum. Maecenas sed diam eget risus varius blandit sit amet non magna.<\\/p>\"}},\"182\":{\"type\":\"sponsors\",\"enabled\":\"1\",\"fields\":{\"text\":\"<p>Keeton House<\\/p>\"}}},\"72\":{\"183\":{\"type\":\"relationsBlock\",\"enabled\":\"1\",\"fields\":{\"relatedBlockTitle\":\"Related Programs\",\"relatedEntries\":[\"41\"]}}}}}', '2015-01-19 02:09:08', '2015-01-19 02:09:08', '84172c1a-48b0-4627-9d85-9786656b86a6');
INSERT INTO `craft_entryversions` (`id`, `entryId`, `sectionId`, `creatorId`, `locale`, `num`, `notes`, `data`, `dateCreated`, `dateUpdated`, `uid`) VALUES ('134', '179', '4', '1', 'en_us', '3', '', '{\"typeId\":\"4\",\"authorId\":\"1\",\"title\":\"Recycled Bottle Greenhouse\",\"slug\":\"recycled-bottle-greenhouse\",\"postDate\":1421632680,\"expiryDate\":null,\"enabled\":1,\"fields\":{\"67\":{\"180\":{\"type\":\"hook\",\"enabled\":\"1\",\"fields\":{\"text\":\"Praesent commodo cursus magna, vel scelerisque nisl consectetur et. Vivamus sagittis lacus vel augue laoreet rutrum faucibus dolor auctor.\"}},\"181\":{\"type\":\"mainContent\",\"enabled\":\"1\",\"fields\":{\"text\":\"<p>Aenean lacinia bibendum nulla sed consectetur. Vestibulum id ligula porta felis euismod semper. Maecenas faucibus mollis interdum. Praesent commodo cursus magna, vel scelerisque nisl consectetur et.<\\/p><p>Lorem ipsum dolor sit amet, consectetur adipiscing elit. Maecenas sed diam eget risus varius blandit sit amet non magna. Lorem ipsum dolor sit amet, consectetur adipiscing elit. Nullam quis risus eget urna mollis ornare vel eu leo.<\\/p><p>Sed posuere consectetur est at lobortis. Fusce dapibus, tellus ac cursus commodo, tortor mauris condimentum nibh, ut fermentum massa justo sit amet risus. Aenean eu leo quam. Pellentesque ornare sem lacinia quam venenatis vestibulum. Maecenas sed diam eget risus varius blandit sit amet non magna.<\\/p>\"}},\"182\":{\"type\":\"sponsors\",\"enabled\":\"1\",\"fields\":{\"text\":\"<p>Keeton House<\\/p>\"}},\"new1\":{\"type\":\"slideshow\",\"enabled\":\"1\",\"fields\":{\"image\":[\"172\",\"170\"],\"slideshowTitle\":\"The Recycled Bottle Greenhouse\"}}},\"72\":{\"183\":{\"type\":\"relationsBlock\",\"enabled\":\"1\",\"fields\":{\"relatedBlockTitle\":\"Related Programs\",\"relatedEntries\":[\"41\"]}}}}}', '2015-01-19 02:19:21', '2015-01-19 02:19:21', '6c4ff888-4ab6-4d23-9814-8c8efe5ce027');
INSERT INTO `craft_entryversions` (`id`, `entryId`, `sectionId`, `creatorId`, `locale`, `num`, `notes`, `data`, `dateCreated`, `dateUpdated`, `uid`) VALUES ('135', '185', '4', '1', 'en_us', '1', '', '{\"typeId\":null,\"authorId\":\"1\",\"title\":\"Gaia the Turtle\",\"slug\":\"gaia-the-turtle-1\",\"postDate\":1421636796,\"expiryDate\":null,\"enabled\":1,\"fields\":{\"67\":{\"new1\":{\"type\":\"hook\",\"enabled\":\"1\",\"fields\":{\"text\":\"Meet Gaia the Turtle, the larger than life land sculpture who greets visitors at the south entrance to the Garden. Hatched in 2005, Gaia has been a landmark, favorite play feature, and ICG\'s logo ever since \"}}},\"72\":\"\"}}', '2015-01-19 03:06:36', '2015-01-19 03:06:36', 'c96a5247-41e5-4a7e-a240-6f7ae0ad3793');
INSERT INTO `craft_entryversions` (`id`, `entryId`, `sectionId`, `creatorId`, `locale`, `num`, `notes`, `data`, `dateCreated`, `dateUpdated`, `uid`) VALUES ('136', '185', '4', '1', 'en_us', '2', '', '{\"typeId\":\"4\",\"authorId\":\"1\",\"title\":\"Gaia the Turtle\",\"slug\":\"gaia-the-turtle-1\",\"postDate\":1421636760,\"expiryDate\":null,\"enabled\":1,\"fields\":{\"67\":{\"186\":{\"type\":\"hook\",\"enabled\":\"1\",\"fields\":{\"text\":\"Meet Gaia the Turtle, the larger than life land sculpture who greets visitors at the south entrance to the Garden. Hatched in 2005, Gaia has been a landmark, favorite play feature, and ICG\'s logo ever since \"}},\"new1\":{\"type\":\"mainContent\",\"enabled\":\"1\",\"fields\":{\"text\":\"<p>Why a Turtle and Wetland Habitat Garden?<\\/p><p>Cultural heritage<\\/p><p>Did you know that every snapping turtle has 13 plates, or scutes on its back? The snapping turtle\'s back is a lunar calendar. The 13 central shields represent the 13 moons or lunar months in a year. The 28 outer shields represent the 28 days in each lunar month.  Many cultures tell wonderful stories about turtles.  The Haudenosaunee (Iroquois) the indigenous peoples of this area,  used the snapping turtle\'s back as their calendar.  To the Haudenosaunee,  the entire world was formed on turtle\'s back. <span><\\/span><\\/p><p>Time and seasons are important themes in gardens, nature, and our own lives. Learn more about the Turtle Calendar in Joseph Burchac\'s book <a href=\\\"http:\\/\\/www.amazon.com\\/Thirteen-Moons-Turtles-Joseph-Bruchac\\/dp\\/0698115848\\\">13 Moons on Turtle\'s Back<\\/a>.<\\/p><p>Natural significance<\\/p><p>Before the inlet was developed in the early 1800\'s, land along the inlet and ICG site were wetland habitats and home to the common snapping turtle and many other animals, insects, and plants.  Snapping turtles are native to New York State and thrive in the Finger Lakes region. They live in places with slow moving, shallow water, and lots of plants.  Wetlands are unique ecosystems that are very important to the health of the environment with a wealth of highly specialized plants, insects, and animals.<\\/p><p>Turtles have been around for 230 million years. They live for decades and are often a symbol of longevity.<\\/p>\"}}},\"72\":\"\"}}', '2015-01-19 03:16:54', '2015-01-19 03:16:54', '5603fee4-e5af-4310-bd73-6e91db3fc968');
INSERT INTO `craft_entryversions` (`id`, `entryId`, `sectionId`, `creatorId`, `locale`, `num`, `notes`, `data`, `dateCreated`, `dateUpdated`, `uid`) VALUES ('137', '185', '4', '1', 'en_us', '3', '', '{\"typeId\":\"4\",\"authorId\":\"1\",\"title\":\"Gaia the Turtle\",\"slug\":\"gaia-the-turtle-1\",\"postDate\":1421636760,\"expiryDate\":null,\"enabled\":1,\"fields\":{\"67\":{\"186\":{\"type\":\"hook\",\"enabled\":\"1\",\"fields\":{\"text\":\"Meet Gaia the Turtle, the larger than life land sculpture who greets visitors at the south entrance to the Garden. Hatched in 2005, Gaia has been a landmark, favorite play feature, and ICG\'s logo ever since \"}},\"187\":{\"type\":\"mainContent\",\"enabled\":\"1\",\"fields\":{\"text\":\"<p>Why a Turtle and Wetland Habitat Garden?<\\/p><p>Cultural heritage<\\/p><p>Did you know that every snapping turtle has 13 plates, or scutes on its back? The snapping turtle\'s back is a lunar calendar. The 13 central shields represent the 13 moons or lunar months in a year. The 28 outer shields represent the 28 days in each lunar month.  Many cultures tell wonderful stories about turtles.  The Haudenosaunee (Iroquois) the indigenous peoples of this area,  used the snapping turtle\'s back as their calendar.  To the Haudenosaunee,  the entire world was formed on turtle\'s back. <\\/p><p>Time and seasons are important themes in gardens, nature, and our own lives. Learn more about the Turtle Calendar in Joseph Burchac\'s book <a href=\\\"http:\\/\\/www.amazon.com\\/Thirteen-Moons-Turtles-Joseph-Bruchac\\/dp\\/0698115848\\\">13 Moons on Turtle\'s Back<\\/a>.<\\/p><p>Natural significance<\\/p><p>Before the inlet was developed in the early 1800\'s, land along the inlet and ICG site were wetland habitats and home to the common snapping turtle and many other animals, insects, and plants.  Snapping turtles are native to New York State and thrive in the Finger Lakes region. They live in places with slow moving, shallow water, and lots of plants.  Wetlands are unique ecosystems that are very important to the health of the environment with a wealth of highly specialized plants, insects, and animals.<\\/p><p>Turtles have been around for 230 million years. They live for decades and are often a symbol of longevity.<\\/p>\"}},\"new1\":{\"type\":\"slideshow\",\"enabled\":\"1\",\"fields\":{\"image\":[\"188\",\"189\",\"190\"],\"slideshowTitle\":\"\"}},\"new2\":{\"type\":\"sponsors\",\"enabled\":\"1\",\"fields\":{\"text\":\"<p>EPF, Triad Foundation, Bo Atkinson<\\/p>\"}}},\"72\":\"\"}}', '2015-01-19 03:28:12', '2015-01-19 03:28:12', '016ae7e0-e6ce-4832-a7b0-a4e11bd3a0f5');
INSERT INTO `craft_entryversions` (`id`, `entryId`, `sectionId`, `creatorId`, `locale`, `num`, `notes`, `data`, `dateCreated`, `dateUpdated`, `uid`) VALUES ('138', '185', '4', '1', 'en_us', '4', '', '{\"typeId\":\"4\",\"authorId\":\"1\",\"title\":\"Gaia the Turtle\",\"slug\":\"gaia-the-turtle-1\",\"postDate\":1421636760,\"expiryDate\":null,\"enabled\":1,\"fields\":{\"67\":{\"186\":{\"type\":\"hook\",\"enabled\":\"1\",\"fields\":{\"text\":\"Meet Gaia the Turtle, the larger than life land sculpture who greets visitors at the south entrance to the Garden. Hatched in 2005, Gaia has been a landmark, favorite play feature, and ICG\'s logo ever since \"}},\"187\":{\"type\":\"mainContent\",\"enabled\":\"1\",\"fields\":{\"text\":\"<h2>Why a Turtle and Wetland Habitat Garden?<\\/h2><p>\\r\\n\\tDid you know that every snapping turtle has 13 plates, or scutes on its back? The snapping turtle\'s back is a lunar calendar. The 13 central shields represent the 13 moons or lunar months in a year. The 28 outer shields represent the 28 days in each lunar month.\\r\\n<\\/p><h3>Cultural heritage<\\/h3><p>\\r\\n\\tMany cultures tell wonderful stories about turtles.  The Haudenosaunee (Iroquois) the indigenous peoples of this area,  used the snapping turtle\'s back as their calendar.  To the Haudenosaunee,  the entire world was formed on turtle\'s back.\\r\\n<\\/p><p>\\r\\n\\tTime and seasons are important themes in gardens, nature, and our own lives. Learn more about the Turtle Calendar in Joseph Burchac\'s book \\r\\n\\t<a href=\\\"http:\\/\\/www.amazon.com\\/Thirteen-Moons-Turtles-Joseph-Bruchac\\/dp\\/0698115848\\\">13 Moons on Turtle\'s Back<\\/a>.\\r\\n<\\/p>\"}},\"191\":{\"type\":\"slideshow\",\"enabled\":\"1\",\"fields\":{\"image\":[\"188\",\"189\",\"190\"],\"slideshowTitle\":\"\"}},\"new1\":{\"type\":\"mainContent\",\"enabled\":\"1\",\"fields\":{\"text\":\"<h3>Natural significance<\\/h3><p>\\r\\n\\tBefore the inlet was developed in the early 1800\'s, land along the inlet and ICG site were wetland habitats and home to the common snapping turtle and many other animals, insects, and plants. Snapping turtles are native to New York State and thrive in the Finger Lakes region. They live in places with slow moving, shallow water, and lots of plants. Wetlands are unique ecosystems that are very important to the health of the environment with a wealth of highly specialized plants, insects, and animals.\\r\\n<\\/p><p>\\r\\n\\tTurtles have been around for 230 million years. They live for decades and are often a symbol of longevity.\\r\\n<\\/p>\"}},\"192\":{\"type\":\"sponsors\",\"enabled\":\"1\",\"fields\":{\"text\":\"<p>\\r\\n\\tEPF, Triad Foundation, Bo Atkinson\\r\\n<\\/p>\"}}},\"72\":\"\"}}', '2015-01-19 21:57:46', '2015-01-19 21:57:46', '3d52d565-069d-4ed9-90e7-292acc810c5d');
INSERT INTO `craft_entryversions` (`id`, `entryId`, `sectionId`, `creatorId`, `locale`, `num`, `notes`, `data`, `dateCreated`, `dateUpdated`, `uid`) VALUES ('139', '179', '4', '1', 'en_us', '4', '', '{\"typeId\":\"4\",\"authorId\":\"1\",\"title\":\"Recycled Bottle Greenhouse\",\"slug\":\"recycled-bottle-greenhouse\",\"postDate\":1421632680,\"expiryDate\":null,\"enabled\":1,\"fields\":{\"67\":{\"180\":{\"type\":\"hook\",\"enabled\":\"1\",\"fields\":{\"text\":\"Have you ever wondered what you can do with 1,296 old soda bottles? Come see ICG\'s greenhouse and find out!\"}},\"181\":{\"type\":\"mainContent\",\"enabled\":\"1\",\"fields\":{\"text\":\"This unique greenhouse was constructed from hundreds of re-used soda bottles! Its frame is made of locust, a naturally rot-resistant wood and the bottles are held in with bamboo, a renewable building resource. This greenhouse is used for hardening off seedlings when they come out of the greenhouse, and for children to pot up seedlings in spring to take home.  Even though we call it a greenhouse, it is really more of a cold-frame, because it is unheated and not air tight.\"}},\"182\":{\"type\":\"sponsors\",\"enabled\":\"1\",\"fields\":{\"text\":\"<p>2010 residents of Cornell\'s Keaton House; Tom Brown and Locust Lumber Company<\\/p>\"}},\"184\":{\"type\":\"slideshow\",\"enabled\":\"1\",\"fields\":{\"image\":\"\",\"slideshowTitle\":\"The Recycled Bottle Greenhouse\"}}},\"72\":{\"183\":{\"type\":\"relationsBlock\",\"enabled\":\"1\",\"fields\":{\"relatedBlockTitle\":\"Related Programs\",\"relatedEntries\":[\"41\"]}}}}}', '2015-01-19 22:08:58', '2015-01-19 22:08:58', '7e12d072-abea-4c36-8daa-fa2e5bfd4f65');
INSERT INTO `craft_entryversions` (`id`, `entryId`, `sectionId`, `creatorId`, `locale`, `num`, `notes`, `data`, `dateCreated`, `dateUpdated`, `uid`) VALUES ('140', '23', '4', '1', 'en_us', '2', '', '{\"typeId\":\"4\",\"authorId\":\"1\",\"title\":\"Troll House\",\"slug\":\"troll-house\",\"postDate\":1419656160,\"expiryDate\":null,\"enabled\":1,\"fields\":{\"67\":{\"new1\":{\"type\":\"hook\",\"enabled\":\"1\",\"fields\":{\"text\":\"Did you know ICG is home to a friendly troll whose home is built with natural methods?\"}},\"new2\":{\"type\":\"mainContent\",\"enabled\":\"1\",\"fields\":{\"text\":\"<p>ICG\'s <em>Troll House<\\/em> is home to a friendly troll, who forages in the hills by day, and returns to his cozy home only at night, after all the boys and girls are nestled in bed.  Our Troll\'s house is actually a straw-bale insulated timber frame structure; a perfect example of natural building styles. Its roof is a green roof, which means it is covered in vegetation with the aim of absorbing rainwater, increasing insulation and creating a habitat.  This structure is a feature on ICG\'s \\\"Green Trail\\\" and is a well-loved hide-out and place for gathering small groups of children. <\\/p>\"}},\"new3\":{\"type\":\"sponsors\",\"enabled\":\"1\",\"fields\":{\"text\":\"<p>Special thanks to Aaron Dennis and ej george of Tugley Wood Timberframing; Lexie Hain and Marguerite Wells of Motherplants Nursery, and all the volunteers who helped build and continue to maintain this magical abode!<\\/p>\"}}},\"72\":\"\"}}', '2015-01-19 22:14:46', '2015-01-19 22:14:46', 'a1d653ce-ba44-4415-a903-2bf3f2577abe');
INSERT INTO `craft_entryversions` (`id`, `entryId`, `sectionId`, `creatorId`, `locale`, `num`, `notes`, `data`, `dateCreated`, `dateUpdated`, `uid`) VALUES ('141', '197', '4', '1', 'en_us', '1', '', '{\"typeId\":null,\"authorId\":\"1\",\"title\":\"Bird Garden\",\"slug\":\"bird-garden\",\"postDate\":1421706385,\"expiryDate\":null,\"enabled\":1,\"fields\":{\"67\":{\"new1\":{\"type\":\"hook\",\"enabled\":\"1\",\"fields\":{\"text\":\"Flap like a bird, perch in the birds nest, and explore birds at ICG while pretending to be one!\"}},\"new2\":{\"type\":\"mainContent\",\"enabled\":\"1\",\"fields\":{\"text\":\"<p>ICG\'s  Bird Garden welcomes children into the child-sized bird house where they can flap their \\\"wings,\\\" peer out the birdhouse window,<span><\\/span> dig for delicious worms, or perch in the child-size nest. Children can look for live birds in the garden that match the birds painted on the birdhouse. The mural features 17 different bird species, including the great blue heron, osprey, and bald eagle. All the birds featured were seen in the garden in May 2011 on an early morning sunrise walk before the rest of the world had woken up!  Sunrise (or earlier) is a great time to see a different side of ICG, when the air is alive with a cacophony of nature sounds, and the birds are in charge.<\\/p><p><br><\\/p>\"}},\"new3\":{\"type\":\"slideshow\",\"enabled\":\"1\",\"fields\":{\"image\":\"\",\"slideshowTitle\":\"\"}},\"new4\":{\"type\":\"sponsors\",\"enabled\":\"1\",\"fields\":{\"text\":\"<p>The child-sized birdhouse was built by teens as part of our Youth Horticulture Apprentice Program in 2010, and painted by artists Camille and Marika Chew in 2011.  The beautifully painted birds are adopted as follows:<\\/p>\"}}},\"72\":\"\"}}', '2015-01-19 22:26:25', '2015-01-19 22:26:25', 'cd27419c-f80e-4641-aea3-6810f88387ea');
INSERT INTO `craft_entryversions` (`id`, `entryId`, `sectionId`, `creatorId`, `locale`, `num`, `notes`, `data`, `dateCreated`, `dateUpdated`, `uid`) VALUES ('142', '197', '4', '1', 'en_us', '2', '', '{\"typeId\":\"4\",\"authorId\":\"1\",\"title\":\"Bird Garden\",\"slug\":\"bird-garden\",\"postDate\":1421706360,\"expiryDate\":null,\"enabled\":1,\"fields\":{\"67\":{\"198\":{\"type\":\"hook\",\"enabled\":\"1\",\"fields\":{\"text\":\"Flap like a bird, perch in the bird\'s nest, and explore birds at ICG!\"}},\"199\":{\"type\":\"mainContent\",\"enabled\":\"1\",\"fields\":{\"text\":\"<p>ICG\'s  Bird Garden welcomes children into the child-sized bird house where they can flap their \\\"wings,\\\" peer out the birdhouse window, dig for delicious worms, or perch in the child-size nest. Children can look for live birds in the garden that match the birds painted on the birdhouse. The mural features 17 different bird species, including the great blue heron, osprey, and bald eagle. All the birds featured were seen in the garden in May 2011 on an early morning sunrise walk before the rest of the world had woken up!  Sunrise (or earlier) is a great time to see a different side of ICG, when the air is alive with a cacophony of nature sounds, and the birds are in charge.<\\/p><p><br><\\/p>\"}},\"200\":{\"type\":\"slideshow\",\"enabled\":\"1\",\"fields\":{\"image\":[\"207\",\"208\",\"209\",\"210\",\"211\"],\"slideshowTitle\":\"A child-sized birds nest and beautifully painted birdhouse anchor the bird garden and its diverse plantings.\"}},\"201\":{\"type\":\"sponsors\",\"enabled\":\"1\",\"fields\":{\"text\":\"<p>The child-sized birdhouse was built by teens as part of our Youth Horticulture Apprentice Program in 2010, and painted by artists Camille and Marika Chew in 2011.  The beautifully painted birds are adopted as follows:<\\/p>\"}}},\"72\":\"\"}}', '2015-01-20 01:17:05', '2015-01-20 01:17:05', 'dbc3a785-6c81-4811-9dda-dfa3f2198685');
INSERT INTO `craft_entryversions` (`id`, `entryId`, `sectionId`, `creatorId`, `locale`, `num`, `notes`, `data`, `dateCreated`, `dateUpdated`, `uid`) VALUES ('143', '197', '4', '1', 'en_us', '3', '', '{\"typeId\":\"4\",\"authorId\":\"1\",\"title\":\"Bird Garden\",\"slug\":\"bird-garden\",\"postDate\":1421706360,\"expiryDate\":null,\"enabled\":1,\"fields\":{\"67\":{\"198\":{\"type\":\"hook\",\"enabled\":\"1\",\"fields\":{\"text\":\"Flap like a bird, perch in the bird\'s nest, and explore birds at ICG!\"}},\"199\":{\"type\":\"mainContent\",\"enabled\":\"1\",\"fields\":{\"text\":\"<p>\\r\\n\\tICG\'s  Bird Garden welcomes children into the bird house where they can flap their \\\"wings,\\\" peer out the birdhouse window, dig for delicious worms, or perch in the child-sized birds nest.\\r\\n<\\/p>\"}},\"200\":{\"type\":\"slideshow\",\"enabled\":\"1\",\"fields\":{\"image\":[\"207\",\"208\",\"209\",\"210\",\"211\"],\"slideshowTitle\":\"A child-sized birds nest and beautifully painted birdhouse anchor the bird garden and its diverse plantings.\"}},\"new1\":{\"type\":\"mainContent\",\"enabled\":\"1\",\"fields\":{\"text\":\"<p>\\r\\n\\tChildren can look for live birds in the garden that match the birds painted on the birdhouse. The mural features 17 different bird species, including the great blue heron, osprey, and bald eagle. All the birds featured were seen in the garden in May 2011 on an early morning sunrise walk before the rest of the world had woken up! Sunrise (or earlier) is a great time to see a different side of ICG, when the air is alive with a cacophony of nature sounds, and the birds are in charge.<span><\\/span>\\r\\n<\\/p>\"}},\"201\":{\"type\":\"sponsors\",\"enabled\":\"1\",\"fields\":{\"text\":\"<p>\\r\\n\\tThe child-sized birdhouse was built by teens as part of our Youth Horticulture Apprentice Program in 2010, and painted by artists Camille and Marika Chew in 2011.  The beautifully painted birds are adopted as follows:\\r\\n<\\/p>\"}}},\"72\":\"\"}}', '2015-01-20 01:20:06', '2015-01-20 01:20:06', 'd7e95378-f41f-4216-8d16-62522d2da3f7');
INSERT INTO `craft_entryversions` (`id`, `entryId`, `sectionId`, `creatorId`, `locale`, `num`, `notes`, `data`, `dateCreated`, `dateUpdated`, `uid`) VALUES ('144', '179', '4', '1', 'en_us', '5', '', '{\"typeId\":\"4\",\"authorId\":\"1\",\"title\":\"Recycled Bottle Greenhouse\",\"slug\":\"recycled-bottle-greenhouse\",\"postDate\":1421632680,\"expiryDate\":null,\"enabled\":1,\"fields\":{\"67\":{\"180\":{\"type\":\"hook\",\"enabled\":\"1\",\"fields\":{\"text\":\"Have you ever wondered what you can do with 1,296 old soda bottles? Come see ICG\'s greenhouse and find out!\"}},\"181\":{\"type\":\"mainContent\",\"enabled\":\"1\",\"fields\":{\"text\":\"<p>This unique greenhouse was constructed from hundreds of re-used soda bottles! Its frame is made of locust, a naturally rot-resistant wood and the bottles are held in with bamboo, a renewable building resource. This greenhouse is used for hardening off seedlings when they come out of the greenhouse, and for children to pot up seedlings in spring to take home.  Even though we call it a greenhouse, it is really more of a cold-frame, because it is unheated and not air tight.<\\/p>\"}},\"182\":{\"type\":\"sponsors\",\"enabled\":\"1\",\"fields\":{\"text\":\"<p>2010 residents of Cornell\'s Keaton House; Tom Brown and Locust Lumber Company<\\/p>\"}},\"184\":{\"type\":\"slideshow\",\"enabled\":\"1\",\"fields\":{\"image\":[\"213\",\"214\"],\"slideshowTitle\":\"The Recycled Bottle Greenhouse\"}}},\"72\":{\"183\":{\"type\":\"relationsBlock\",\"enabled\":\"1\",\"fields\":{\"relatedBlockTitle\":\"Related Programs\",\"relatedEntries\":[\"41\"]}}}}}', '2015-01-20 01:25:08', '2015-01-20 01:25:08', '5bef530f-2fc4-41a8-bdbe-647e01a05d5a');
INSERT INTO `craft_entryversions` (`id`, `entryId`, `sectionId`, `creatorId`, `locale`, `num`, `notes`, `data`, `dateCreated`, `dateUpdated`, `uid`) VALUES ('145', '179', '4', '1', 'en_us', '6', '', '{\"typeId\":\"4\",\"authorId\":\"1\",\"title\":\"Recycled Bottle Greenhouse\",\"slug\":\"recycled-bottle-greenhouse\",\"postDate\":1421632680,\"expiryDate\":null,\"enabled\":1,\"fields\":{\"67\":{\"180\":{\"type\":\"hook\",\"enabled\":\"1\",\"fields\":{\"text\":\"Have you ever wondered what you can do with 1,296 old soda bottles? Come see ICG\'s greenhouse and find out!\"}},\"181\":{\"type\":\"mainContent\",\"enabled\":\"1\",\"fields\":{\"text\":\"<p>\\r\\n\\tThis unique greenhouse was constructed from hundreds of re-used soda bottles! Its frame is made of locust, a naturally rot-resistant wood and the bottles are held in with bamboo, a renewable building resource. This greenhouse is used for hardening off seedlings when they come out of the greenhouse, and for children to pot up seedlings in spring to take home.  Even though we call it a greenhouse, it is really more of a cold-frame, because it is unheated and not air tight.\\r\\n<\\/p>\"}},\"184\":{\"type\":\"slideshow\",\"enabled\":\"1\",\"fields\":{\"image\":[\"213\",\"214\",\"215\"],\"slideshowTitle\":\"The Recycled Bottle Greenhouse\"}},\"182\":{\"type\":\"sponsors\",\"enabled\":\"1\",\"fields\":{\"text\":\"<p>\\r\\n\\t2010 residents of Cornell\'s Keaton House; Tom Brown and Locust Lumber Company\\r\\n<\\/p>\"}}},\"72\":{\"183\":{\"type\":\"relationsBlock\",\"enabled\":\"1\",\"fields\":{\"relatedBlockTitle\":\"Related Programs\",\"relatedEntries\":[\"41\"]}}}}}', '2015-01-20 01:51:22', '2015-01-20 01:51:22', '63760c58-3347-4f5f-86a7-ff8b968dac5f');
INSERT INTO `craft_entryversions` (`id`, `entryId`, `sectionId`, `creatorId`, `locale`, `num`, `notes`, `data`, `dateCreated`, `dateUpdated`, `uid`) VALUES ('146', '23', '4', '1', 'en_us', '3', '', '{\"typeId\":\"4\",\"authorId\":\"1\",\"title\":\"Troll House\",\"slug\":\"troll-house\",\"postDate\":1419656160,\"expiryDate\":null,\"enabled\":1,\"fields\":{\"67\":{\"194\":{\"type\":\"hook\",\"enabled\":\"1\",\"fields\":{\"text\":\"Did you know ICG is home to a friendly troll whose home is built with straw and a living roof?\"}},\"195\":{\"type\":\"mainContent\",\"enabled\":\"1\",\"fields\":{\"text\":\"<p>ICG\'s <em>Troll House<\\/em> is home to a friendly troll, who forages in the hills by day, and returns to his cozy home only at night, after all the boys and girls are nestled in bed.  Our Troll\'s house is actually a straw-bale insulated timber frame structure; a perfect example of natural building styles. Its roof is a green roof, which means it is covered in vegetation with the aim of absorbing rainwater, increasing insulation and creating a habitat.  This structure is a feature on ICG\'s \\\"Green Trail\\\" and is a well-loved hide-out and place for gathering small groups of children. <\\/p>\"}},\"new1\":{\"type\":\"slideshow\",\"enabled\":\"1\",\"fields\":{\"image\":[\"216\",\"218\",\"220\"],\"slideshowTitle\":\"The troll only comes home at night, so feel free to enjoy the cool shade of his home during your visit!\"}},\"196\":{\"type\":\"sponsors\",\"enabled\":\"1\",\"fields\":{\"text\":\"<p>Special thanks to Aaron Dennis and ej george of Tugley Wood Timberframing; Lexie Hain and Marguerite Wells of Motherplants Nursery, and all the volunteers who helped build and continue to maintain this magical abode!<\\/p>\"}}},\"72\":\"\"}}', '2015-01-20 02:00:24', '2015-01-20 02:00:24', '117bd6de-7cf4-41d1-a789-9504d38c8322');
INSERT INTO `craft_entryversions` (`id`, `entryId`, `sectionId`, `creatorId`, `locale`, `num`, `notes`, `data`, `dateCreated`, `dateUpdated`, `uid`) VALUES ('147', '23', '4', '1', 'en_us', '4', '', '{\"typeId\":\"4\",\"authorId\":\"1\",\"title\":\"The Troll House\",\"slug\":\"troll-house\",\"postDate\":1419656160,\"expiryDate\":null,\"enabled\":1,\"fields\":{\"67\":{\"194\":{\"type\":\"hook\",\"enabled\":\"1\",\"fields\":{\"text\":\"Did you know ICG is home to a friendly troll whose home is built with straw and a living roof?\"}},\"195\":{\"type\":\"mainContent\",\"enabled\":\"1\",\"fields\":{\"text\":\"<p>ICG\'s <em>Troll House<\\/em> is home to a friendly troll, who forages in the hills by day, and returns to his cozy home only at night, after all the boys and girls are nestled in bed.  Our Troll\'s house is actually a straw-bale insulated timber frame structure; a perfect example of natural building styles. Its roof is a green roof, which means it is covered in vegetation with the aim of absorbing rainwater, increasing insulation and creating a habitat.  This structure is a feature on ICG\'s \\\"Green Trail\\\" and is a well-loved hide-out and place for gathering small groups of children. <\\/p>\"}},\"221\":{\"type\":\"slideshow\",\"enabled\":\"1\",\"fields\":{\"image\":[\"216\",\"218\",\"220\"],\"slideshowTitle\":\"The troll only comes home at night, so feel free to enjoy the cool shade of his home during your visit!\"}},\"196\":{\"type\":\"sponsors\",\"enabled\":\"1\",\"fields\":{\"text\":\"<p>Special thanks to Aaron Dennis and ej george of Tugley Wood Timberframing; Lexie Hain and Marguerite Wells of Motherplants Nursery, and all the volunteers who helped build and continue to maintain this magical abode!<\\/p>\"}}},\"72\":\"\"}}', '2015-01-20 02:00:42', '2015-01-20 02:00:42', 'dee7f3fc-6be1-4ee2-93c8-4e99656c9ad7');
INSERT INTO `craft_entryversions` (`id`, `entryId`, `sectionId`, `creatorId`, `locale`, `num`, `notes`, `data`, `dateCreated`, `dateUpdated`, `uid`) VALUES ('148', '23', '4', '1', 'en_us', '5', '', '{\"typeId\":\"4\",\"authorId\":\"1\",\"title\":\"The Troll House\",\"slug\":\"troll-house\",\"postDate\":1419656160,\"expiryDate\":null,\"enabled\":1,\"fields\":{\"67\":{\"194\":{\"type\":\"hook\",\"enabled\":\"1\",\"fields\":{\"text\":\"Did you know ICG is home to a friendly troll whose home is built with straw and a living roof?\"}},\"195\":{\"type\":\"mainContent\",\"enabled\":\"1\",\"fields\":{\"text\":\"<p>\\r\\n\\tICG\'s \\r\\n\\t<em>Troll House<\\/em> is home to a friendly troll, who forages in the hills by day, and returns to his cozy home only at night, after all the boys and girls are nestled in bed.  Our Troll\'s house is actually a straw-bale insulated timber frame structure; a perfect example of natural building styles. Its roof is a green roof, which means it is covered in vegetation with the aim of absorbing rainwater, increasing insulation and creating a habitat.  This structure is a feature on ICG\'s \\\"Green Trail\\\" and is a well-loved hide-out and place for gathering small groups of children.\\r\\n<\\/p>\"}},\"221\":{\"type\":\"slideshow\",\"enabled\":\"1\",\"fields\":{\"image\":[\"216\",\"218\",\"220\"],\"slideshowTitle\":\"The troll only comes home at night, so feel free to enjoy the cool shade of his home during your visit!\"}},\"196\":{\"type\":\"sponsors\",\"enabled\":\"1\",\"fields\":{\"text\":\"<p>\\r\\n\\tSpecial thanks to Aaron Dennis and ej george of Tugley Wood Timberframing; Lexie Hain and Marguerite Wells of Motherplants Nursery, and all the volunteers who helped build and continue to maintain this magical abode!\\r\\n<\\/p>\"}}},\"72\":\"\"}}', '2015-01-20 02:04:16', '2015-01-20 02:04:16', '7362ad17-5734-42b8-8406-18657885d232');
INSERT INTO `craft_entryversions` (`id`, `entryId`, `sectionId`, `creatorId`, `locale`, `num`, `notes`, `data`, `dateCreated`, `dateUpdated`, `uid`) VALUES ('149', '223', '4', '1', 'en_us', '1', '', '{\"typeId\":null,\"authorId\":\"1\",\"title\":\"Wildflower Meadow\",\"slug\":\"wildflower-meadow\",\"postDate\":1421720064,\"expiryDate\":null,\"enabled\":1,\"fields\":{\"67\":{\"new1\":{\"type\":\"hook\",\"enabled\":\"1\",\"fields\":{\"text\":\"Do you sometimes like to follow a path to see where it will lead?\"}},\"new2\":{\"type\":\"mainContent\",\"enabled\":\"1\",\"fields\":{\"text\":\"<p>Come into the Wildflower Meadow!  Exit the main path and embark on a journey into a natural meadow full of flowers, rushes, chicory, with statuesque ironweed, and false indigo standing at the entrance during certain times of year.  The Wildflower Meadow connects the Bird Garden, Wetlands, and Cherry Guild at the south end of the Enchanted Edible Forest Garden.  After you visit Gaia, take the secret pathway down through the bioswale, behind the Bird House, and enter the Wildflower Meadow on your way to the Boardwalk. See what kinds of creatures and plants live there!<\\/p>\"}},\"new3\":{\"type\":\"slideshow\",\"enabled\":\"1\",\"fields\":{\"image\":[\"222\"],\"slideshowTitle\":\"\"}},\"new4\":{\"type\":\"sponsors\",\"enabled\":\"1\",\"fields\":{\"text\":\"<p>Planted and developed in 2006-2007 with principle funding from Ithaca Garden Club.<\\/p>\"}}},\"72\":\"\"}}', '2015-01-20 02:14:24', '2015-01-20 02:14:24', '8b4722d5-160e-4657-ad27-7915d6844ce2');
INSERT INTO `craft_entryversions` (`id`, `entryId`, `sectionId`, `creatorId`, `locale`, `num`, `notes`, `data`, `dateCreated`, `dateUpdated`, `uid`) VALUES ('150', '223', '4', '1', 'en_us', '2', '', '{\"typeId\":\"4\",\"authorId\":\"1\",\"title\":\"Wildflower Meadow\",\"slug\":\"wildflower-meadow\",\"postDate\":1421720040,\"expiryDate\":null,\"enabled\":1,\"fields\":{\"67\":{\"224\":{\"type\":\"hook\",\"enabled\":\"1\",\"fields\":{\"text\":\"Do you sometimes like to follow a path to see where it will lead?\"}},\"225\":{\"type\":\"mainContent\",\"enabled\":\"1\",\"fields\":{\"text\":\"<p>\\r\\n\\tCome into the Wildflower Meadow!  Exit the main path and embark on a journey into a natural meadow full of flowers, rushes, chicory, with statuesque ironweed, and false indigo standing at the entrance during certain times of year.  The Wildflower Meadow connects the Bird Garden, Wetlands, and Cherry Guild at the south end of the Enchanted Edible Forest Garden.  After you visit Gaia, take the secret pathway down through the bioswale, behind the Bird House, and enter the Wildflower Meadow on your way to the Boardwalk. See what kinds of creatures and plants live there!\\r\\n<\\/p>\"}},\"226\":{\"type\":\"slideshow\",\"enabled\":\"1\",\"fields\":{\"image\":[\"222\"],\"slideshowTitle\":\"\"}},\"227\":{\"type\":\"sponsors\",\"enabled\":\"1\",\"fields\":{\"text\":\"<p>\\r\\n\\tPlanted and developed in 2006-2007 with principle funding from Ithaca Garden Club.\\r\\n<\\/p>\"}}},\"72\":\"\"}}', '2015-01-20 02:15:22', '2015-01-20 02:15:22', 'f5dca78c-16af-418b-a0f6-49f07addc9a4');
INSERT INTO `craft_entryversions` (`id`, `entryId`, `sectionId`, `creatorId`, `locale`, `num`, `notes`, `data`, `dateCreated`, `dateUpdated`, `uid`) VALUES ('151', '234', '4', '1', 'en_us', '1', '', '{\"typeId\":null,\"authorId\":\"1\",\"title\":\"Kitchen Garden\",\"slug\":\"kitchen-garden\",\"postDate\":1421720936,\"expiryDate\":null,\"enabled\":1,\"fields\":{\"67\":{\"new1\":{\"type\":\"hook\",\"enabled\":\"1\",\"fields\":{\"text\":\"Who knew growing food could be this fun?!\"}},\"new2\":{\"type\":\"mainContent\",\"enabled\":\"1\",\"fields\":{\"text\":\"<p>Welcome to the Kitchen Garden! The locust pergola in the Kitchen Garden is designed with 4 wheelchair accessible raised beds, planted with different herbs, flowers, and vegetables each season, and benches for seating under the structure. The pergola supports hardi kiwi vines that provide shade to visitors.  Look up and see the top-bar honey bee hive with viewing window!<\\/p>\"}},\"new3\":{\"type\":\"slideshow\",\"enabled\":\"1\",\"fields\":{\"image\":[\"229\",\"228\",\"230\",\"231\",\"232\",\"233\"],\"slideshowTitle\":\"The world of growing food is yours to explore!\"}}},\"72\":\"\"}}', '2015-01-20 02:28:56', '2015-01-20 02:28:56', 'eb4ac64c-7a41-4342-a871-a98246b8df66');
INSERT INTO `craft_entryversions` (`id`, `entryId`, `sectionId`, `creatorId`, `locale`, `num`, `notes`, `data`, `dateCreated`, `dateUpdated`, `uid`) VALUES ('152', '234', '4', '1', 'en_us', '2', '', '{\"typeId\":\"4\",\"authorId\":\"1\",\"title\":\"Kitchen Garden\",\"slug\":\"kitchen-garden\",\"postDate\":1421720880,\"expiryDate\":null,\"enabled\":1,\"fields\":{\"67\":{\"235\":{\"type\":\"hook\",\"enabled\":\"1\",\"fields\":{\"text\":\"Who knew growing food could be this fun?!\"}},\"236\":{\"type\":\"mainContent\",\"enabled\":\"1\",\"fields\":{\"text\":\"<p>\\r\\n\\tWelcome to the Kitchen Garden! The locust pergola in the Kitchen Garden is designed with 4 wheelchair accessible raised beds, planted with different herbs, flowers, and vegetables each season, and benches for seating under the structure. The pergola supports hardi kiwi vines that provide shade to visitors.  Look up and see the top-bar honey bee hive with viewing window!\\r\\n<\\/p>\"}},\"237\":{\"type\":\"slideshow\",\"enabled\":\"1\",\"fields\":{\"image\":[\"229\",\"228\",\"230\",\"231\",\"232\",\"233\"],\"slideshowTitle\":\"The world of growing food is yours to explore!\"}}},\"72\":\"\"}}', '2015-01-20 02:29:57', '2015-01-20 02:29:57', '8b498e1a-eab6-47d3-874c-40f3ca23a88b');



DROP TABLE IF EXISTS `craft_fieldgroups`;


--
-- Schema for table `craft_fieldgroups`
--
CREATE TABLE `craft_fieldgroups` (
  `id` int(11) NOT NULL AUTO_INCREMENT,
  `name` varchar(255) COLLATE utf8_unicode_ci NOT NULL,
  `dateCreated` datetime NOT NULL,
  `dateUpdated` datetime NOT NULL,
  `uid` char(36) COLLATE utf8_unicode_ci NOT NULL DEFAULT '0',
  PRIMARY KEY (`id`),
  UNIQUE KEY `craft_fieldgroups_name_unq_idx` (`name`)
) ENGINE=InnoDB AUTO_INCREMENT=6 DEFAULT CHARSET=utf8 COLLATE=utf8_unicode_ci;

--
-- Data for table `craft_fieldgroups`
--

INSERT INTO `craft_fieldgroups` (`id`, `name`, `dateCreated`, `dateUpdated`, `uid`) VALUES ('1', 'Default', '2014-11-26 00:20:30', '2014-11-26 00:20:30', '4e1535fb-8ebf-44d8-b5ec-fa06fe0d9ba6');
INSERT INTO `craft_fieldgroups` (`id`, `name`, `dateCreated`, `dateUpdated`, `uid`) VALUES ('2', 'The Gardens', '2014-12-27 04:43:01', '2015-01-19 18:08:01', '410825d4-c240-4975-bc8d-4424ffd9194b');
INSERT INTO `craft_fieldgroups` (`id`, `name`, `dateCreated`, `dateUpdated`, `uid`) VALUES ('3', 'Programs and Events', '2014-12-31 17:16:18', '2015-01-19 18:07:28', '58ae4538-a118-4016-9720-03726f4f5921');
INSERT INTO `craft_fieldgroups` (`id`, `name`, `dateCreated`, `dateUpdated`, `uid`) VALUES ('4', 'Program Date', '2015-01-02 19:48:36', '2015-01-02 19:48:36', '913284b8-1847-4178-a916-87b9fb57ee02');
INSERT INTO `craft_fieldgroups` (`id`, `name`, `dateCreated`, `dateUpdated`, `uid`) VALUES ('5', 'Single Page', '2015-01-03 15:33:58', '2015-01-03 15:33:58', '6a69bca7-13aa-460b-8193-04201e862e89');



DROP TABLE IF EXISTS `craft_fieldlayoutfields`;


--
-- Schema for table `craft_fieldlayoutfields`
--
CREATE TABLE `craft_fieldlayoutfields` (
  `id` int(11) NOT NULL AUTO_INCREMENT,
  `layoutId` int(11) NOT NULL,
  `tabId` int(11) NOT NULL,
  `fieldId` int(11) NOT NULL,
  `required` tinyint(1) unsigned NOT NULL DEFAULT '0',
  `sortOrder` tinyint(4) DEFAULT NULL,
  `dateCreated` datetime NOT NULL,
  `dateUpdated` datetime NOT NULL,
  `uid` char(36) COLLATE utf8_unicode_ci NOT NULL DEFAULT '0',
  PRIMARY KEY (`id`),
  UNIQUE KEY `craft_fieldlayoutfields_layoutId_fieldId_unq_idx` (`layoutId`,`fieldId`),
  KEY `craft_fieldlayoutfields_sortOrder_idx` (`sortOrder`),
  KEY `craft_fieldlayoutfields_fieldId_fk` (`fieldId`),
  KEY `craft_fieldlayoutfields_tabId_fk` (`tabId`)
) ENGINE=InnoDB AUTO_INCREMENT=285 DEFAULT CHARSET=utf8 COLLATE=utf8_unicode_ci;

--
-- Data for table `craft_fieldlayoutfields`
--

INSERT INTO `craft_fieldlayoutfields` (`id`, `layoutId`, `tabId`, `fieldId`, `required`, `sortOrder`, `dateCreated`, `dateUpdated`, `uid`) VALUES ('1', '3', '1', '1', '1', '1', '2014-11-26 00:20:30', '2014-11-26 00:20:30', '384b09d8-d7fa-4c74-b8b4-74940a0ae18f');
INSERT INTO `craft_fieldlayoutfields` (`id`, `layoutId`, `tabId`, `fieldId`, `required`, `sortOrder`, `dateCreated`, `dateUpdated`, `uid`) VALUES ('2', '3', '1', '2', '1', '2', '2014-11-26 00:20:30', '2014-11-26 00:20:30', 'cb0e9d61-64c3-4f1f-833b-98ba2fced9a7');
INSERT INTO `craft_fieldlayoutfields` (`id`, `layoutId`, `tabId`, `fieldId`, `required`, `sortOrder`, `dateCreated`, `dateUpdated`, `uid`) VALUES ('3', '5', '2', '2', '1', '1', '2014-11-26 00:20:30', '2014-11-26 00:20:30', '249242dd-86c2-488b-bd10-4e3f9839f025');
INSERT INTO `craft_fieldlayoutfields` (`id`, `layoutId`, `tabId`, `fieldId`, `required`, `sortOrder`, `dateCreated`, `dateUpdated`, `uid`) VALUES ('4', '5', '2', '3', '0', '2', '2014-11-26 00:20:30', '2014-11-26 00:20:30', 'ca9100dd-2d32-49bd-abcb-c8857373471a');
INSERT INTO `craft_fieldlayoutfields` (`id`, `layoutId`, `tabId`, `fieldId`, `required`, `sortOrder`, `dateCreated`, `dateUpdated`, `uid`) VALUES ('5', '6', '10', '1', '0', '1', '2014-11-26 00:48:53', '2014-12-31 02:27:29', 'fe72418f-e2b1-439b-83e3-5083d8e6df9a');
INSERT INTO `craft_fieldlayoutfields` (`id`, `layoutId`, `tabId`, `fieldId`, `required`, `sortOrder`, `dateCreated`, `dateUpdated`, `uid`) VALUES ('6', '6', '10', '2', '0', '2', '2014-11-26 00:48:53', '2014-12-31 02:27:29', 'd8d032fa-4202-4b77-89b3-92bb826576b8');
INSERT INTO `craft_fieldlayoutfields` (`id`, `layoutId`, `tabId`, `fieldId`, `required`, `sortOrder`, `dateCreated`, `dateUpdated`, `uid`) VALUES ('7', '6', '10', '3', '0', '3', '2014-11-26 00:48:53', '2014-12-31 02:27:29', '46dac278-b706-4a51-a7a2-a82cedef949c');
INSERT INTO `craft_fieldlayoutfields` (`id`, `layoutId`, `tabId`, `fieldId`, `required`, `sortOrder`, `dateCreated`, `dateUpdated`, `uid`) VALUES ('26', '19', '16', '1', '0', '1', '2014-12-31 04:12:58', '2014-12-31 04:12:58', '2f4fad89-0323-491c-a467-45c5e481ff46');
INSERT INTO `craft_fieldlayoutfields` (`id`, `layoutId`, `tabId`, `fieldId`, `required`, `sortOrder`, `dateCreated`, `dateUpdated`, `uid`) VALUES ('27', '19', '16', '2', '0', '2', '2014-12-31 04:12:58', '2014-12-31 04:12:58', '9d93f7ea-982d-4816-be4b-783dffbc37c9');
INSERT INTO `craft_fieldlayoutfields` (`id`, `layoutId`, `tabId`, `fieldId`, `required`, `sortOrder`, `dateCreated`, `dateUpdated`, `uid`) VALUES ('38', '26', '25', '14', '0', '2', '2014-12-31 17:51:06', '2014-12-31 17:51:06', '8cd897ee-9871-4f8d-9583-574f1eb330a0');
INSERT INTO `craft_fieldlayoutfields` (`id`, `layoutId`, `tabId`, `fieldId`, `required`, `sortOrder`, `dateCreated`, `dateUpdated`, `uid`) VALUES ('39', '26', '25', '15', '0', '3', '2014-12-31 17:51:06', '2014-12-31 17:51:06', '27ba559b-9a29-4134-a387-3751b27b0331');
INSERT INTO `craft_fieldlayoutfields` (`id`, `layoutId`, `tabId`, `fieldId`, `required`, `sortOrder`, `dateCreated`, `dateUpdated`, `uid`) VALUES ('40', '26', '25', '20', '0', '4', '2014-12-31 17:51:06', '2014-12-31 17:51:06', '146bc776-a499-42fe-a62c-19d84ccbb05d');
INSERT INTO `craft_fieldlayoutfields` (`id`, `layoutId`, `tabId`, `fieldId`, `required`, `sortOrder`, `dateCreated`, `dateUpdated`, `uid`) VALUES ('41', '26', '26', '16', '0', '1', '2014-12-31 17:51:06', '2014-12-31 17:51:06', 'b4d222da-c473-4738-ae77-4d5d99dee644');
INSERT INTO `craft_fieldlayoutfields` (`id`, `layoutId`, `tabId`, `fieldId`, `required`, `sortOrder`, `dateCreated`, `dateUpdated`, `uid`) VALUES ('42', '26', '27', '21', '0', '1', '2014-12-31 17:51:06', '2014-12-31 17:51:06', '48f8bfc3-6dd1-4fac-8d01-5271a63a0c96');
INSERT INTO `craft_fieldlayoutfields` (`id`, `layoutId`, `tabId`, `fieldId`, `required`, `sortOrder`, `dateCreated`, `dateUpdated`, `uid`) VALUES ('56', '36', '40', '20', '0', '1', '2014-12-31 18:14:28', '2014-12-31 18:14:28', 'cca8460b-9419-4aaa-8ec7-4f2d935ecb76');
INSERT INTO `craft_fieldlayoutfields` (`id`, `layoutId`, `tabId`, `fieldId`, `required`, `sortOrder`, `dateCreated`, `dateUpdated`, `uid`) VALUES ('84', '55', '61', '30', '0', '1', '2015-01-02 20:20:53', '2015-01-02 20:20:53', '07944b57-7e5a-4707-9f94-669665538a15');
INSERT INTO `craft_fieldlayoutfields` (`id`, `layoutId`, `tabId`, `fieldId`, `required`, `sortOrder`, `dateCreated`, `dateUpdated`, `uid`) VALUES ('85', '55', '61', '29', '0', '2', '2015-01-02 20:20:53', '2015-01-02 20:20:53', '759e8cb2-2bb4-4386-a08d-50630dda00f7');
INSERT INTO `craft_fieldlayoutfields` (`id`, `layoutId`, `tabId`, `fieldId`, `required`, `sortOrder`, `dateCreated`, `dateUpdated`, `uid`) VALUES ('90', '58', '63', '31', '0', '1', '2015-01-03 02:55:25', '2015-01-03 02:55:25', '60b2e7c8-34e5-426a-b792-0cb72148e4b3');
INSERT INTO `craft_fieldlayoutfields` (`id`, `layoutId`, `tabId`, `fieldId`, `required`, `sortOrder`, `dateCreated`, `dateUpdated`, `uid`) VALUES ('91', '59', '64', '32', '0', '1', '2015-01-03 03:01:00', '2015-01-03 03:01:00', 'e60428f3-ffcb-457f-bf49-786b65f3e4ea');
INSERT INTO `craft_fieldlayoutfields` (`id`, `layoutId`, `tabId`, `fieldId`, `required`, `sortOrder`, `dateCreated`, `dateUpdated`, `uid`) VALUES ('92', '59', '64', '33', '0', '2', '2015-01-03 03:01:00', '2015-01-03 03:01:00', '92f8ba8e-3a7a-442e-aa57-9f818b5a4578');
INSERT INTO `craft_fieldlayoutfields` (`id`, `layoutId`, `tabId`, `fieldId`, `required`, `sortOrder`, `dateCreated`, `dateUpdated`, `uid`) VALUES ('93', '59', '64', '34', '0', '3', '2015-01-03 03:01:00', '2015-01-03 03:01:00', '6382e1b1-371c-4c8d-b67f-ab8fcadff6a3');
INSERT INTO `craft_fieldlayoutfields` (`id`, `layoutId`, `tabId`, `fieldId`, `required`, `sortOrder`, `dateCreated`, `dateUpdated`, `uid`) VALUES ('94', '59', '64', '35', '0', '4', '2015-01-03 03:01:00', '2015-01-03 03:01:00', '5fbd49f6-3edd-43e5-980d-1a4c0712bcf4');
INSERT INTO `craft_fieldlayoutfields` (`id`, `layoutId`, `tabId`, `fieldId`, `required`, `sortOrder`, `dateCreated`, `dateUpdated`, `uid`) VALUES ('98', '63', '67', '37', '0', '1', '2015-01-03 06:24:03', '2015-01-03 06:24:03', 'a4b27557-bb82-42b0-b859-69316d4e4ddf');
INSERT INTO `craft_fieldlayoutfields` (`id`, `layoutId`, `tabId`, `fieldId`, `required`, `sortOrder`, `dateCreated`, `dateUpdated`, `uid`) VALUES ('99', '64', '68', '36', '0', '1', '2015-01-03 06:25:58', '2015-01-03 06:25:58', '72c8f708-ff80-4908-a881-8bb854fa1d35');
INSERT INTO `craft_fieldlayoutfields` (`id`, `layoutId`, `tabId`, `fieldId`, `required`, `sortOrder`, `dateCreated`, `dateUpdated`, `uid`) VALUES ('181', '96', '110', '22', '0', '1', '2015-01-10 18:23:34', '2015-01-10 18:23:34', '6e9b4878-ef82-4599-a321-f307047fbdef');
INSERT INTO `craft_fieldlayoutfields` (`id`, `layoutId`, `tabId`, `fieldId`, `required`, `sortOrder`, `dateCreated`, `dateUpdated`, `uid`) VALUES ('182', '96', '110', '55', '0', '2', '2015-01-10 18:23:34', '2015-01-10 18:23:34', '786c29d6-1e98-43d4-ad28-51be36982809');
INSERT INTO `craft_fieldlayoutfields` (`id`, `layoutId`, `tabId`, `fieldId`, `required`, `sortOrder`, `dateCreated`, `dateUpdated`, `uid`) VALUES ('183', '96', '110', '56', '0', '3', '2015-01-10 18:23:34', '2015-01-10 18:23:34', '8956e0c8-b5d3-4ad2-b55b-18c6fee2577a');
INSERT INTO `craft_fieldlayoutfields` (`id`, `layoutId`, `tabId`, `fieldId`, `required`, `sortOrder`, `dateCreated`, `dateUpdated`, `uid`) VALUES ('184', '97', '111', '58', '0', '1', '2015-01-11 16:45:33', '2015-01-11 16:45:33', '6fe88ea7-a7ad-4a22-aa22-524cd8d4bb7c');
INSERT INTO `craft_fieldlayoutfields` (`id`, `layoutId`, `tabId`, `fieldId`, `required`, `sortOrder`, `dateCreated`, `dateUpdated`, `uid`) VALUES ('186', '99', '113', '38', '0', '1', '2015-01-11 16:48:09', '2015-01-11 16:48:09', '0706f491-1697-4ad3-a885-0f6e90c47686');
INSERT INTO `craft_fieldlayoutfields` (`id`, `layoutId`, `tabId`, `fieldId`, `required`, `sortOrder`, `dateCreated`, `dateUpdated`, `uid`) VALUES ('187', '99', '114', '59', '0', '1', '2015-01-11 16:48:09', '2015-01-11 16:48:09', '3d13ad84-63bc-441e-8be8-837cae53e40a');
INSERT INTO `craft_fieldlayoutfields` (`id`, `layoutId`, `tabId`, `fieldId`, `required`, `sortOrder`, `dateCreated`, `dateUpdated`, `uid`) VALUES ('198', '104', '121', '61', '0', '1', '2015-01-11 21:35:18', '2015-01-11 21:35:18', 'df974c3f-c8ab-4b5f-90f9-cc506d97f321');
INSERT INTO `craft_fieldlayoutfields` (`id`, `layoutId`, `tabId`, `fieldId`, `required`, `sortOrder`, `dateCreated`, `dateUpdated`, `uid`) VALUES ('199', '105', '122', '17', '0', '1', '2015-01-12 00:46:03', '2015-01-12 00:46:03', '2d46c8a5-a1c3-43f0-8fb3-4b78ac5f9f9a');
INSERT INTO `craft_fieldlayoutfields` (`id`, `layoutId`, `tabId`, `fieldId`, `required`, `sortOrder`, `dateCreated`, `dateUpdated`, `uid`) VALUES ('200', '106', '123', '18', '0', '1', '2015-01-12 00:46:03', '2015-01-12 00:46:03', '5cc3e381-3735-4ec3-b895-6922c1c4b9ec');
INSERT INTO `craft_fieldlayoutfields` (`id`, `layoutId`, `tabId`, `fieldId`, `required`, `sortOrder`, `dateCreated`, `dateUpdated`, `uid`) VALUES ('201', '106', '123', '25', '0', '2', '2015-01-12 00:46:03', '2015-01-12 00:46:03', '65560d20-6acf-465b-9430-69719adf9c3b');
INSERT INTO `craft_fieldlayoutfields` (`id`, `layoutId`, `tabId`, `fieldId`, `required`, `sortOrder`, `dateCreated`, `dateUpdated`, `uid`) VALUES ('202', '107', '124', '19', '0', '1', '2015-01-12 00:46:03', '2015-01-12 00:46:03', '5d047fcc-ff51-4d63-b8d8-04520cae9ef2');
INSERT INTO `craft_fieldlayoutfields` (`id`, `layoutId`, `tabId`, `fieldId`, `required`, `sortOrder`, `dateCreated`, `dateUpdated`, `uid`) VALUES ('203', '107', '124', '26', '0', '2', '2015-01-12 00:46:03', '2015-01-12 00:46:03', 'a8ecffdb-bcd7-44a5-8a61-be74c93e3a21');
INSERT INTO `craft_fieldlayoutfields` (`id`, `layoutId`, `tabId`, `fieldId`, `required`, `sortOrder`, `dateCreated`, `dateUpdated`, `uid`) VALUES ('204', '107', '124', '27', '0', '3', '2015-01-12 00:46:03', '2015-01-12 00:46:03', 'bd7c05b6-2997-4714-a6cf-e8412cb4ab76');
INSERT INTO `craft_fieldlayoutfields` (`id`, `layoutId`, `tabId`, `fieldId`, `required`, `sortOrder`, `dateCreated`, `dateUpdated`, `uid`) VALUES ('205', '108', '125', '62', '0', '1', '2015-01-12 00:46:03', '2015-01-12 00:46:03', '49be094c-c326-4770-b98d-96efd1db2fe7');
INSERT INTO `craft_fieldlayoutfields` (`id`, `layoutId`, `tabId`, `fieldId`, `required`, `sortOrder`, `dateCreated`, `dateUpdated`, `uid`) VALUES ('206', '108', '125', '63', '0', '2', '2015-01-12 00:46:03', '2015-01-12 00:46:03', '9be13f04-32b6-4d9b-b142-b0182a09e96e');
INSERT INTO `craft_fieldlayoutfields` (`id`, `layoutId`, `tabId`, `fieldId`, `required`, `sortOrder`, `dateCreated`, `dateUpdated`, `uid`) VALUES ('207', '108', '125', '64', '0', '3', '2015-01-12 00:46:03', '2015-01-12 00:46:03', 'ede25a74-efdb-40cd-bf34-0972052a1378');
INSERT INTO `craft_fieldlayoutfields` (`id`, `layoutId`, `tabId`, `fieldId`, `required`, `sortOrder`, `dateCreated`, `dateUpdated`, `uid`) VALUES ('216', '115', '132', '60', '0', '1', '2015-01-13 02:25:24', '2015-01-13 02:25:24', 'dd1568df-ad84-4311-8680-cd7ba078716d');
INSERT INTO `craft_fieldlayoutfields` (`id`, `layoutId`, `tabId`, `fieldId`, `required`, `sortOrder`, `dateCreated`, `dateUpdated`, `uid`) VALUES ('217', '116', '133', '66', '0', '1', '2015-01-13 02:25:24', '2015-01-13 02:25:24', 'd81f6eb9-9841-47c6-a1be-987ce98207dd');
INSERT INTO `craft_fieldlayoutfields` (`id`, `layoutId`, `tabId`, `fieldId`, `required`, `sortOrder`, `dateCreated`, `dateUpdated`, `uid`) VALUES ('218', '116', '133', '65', '0', '2', '2015-01-13 02:25:24', '2015-01-13 02:25:24', '1d9ab511-1457-4f09-bdda-1e3992532037');
INSERT INTO `craft_fieldlayoutfields` (`id`, `layoutId`, `tabId`, `fieldId`, `required`, `sortOrder`, `dateCreated`, `dateUpdated`, `uid`) VALUES ('243', '127', '144', '39', '0', '1', '2015-01-13 04:22:10', '2015-01-13 04:22:10', 'dab24078-e067-49a7-98a2-c24307cdc9c5');
INSERT INTO `craft_fieldlayoutfields` (`id`, `layoutId`, `tabId`, `fieldId`, `required`, `sortOrder`, `dateCreated`, `dateUpdated`, `uid`) VALUES ('244', '128', '145', '40', '0', '1', '2015-01-13 04:22:11', '2015-01-13 04:22:11', '39330e16-8746-4fc9-92a4-765a1f006e9e');
INSERT INTO `craft_fieldlayoutfields` (`id`, `layoutId`, `tabId`, `fieldId`, `required`, `sortOrder`, `dateCreated`, `dateUpdated`, `uid`) VALUES ('245', '128', '145', '41', '0', '2', '2015-01-13 04:22:11', '2015-01-13 04:22:11', 'd32f97a4-86ec-4463-b06a-eb0d8c79e316');
INSERT INTO `craft_fieldlayoutfields` (`id`, `layoutId`, `tabId`, `fieldId`, `required`, `sortOrder`, `dateCreated`, `dateUpdated`, `uid`) VALUES ('246', '128', '145', '42', '0', '3', '2015-01-13 04:22:11', '2015-01-13 04:22:11', 'c57d7b6d-8256-4216-821d-fc1340d99645');
INSERT INTO `craft_fieldlayoutfields` (`id`, `layoutId`, `tabId`, `fieldId`, `required`, `sortOrder`, `dateCreated`, `dateUpdated`, `uid`) VALUES ('247', '129', '146', '43', '0', '1', '2015-01-13 04:22:11', '2015-01-13 04:22:11', '0c5015b7-4265-4f22-b28b-6dc11f276293');
INSERT INTO `craft_fieldlayoutfields` (`id`, `layoutId`, `tabId`, `fieldId`, `required`, `sortOrder`, `dateCreated`, `dateUpdated`, `uid`) VALUES ('248', '129', '146', '44', '0', '2', '2015-01-13 04:22:11', '2015-01-13 04:22:11', '2eceb6fd-73fb-403d-ad61-37134c1d5baf');
INSERT INTO `craft_fieldlayoutfields` (`id`, `layoutId`, `tabId`, `fieldId`, `required`, `sortOrder`, `dateCreated`, `dateUpdated`, `uid`) VALUES ('249', '129', '146', '45', '0', '3', '2015-01-13 04:22:11', '2015-01-13 04:22:11', '72b9a624-842a-491c-9301-ff72d8866c4e');
INSERT INTO `craft_fieldlayoutfields` (`id`, `layoutId`, `tabId`, `fieldId`, `required`, `sortOrder`, `dateCreated`, `dateUpdated`, `uid`) VALUES ('250', '130', '147', '46', '0', '1', '2015-01-13 04:22:11', '2015-01-13 04:22:11', 'af4bb624-59fc-4c67-8c21-3fd486f7084a');
INSERT INTO `craft_fieldlayoutfields` (`id`, `layoutId`, `tabId`, `fieldId`, `required`, `sortOrder`, `dateCreated`, `dateUpdated`, `uid`) VALUES ('251', '130', '147', '47', '0', '2', '2015-01-13 04:22:11', '2015-01-13 04:22:11', '81243917-e62f-4b21-8d3b-9421d5bf335c');
INSERT INTO `craft_fieldlayoutfields` (`id`, `layoutId`, `tabId`, `fieldId`, `required`, `sortOrder`, `dateCreated`, `dateUpdated`, `uid`) VALUES ('252', '130', '147', '48', '0', '3', '2015-01-13 04:22:11', '2015-01-13 04:22:11', '90d981d3-557e-4956-b8d9-bc068b0211e1');
INSERT INTO `craft_fieldlayoutfields` (`id`, `layoutId`, `tabId`, `fieldId`, `required`, `sortOrder`, `dateCreated`, `dateUpdated`, `uid`) VALUES ('253', '131', '148', '50', '0', '1', '2015-01-13 04:22:11', '2015-01-13 04:22:11', '94b1bc67-6371-469e-86c9-5e254d2365a2');
INSERT INTO `craft_fieldlayoutfields` (`id`, `layoutId`, `tabId`, `fieldId`, `required`, `sortOrder`, `dateCreated`, `dateUpdated`, `uid`) VALUES ('254', '131', '148', '49', '0', '2', '2015-01-13 04:22:11', '2015-01-13 04:22:11', '2d0d3b9c-6aad-404d-b057-9b105e6e1278');
INSERT INTO `craft_fieldlayoutfields` (`id`, `layoutId`, `tabId`, `fieldId`, `required`, `sortOrder`, `dateCreated`, `dateUpdated`, `uid`) VALUES ('261', '136', '153', '67', '0', '1', '2015-01-19 01:49:38', '2015-01-19 01:49:38', 'f3fc98aa-add7-4037-ade0-124edc4e130d');
INSERT INTO `craft_fieldlayoutfields` (`id`, `layoutId`, `tabId`, `fieldId`, `required`, `sortOrder`, `dateCreated`, `dateUpdated`, `uid`) VALUES ('262', '136', '154', '72', '0', '1', '2015-01-19 01:49:38', '2015-01-19 01:49:38', 'b3a85c63-e5af-415a-9337-bb3f56d37157');
INSERT INTO `craft_fieldlayoutfields` (`id`, `layoutId`, `tabId`, `fieldId`, `required`, `sortOrder`, `dateCreated`, `dateUpdated`, `uid`) VALUES ('268', '141', '159', '68', '0', '1', '2015-01-19 01:55:17', '2015-01-19 01:55:17', '7d9a5689-3a68-4720-af53-04637eb9dae3');
INSERT INTO `craft_fieldlayoutfields` (`id`, `layoutId`, `tabId`, `fieldId`, `required`, `sortOrder`, `dateCreated`, `dateUpdated`, `uid`) VALUES ('269', '142', '160', '69', '0', '1', '2015-01-19 01:55:17', '2015-01-19 01:55:17', 'a36217e0-1fd2-4ff2-82a7-5fcb8ce2718c');
INSERT INTO `craft_fieldlayoutfields` (`id`, `layoutId`, `tabId`, `fieldId`, `required`, `sortOrder`, `dateCreated`, `dateUpdated`, `uid`) VALUES ('270', '143', '161', '70', '0', '1', '2015-01-19 01:55:17', '2015-01-19 01:55:17', 'db20a707-6548-483c-9ffe-ebeae31bf7b0');
INSERT INTO `craft_fieldlayoutfields` (`id`, `layoutId`, `tabId`, `fieldId`, `required`, `sortOrder`, `dateCreated`, `dateUpdated`, `uid`) VALUES ('271', '143', '161', '71', '0', '2', '2015-01-19 01:55:17', '2015-01-19 01:55:17', 'fa2eb1dc-b01b-48eb-9217-caf72a07c893');
INSERT INTO `craft_fieldlayoutfields` (`id`, `layoutId`, `tabId`, `fieldId`, `required`, `sortOrder`, `dateCreated`, `dateUpdated`, `uid`) VALUES ('272', '144', '162', '75', '0', '1', '2015-01-19 01:55:17', '2015-01-19 01:55:17', 'fab52c89-0e07-443f-a170-96bf12e68d90');
INSERT INTO `craft_fieldlayoutfields` (`id`, `layoutId`, `tabId`, `fieldId`, `required`, `sortOrder`, `dateCreated`, `dateUpdated`, `uid`) VALUES ('273', '145', '163', '73', '0', '1', '2015-01-19 02:32:29', '2015-01-19 02:32:29', '6dd8fb62-754c-4e12-8174-4f2c470f4efd');
INSERT INTO `craft_fieldlayoutfields` (`id`, `layoutId`, `tabId`, `fieldId`, `required`, `sortOrder`, `dateCreated`, `dateUpdated`, `uid`) VALUES ('274', '145', '163', '74', '0', '2', '2015-01-19 02:32:29', '2015-01-19 02:32:29', '9ba6ff19-e2a6-4993-b125-7b76d35a7343');
INSERT INTO `craft_fieldlayoutfields` (`id`, `layoutId`, `tabId`, `fieldId`, `required`, `sortOrder`, `dateCreated`, `dateUpdated`, `uid`) VALUES ('275', '146', '164', '76', '0', '1', '2015-01-19 02:32:29', '2015-01-19 02:32:29', '6746325b-ee2f-4e53-aace-b2fd9af4854f');
INSERT INTO `craft_fieldlayoutfields` (`id`, `layoutId`, `tabId`, `fieldId`, `required`, `sortOrder`, `dateCreated`, `dateUpdated`, `uid`) VALUES ('276', '147', '165', '54', '0', '1', '2015-01-19 17:43:39', '2015-01-19 17:43:39', 'e640a72d-b7d7-4b5e-9379-e1a6ac3c1038');
INSERT INTO `craft_fieldlayoutfields` (`id`, `layoutId`, `tabId`, `fieldId`, `required`, `sortOrder`, `dateCreated`, `dateUpdated`, `uid`) VALUES ('277', '147', '165', '14', '0', '2', '2015-01-19 17:43:39', '2015-01-19 17:43:39', '20f3a998-d31f-422e-a563-285d67356414');
INSERT INTO `craft_fieldlayoutfields` (`id`, `layoutId`, `tabId`, `fieldId`, `required`, `sortOrder`, `dateCreated`, `dateUpdated`, `uid`) VALUES ('278', '147', '165', '51', '0', '3', '2015-01-19 17:43:39', '2015-01-19 17:43:39', 'c5090edd-a7e3-4e7c-84ef-81ae31772d9d');
INSERT INTO `craft_fieldlayoutfields` (`id`, `layoutId`, `tabId`, `fieldId`, `required`, `sortOrder`, `dateCreated`, `dateUpdated`, `uid`) VALUES ('279', '147', '166', '16', '0', '1', '2015-01-19 17:43:39', '2015-01-19 17:43:39', 'b2cdd5ee-9149-46f6-8d1d-224effcbde79');
INSERT INTO `craft_fieldlayoutfields` (`id`, `layoutId`, `tabId`, `fieldId`, `required`, `sortOrder`, `dateCreated`, `dateUpdated`, `uid`) VALUES ('280', '147', '167', '57', '0', '1', '2015-01-19 17:43:39', '2015-01-19 17:43:39', '38bf63bb-adea-4ca1-a6bc-7fc3aecf3318');
INSERT INTO `craft_fieldlayoutfields` (`id`, `layoutId`, `tabId`, `fieldId`, `required`, `sortOrder`, `dateCreated`, `dateUpdated`, `uid`) VALUES ('281', '147', '168', '21', '0', '1', '2015-01-19 17:43:39', '2015-01-19 17:43:39', 'ac669a49-69bb-40c2-b924-6e925d5e9211');
INSERT INTO `craft_fieldlayoutfields` (`id`, `layoutId`, `tabId`, `fieldId`, `required`, `sortOrder`, `dateCreated`, `dateUpdated`, `uid`) VALUES ('282', '147', '169', '52', '0', '1', '2015-01-19 17:43:39', '2015-01-19 17:43:39', '9a04848e-8bca-4336-b5bd-35d490242d2e');
INSERT INTO `craft_fieldlayoutfields` (`id`, `layoutId`, `tabId`, `fieldId`, `required`, `sortOrder`, `dateCreated`, `dateUpdated`, `uid`) VALUES ('283', '147', '169', '53', '0', '2', '2015-01-19 17:43:39', '2015-01-19 17:43:39', '8f13c442-a2d3-4d56-bf7d-6237ef68568a');
INSERT INTO `craft_fieldlayoutfields` (`id`, `layoutId`, `tabId`, `fieldId`, `required`, `sortOrder`, `dateCreated`, `dateUpdated`, `uid`) VALUES ('284', '147', '169', '20', '0', '3', '2015-01-19 17:43:39', '2015-01-19 17:43:39', 'dd9abf7d-a453-4d96-80ca-bdf9a584b0aa');



DROP TABLE IF EXISTS `craft_fieldlayouts`;


--
-- Schema for table `craft_fieldlayouts`
--
CREATE TABLE `craft_fieldlayouts` (
  `id` int(11) NOT NULL AUTO_INCREMENT,
  `type` varchar(150) COLLATE utf8_unicode_ci NOT NULL,
  `dateCreated` datetime NOT NULL,
  `dateUpdated` datetime NOT NULL,
  `uid` char(36) COLLATE utf8_unicode_ci NOT NULL DEFAULT '0',
  PRIMARY KEY (`id`),
  KEY `craft_fieldlayouts_type_idx` (`type`)
) ENGINE=InnoDB AUTO_INCREMENT=148 DEFAULT CHARSET=utf8 COLLATE=utf8_unicode_ci;

--
-- Data for table `craft_fieldlayouts`
--

INSERT INTO `craft_fieldlayouts` (`id`, `type`, `dateCreated`, `dateUpdated`, `uid`) VALUES ('1', 'Tag', '2014-11-26 00:20:30', '2014-11-26 00:20:30', '33cd27b9-798a-4ae9-b603-300c75fde6af');
INSERT INTO `craft_fieldlayouts` (`id`, `type`, `dateCreated`, `dateUpdated`, `uid`) VALUES ('3', 'Entry', '2014-11-26 00:20:30', '2014-11-26 00:20:30', 'a6b3cb1d-559d-4672-8d2e-aa46c814544d');
INSERT INTO `craft_fieldlayouts` (`id`, `type`, `dateCreated`, `dateUpdated`, `uid`) VALUES ('5', 'Entry', '2014-11-26 00:20:30', '2014-11-26 00:20:30', 'fc2ec6aa-b80f-4adf-a160-1011f5e2ae98');
INSERT INTO `craft_fieldlayouts` (`id`, `type`, `dateCreated`, `dateUpdated`, `uid`) VALUES ('6', 'GlobalSet', '2014-11-26 00:48:53', '2014-11-26 00:48:53', '20ff48bc-0c9e-4430-94af-50d76c4e7d98');
INSERT INTO `craft_fieldlayouts` (`id`, `type`, `dateCreated`, `dateUpdated`, `uid`) VALUES ('7', 'Asset', '2014-11-26 00:54:29', '2014-11-26 00:54:29', 'a480a7cc-31a8-468f-8d24-51cdb603fdf8');
INSERT INTO `craft_fieldlayouts` (`id`, `type`, `dateCreated`, `dateUpdated`, `uid`) VALUES ('8', 'Asset', '2014-11-26 01:01:10', '2014-11-26 01:01:10', 'f5e80ce4-1a5d-429d-824c-90aff218de96');
INSERT INTO `craft_fieldlayouts` (`id`, `type`, `dateCreated`, `dateUpdated`, `uid`) VALUES ('13', 'Asset', '2014-12-27 04:46:44', '2014-12-27 04:46:44', '7eabb545-8650-48cf-bbb1-3110b11a3013');
INSERT INTO `craft_fieldlayouts` (`id`, `type`, `dateCreated`, `dateUpdated`, `uid`) VALUES ('19', 'Entry', '2014-12-31 04:12:58', '2014-12-31 04:12:58', 'dd079025-23cf-456b-a5f4-90ed7438eb63');
INSERT INTO `craft_fieldlayouts` (`id`, `type`, `dateCreated`, `dateUpdated`, `uid`) VALUES ('26', 'Entry', '2014-12-31 17:51:06', '2014-12-31 17:51:06', '5e0eece2-f2a6-409f-865d-3fcacdec02ce');
INSERT INTO `craft_fieldlayouts` (`id`, `type`, `dateCreated`, `dateUpdated`, `uid`) VALUES ('31', 'Asset', '2014-12-31 18:10:14', '2014-12-31 18:10:14', '7279eb54-940b-42f7-b550-a2cc794e586f');
INSERT INTO `craft_fieldlayouts` (`id`, `type`, `dateCreated`, `dateUpdated`, `uid`) VALUES ('36', 'Category', '2014-12-31 18:14:28', '2014-12-31 18:14:28', '9c98114a-1447-4ee1-84cc-49bd5cce6aba');
INSERT INTO `craft_fieldlayouts` (`id`, `type`, `dateCreated`, `dateUpdated`, `uid`) VALUES ('55', 'Entry', '2015-01-02 20:20:53', '2015-01-02 20:20:53', '69880f90-1e7b-40f8-883b-cc8a2c518cae');
INSERT INTO `craft_fieldlayouts` (`id`, `type`, `dateCreated`, `dateUpdated`, `uid`) VALUES ('58', 'Entry', '2015-01-03 02:55:25', '2015-01-03 02:55:25', '600dae65-bb24-4453-b9a9-3b321cf2c71f');
INSERT INTO `craft_fieldlayouts` (`id`, `type`, `dateCreated`, `dateUpdated`, `uid`) VALUES ('59', 'MatrixBlock', '2015-01-03 03:01:00', '2015-01-03 03:01:00', '17c5f4e4-8078-4633-a43a-7969130570b0');
INSERT INTO `craft_fieldlayouts` (`id`, `type`, `dateCreated`, `dateUpdated`, `uid`) VALUES ('63', 'Entry', '2015-01-03 06:24:03', '2015-01-03 06:24:03', 'f34741ca-c9e9-4ddb-af7a-01153de09f67');
INSERT INTO `craft_fieldlayouts` (`id`, `type`, `dateCreated`, `dateUpdated`, `uid`) VALUES ('64', 'Entry', '2015-01-03 06:25:58', '2015-01-03 06:25:58', 'd96b1314-6400-4db8-8b3f-ab6721d41605');
INSERT INTO `craft_fieldlayouts` (`id`, `type`, `dateCreated`, `dateUpdated`, `uid`) VALUES ('96', 'MatrixBlock', '2015-01-10 18:23:34', '2015-01-10 18:23:34', '2dc1d38f-33d0-42e6-87d7-17c687fc42a5');
INSERT INTO `craft_fieldlayouts` (`id`, `type`, `dateCreated`, `dateUpdated`, `uid`) VALUES ('97', 'MatrixBlock', '2015-01-11 16:45:33', '2015-01-11 16:45:33', '553b4a89-7a98-4036-b084-032af4cacc7b');
INSERT INTO `craft_fieldlayouts` (`id`, `type`, `dateCreated`, `dateUpdated`, `uid`) VALUES ('99', 'Entry', '2015-01-11 16:48:09', '2015-01-11 16:48:09', '6e3c2faa-7217-4a37-a2fd-49472223aea2');
INSERT INTO `craft_fieldlayouts` (`id`, `type`, `dateCreated`, `dateUpdated`, `uid`) VALUES ('103', 'Asset', '2015-01-11 21:34:07', '2015-01-11 21:34:07', '54de132c-0a3d-414b-92c4-7153c7d8a2c9');
INSERT INTO `craft_fieldlayouts` (`id`, `type`, `dateCreated`, `dateUpdated`, `uid`) VALUES ('104', 'Entry', '2015-01-11 21:35:18', '2015-01-11 21:35:18', 'cdcc02b9-b425-4cb1-bc8b-dd031473401f');
INSERT INTO `craft_fieldlayouts` (`id`, `type`, `dateCreated`, `dateUpdated`, `uid`) VALUES ('105', 'MatrixBlock', '2015-01-12 00:46:03', '2015-01-12 00:46:03', '2a2d2bad-9c4d-49ed-92f5-8fad7152833b');
INSERT INTO `craft_fieldlayouts` (`id`, `type`, `dateCreated`, `dateUpdated`, `uid`) VALUES ('106', 'MatrixBlock', '2015-01-12 00:46:03', '2015-01-12 00:46:03', 'd85972ee-d55c-4932-b049-f41f65bbba15');
INSERT INTO `craft_fieldlayouts` (`id`, `type`, `dateCreated`, `dateUpdated`, `uid`) VALUES ('107', 'MatrixBlock', '2015-01-12 00:46:03', '2015-01-12 00:46:03', 'e1e1c6a2-7173-465d-9c45-f1722eac6928');
INSERT INTO `craft_fieldlayouts` (`id`, `type`, `dateCreated`, `dateUpdated`, `uid`) VALUES ('108', 'MatrixBlock', '2015-01-12 00:46:03', '2015-01-12 00:46:03', 'e70e6cea-b16c-47d0-b643-078507f44616');
INSERT INTO `craft_fieldlayouts` (`id`, `type`, `dateCreated`, `dateUpdated`, `uid`) VALUES ('115', 'MatrixBlock', '2015-01-13 02:25:24', '2015-01-13 02:25:24', '34556a83-3113-4833-8c92-cf6316e6f54a');
INSERT INTO `craft_fieldlayouts` (`id`, `type`, `dateCreated`, `dateUpdated`, `uid`) VALUES ('116', 'MatrixBlock', '2015-01-13 02:25:24', '2015-01-13 02:25:24', '460b7334-c918-4e1f-8f20-78e32c6f5aae');
INSERT INTO `craft_fieldlayouts` (`id`, `type`, `dateCreated`, `dateUpdated`, `uid`) VALUES ('127', 'MatrixBlock', '2015-01-13 04:22:10', '2015-01-13 04:22:10', '60c965e6-11a3-49c2-bb25-6125525e2483');
INSERT INTO `craft_fieldlayouts` (`id`, `type`, `dateCreated`, `dateUpdated`, `uid`) VALUES ('128', 'MatrixBlock', '2015-01-13 04:22:11', '2015-01-13 04:22:11', '99e3692c-1c04-4249-94ab-260761177ef8');
INSERT INTO `craft_fieldlayouts` (`id`, `type`, `dateCreated`, `dateUpdated`, `uid`) VALUES ('129', 'MatrixBlock', '2015-01-13 04:22:11', '2015-01-13 04:22:11', 'ea928c3d-90ab-46e8-98d9-5887fca0eeac');
INSERT INTO `craft_fieldlayouts` (`id`, `type`, `dateCreated`, `dateUpdated`, `uid`) VALUES ('130', 'MatrixBlock', '2015-01-13 04:22:11', '2015-01-13 04:22:11', '57e4d4cf-e027-4c8b-8395-12a202da26ee');
INSERT INTO `craft_fieldlayouts` (`id`, `type`, `dateCreated`, `dateUpdated`, `uid`) VALUES ('131', 'MatrixBlock', '2015-01-13 04:22:11', '2015-01-13 04:22:11', 'c8ce3dcf-00a3-49a4-b3a2-31902f84b950');
INSERT INTO `craft_fieldlayouts` (`id`, `type`, `dateCreated`, `dateUpdated`, `uid`) VALUES ('136', 'Entry', '2015-01-19 01:49:38', '2015-01-19 01:49:38', 'd3648852-79da-4251-bf06-4329eb8f4f99');
INSERT INTO `craft_fieldlayouts` (`id`, `type`, `dateCreated`, `dateUpdated`, `uid`) VALUES ('141', 'MatrixBlock', '2015-01-19 01:55:17', '2015-01-19 01:55:17', 'c3ba1c72-b7d0-4816-adc4-fdeed4f17a0b');
INSERT INTO `craft_fieldlayouts` (`id`, `type`, `dateCreated`, `dateUpdated`, `uid`) VALUES ('142', 'MatrixBlock', '2015-01-19 01:55:17', '2015-01-19 01:55:17', 'b938390d-0ed4-4583-bf72-36088b1d4470');
INSERT INTO `craft_fieldlayouts` (`id`, `type`, `dateCreated`, `dateUpdated`, `uid`) VALUES ('143', 'MatrixBlock', '2015-01-19 01:55:17', '2015-01-19 01:55:17', '98a361dd-1f3c-4c44-b270-c1a332617167');
INSERT INTO `craft_fieldlayouts` (`id`, `type`, `dateCreated`, `dateUpdated`, `uid`) VALUES ('144', 'MatrixBlock', '2015-01-19 01:55:17', '2015-01-19 01:55:17', 'f2bf616c-6187-481a-9725-5606d9cd82c7');
INSERT INTO `craft_fieldlayouts` (`id`, `type`, `dateCreated`, `dateUpdated`, `uid`) VALUES ('145', 'MatrixBlock', '2015-01-19 02:32:29', '2015-01-19 02:32:29', '51671b7c-24ad-44e1-a17f-f04ee8a06ca1');
INSERT INTO `craft_fieldlayouts` (`id`, `type`, `dateCreated`, `dateUpdated`, `uid`) VALUES ('146', 'MatrixBlock', '2015-01-19 02:32:29', '2015-01-19 02:32:29', '071841b4-79fe-460f-ab76-622669486d41');
INSERT INTO `craft_fieldlayouts` (`id`, `type`, `dateCreated`, `dateUpdated`, `uid`) VALUES ('147', 'Entry', '2015-01-19 17:43:39', '2015-01-19 17:43:39', '58ea9e5a-9001-4b56-85cf-46980782f984');



DROP TABLE IF EXISTS `craft_fieldlayouttabs`;


--
-- Schema for table `craft_fieldlayouttabs`
--
CREATE TABLE `craft_fieldlayouttabs` (
  `id` int(11) NOT NULL AUTO_INCREMENT,
  `layoutId` int(11) NOT NULL,
  `name` varchar(255) COLLATE utf8_unicode_ci NOT NULL,
  `sortOrder` tinyint(4) DEFAULT NULL,
  `dateCreated` datetime NOT NULL,
  `dateUpdated` datetime NOT NULL,
  `uid` char(36) COLLATE utf8_unicode_ci NOT NULL DEFAULT '0',
  PRIMARY KEY (`id`),
  KEY `craft_fieldlayouttabs_sortOrder_idx` (`sortOrder`),
  KEY `craft_fieldlayouttabs_layoutId_fk` (`layoutId`)
) ENGINE=InnoDB AUTO_INCREMENT=170 DEFAULT CHARSET=utf8 COLLATE=utf8_unicode_ci;

--
-- Data for table `craft_fieldlayouttabs`
--

INSERT INTO `craft_fieldlayouttabs` (`id`, `layoutId`, `name`, `sortOrder`, `dateCreated`, `dateUpdated`, `uid`) VALUES ('1', '3', 'Content', '1', '2014-11-26 00:20:30', '2014-11-26 00:20:30', '8363ed81-d750-43bc-a574-18af8faa7e4c');
INSERT INTO `craft_fieldlayouttabs` (`id`, `layoutId`, `name`, `sortOrder`, `dateCreated`, `dateUpdated`, `uid`) VALUES ('2', '5', 'Content', '1', '2014-11-26 00:20:30', '2014-11-26 00:20:30', '00503169-c736-4fc7-8621-8c1290960a72');
INSERT INTO `craft_fieldlayouttabs` (`id`, `layoutId`, `name`, `sortOrder`, `dateCreated`, `dateUpdated`, `uid`) VALUES ('6', '7', 'Content', '1', '2014-12-31 02:27:29', '2014-12-31 02:27:29', '7b5b6879-f6a6-4fa6-8f1d-57025c24dd87');
INSERT INTO `craft_fieldlayouttabs` (`id`, `layoutId`, `name`, `sortOrder`, `dateCreated`, `dateUpdated`, `uid`) VALUES ('7', '8', 'Content', '1', '2014-12-31 02:27:29', '2014-12-31 02:27:29', '28b81829-2404-4547-8206-90ec3364ef84');
INSERT INTO `craft_fieldlayouttabs` (`id`, `layoutId`, `name`, `sortOrder`, `dateCreated`, `dateUpdated`, `uid`) VALUES ('8', '13', 'Content', '1', '2014-12-31 02:27:29', '2014-12-31 02:27:29', '2be010a0-d870-4d6f-8cf2-dcb8e6bc2f2f');
INSERT INTO `craft_fieldlayouttabs` (`id`, `layoutId`, `name`, `sortOrder`, `dateCreated`, `dateUpdated`, `uid`) VALUES ('10', '6', 'Content', '1', '2014-12-31 02:27:29', '2014-12-31 02:27:29', '30ceccce-dda5-46da-b723-fe871d8aa090');
INSERT INTO `craft_fieldlayouttabs` (`id`, `layoutId`, `name`, `sortOrder`, `dateCreated`, `dateUpdated`, `uid`) VALUES ('11', '1', 'Content', '1', '2014-12-31 02:27:29', '2014-12-31 02:27:29', 'e8bf9a30-8b57-4302-9375-af2dac5c8338');
INSERT INTO `craft_fieldlayouttabs` (`id`, `layoutId`, `name`, `sortOrder`, `dateCreated`, `dateUpdated`, `uid`) VALUES ('16', '19', 'Tab 1', '1', '2014-12-31 04:12:58', '2014-12-31 04:12:58', 'd54fb807-bcbd-483c-88f7-5f4d2b5f7f4c');
INSERT INTO `craft_fieldlayouttabs` (`id`, `layoutId`, `name`, `sortOrder`, `dateCreated`, `dateUpdated`, `uid`) VALUES ('17', '19', 'Dates2', '2', '2014-12-31 04:12:58', '2014-12-31 04:12:58', '95f0eb89-f441-435d-bbd5-dee6c89491e7');
INSERT INTO `craft_fieldlayouttabs` (`id`, `layoutId`, `name`, `sortOrder`, `dateCreated`, `dateUpdated`, `uid`) VALUES ('18', '19', 'Dates', '3', '2014-12-31 04:12:58', '2014-12-31 04:12:58', '01c41427-b95f-440a-b8fa-cd28ca246b51');
INSERT INTO `craft_fieldlayouttabs` (`id`, `layoutId`, `name`, `sortOrder`, `dateCreated`, `dateUpdated`, `uid`) VALUES ('25', '26', 'Programs', '1', '2014-12-31 17:51:06', '2014-12-31 17:51:06', '872532c2-e2ab-4698-8ae1-128c0983dcea');
INSERT INTO `craft_fieldlayouttabs` (`id`, `layoutId`, `name`, `sortOrder`, `dateCreated`, `dateUpdated`, `uid`) VALUES ('26', '26', 'Full Content', '2', '2014-12-31 17:51:06', '2014-12-31 17:51:06', '4b64146a-3b69-4aed-aee6-de90c0c1c533');
INSERT INTO `craft_fieldlayouttabs` (`id`, `layoutId`, `name`, `sortOrder`, `dateCreated`, `dateUpdated`, `uid`) VALUES ('27', '26', 'Dates', '3', '2014-12-31 17:51:06', '2014-12-31 17:51:06', '7e4d41e7-db0e-4c4d-b87f-0b6a0411dd4f');
INSERT INTO `craft_fieldlayouttabs` (`id`, `layoutId`, `name`, `sortOrder`, `dateCreated`, `dateUpdated`, `uid`) VALUES ('40', '36', 'Program Type Categories', '1', '2014-12-31 18:14:28', '2014-12-31 18:14:28', '2b8fd8dd-4128-42fc-9e6d-d0a2437212ae');
INSERT INTO `craft_fieldlayouttabs` (`id`, `layoutId`, `name`, `sortOrder`, `dateCreated`, `dateUpdated`, `uid`) VALUES ('61', '55', 'Program Date', '1', '2015-01-02 20:20:53', '2015-01-02 20:20:53', 'b3507629-1d15-49c4-b736-518a98c60760');
INSERT INTO `craft_fieldlayouttabs` (`id`, `layoutId`, `name`, `sortOrder`, `dateCreated`, `dateUpdated`, `uid`) VALUES ('63', '58', 'Featured Link Block', '1', '2015-01-03 02:55:25', '2015-01-03 02:55:25', '8b064ed0-f912-4ac8-88ba-f0c6d52be982');
INSERT INTO `craft_fieldlayouttabs` (`id`, `layoutId`, `name`, `sortOrder`, `dateCreated`, `dateUpdated`, `uid`) VALUES ('64', '59', 'Content', '1', '2015-01-03 03:01:00', '2015-01-03 03:01:00', '237f28ba-fee5-429d-9e58-877cb6c9256c');
INSERT INTO `craft_fieldlayouttabs` (`id`, `layoutId`, `name`, `sortOrder`, `dateCreated`, `dateUpdated`, `uid`) VALUES ('67', '63', 'Main Navigation Text', '1', '2015-01-03 06:24:03', '2015-01-03 06:24:03', '94e83b7d-6126-4be8-8aa0-5bbe6b3d3347');
INSERT INTO `craft_fieldlayouttabs` (`id`, `layoutId`, `name`, `sortOrder`, `dateCreated`, `dateUpdated`, `uid`) VALUES ('68', '64', 'Entry Link', '1', '2015-01-03 06:25:58', '2015-01-03 06:25:58', '959e2fc6-c50b-441b-9779-7dbd1535c7cf');
INSERT INTO `craft_fieldlayouttabs` (`id`, `layoutId`, `name`, `sortOrder`, `dateCreated`, `dateUpdated`, `uid`) VALUES ('110', '96', 'Content', '1', '2015-01-10 18:23:34', '2015-01-10 18:23:34', '11eeaf25-3eab-4ac2-a7a5-fd458b0c2f27');
INSERT INTO `craft_fieldlayouttabs` (`id`, `layoutId`, `name`, `sortOrder`, `dateCreated`, `dateUpdated`, `uid`) VALUES ('111', '97', 'Content', '1', '2015-01-11 16:45:33', '2015-01-11 16:45:33', 'b4e8a30a-7e79-4010-b5a3-69f15add09a4');
INSERT INTO `craft_fieldlayouttabs` (`id`, `layoutId`, `name`, `sortOrder`, `dateCreated`, `dateUpdated`, `uid`) VALUES ('113', '99', 'Single Page Content', '1', '2015-01-11 16:48:09', '2015-01-11 16:48:09', '9a570499-d088-4deb-99a1-5af990a23470');
INSERT INTO `craft_fieldlayouttabs` (`id`, `layoutId`, `name`, `sortOrder`, `dateCreated`, `dateUpdated`, `uid`) VALUES ('114', '99', 'Sidebar', '2', '2015-01-11 16:48:09', '2015-01-11 16:48:09', 'c22fe346-1342-43cc-8fd2-0d0a4d57afc4');
INSERT INTO `craft_fieldlayouttabs` (`id`, `layoutId`, `name`, `sortOrder`, `dateCreated`, `dateUpdated`, `uid`) VALUES ('121', '104', 'Pano Image', '1', '2015-01-11 21:35:18', '2015-01-11 21:35:18', '98c9a1f3-bf0f-4b93-80b4-3c433e34dac1');
INSERT INTO `craft_fieldlayouttabs` (`id`, `layoutId`, `name`, `sortOrder`, `dateCreated`, `dateUpdated`, `uid`) VALUES ('122', '105', 'Content', '1', '2015-01-12 00:46:03', '2015-01-12 00:46:03', '4b3b18c5-8b60-4a9d-89cd-255d26643ddd');
INSERT INTO `craft_fieldlayouttabs` (`id`, `layoutId`, `name`, `sortOrder`, `dateCreated`, `dateUpdated`, `uid`) VALUES ('123', '106', 'Content', '1', '2015-01-12 00:46:03', '2015-01-12 00:46:03', '3431c6c2-65a7-4adc-ba39-cf5ed04ba1d6');
INSERT INTO `craft_fieldlayouttabs` (`id`, `layoutId`, `name`, `sortOrder`, `dateCreated`, `dateUpdated`, `uid`) VALUES ('124', '107', 'Content', '1', '2015-01-12 00:46:03', '2015-01-12 00:46:03', '8faeee03-4311-49d4-ac84-4063c5fc1917');
INSERT INTO `craft_fieldlayouttabs` (`id`, `layoutId`, `name`, `sortOrder`, `dateCreated`, `dateUpdated`, `uid`) VALUES ('125', '108', 'Content', '1', '2015-01-12 00:46:03', '2015-01-12 00:46:03', '78848e8a-8ebd-44f0-8aee-d694504812a2');
INSERT INTO `craft_fieldlayouttabs` (`id`, `layoutId`, `name`, `sortOrder`, `dateCreated`, `dateUpdated`, `uid`) VALUES ('132', '115', 'Content', '1', '2015-01-13 02:25:24', '2015-01-13 02:25:24', 'f7e2709d-13a6-4a6e-b80a-162b52674370');
INSERT INTO `craft_fieldlayouttabs` (`id`, `layoutId`, `name`, `sortOrder`, `dateCreated`, `dateUpdated`, `uid`) VALUES ('133', '116', 'Content', '1', '2015-01-13 02:25:24', '2015-01-13 02:25:24', '79dd3f88-28c6-4d78-bc93-282ada78bf51');
INSERT INTO `craft_fieldlayouttabs` (`id`, `layoutId`, `name`, `sortOrder`, `dateCreated`, `dateUpdated`, `uid`) VALUES ('144', '127', 'Content', '1', '2015-01-13 04:22:10', '2015-01-13 04:22:10', '56ade476-617f-48c8-b988-cc073182a870');
INSERT INTO `craft_fieldlayouttabs` (`id`, `layoutId`, `name`, `sortOrder`, `dateCreated`, `dateUpdated`, `uid`) VALUES ('145', '128', 'Content', '1', '2015-01-13 04:22:11', '2015-01-13 04:22:11', 'bc254bb2-3554-4170-a436-b931326eae36');
INSERT INTO `craft_fieldlayouttabs` (`id`, `layoutId`, `name`, `sortOrder`, `dateCreated`, `dateUpdated`, `uid`) VALUES ('146', '129', 'Content', '1', '2015-01-13 04:22:11', '2015-01-13 04:22:11', '3ab0dc06-9525-4eb8-804f-810e5e7467df');
INSERT INTO `craft_fieldlayouttabs` (`id`, `layoutId`, `name`, `sortOrder`, `dateCreated`, `dateUpdated`, `uid`) VALUES ('147', '130', 'Content', '1', '2015-01-13 04:22:11', '2015-01-13 04:22:11', '2b65f703-36b2-41af-9c03-faae7e9cf3ab');
INSERT INTO `craft_fieldlayouttabs` (`id`, `layoutId`, `name`, `sortOrder`, `dateCreated`, `dateUpdated`, `uid`) VALUES ('148', '131', 'Content', '1', '2015-01-13 04:22:11', '2015-01-13 04:22:11', '722f9898-83a7-4352-b541-6dfcb76deced');
INSERT INTO `craft_fieldlayouttabs` (`id`, `layoutId`, `name`, `sortOrder`, `dateCreated`, `dateUpdated`, `uid`) VALUES ('153', '136', 'Main Content', '1', '2015-01-19 01:49:38', '2015-01-19 01:49:38', '28e978a5-4477-454c-864f-ddccd5995ee3');
INSERT INTO `craft_fieldlayouttabs` (`id`, `layoutId`, `name`, `sortOrder`, `dateCreated`, `dateUpdated`, `uid`) VALUES ('154', '136', 'Sidebar', '2', '2015-01-19 01:49:38', '2015-01-19 01:49:38', 'b2ca84cc-7753-4cfb-9cf0-805acabe9adf');
INSERT INTO `craft_fieldlayouttabs` (`id`, `layoutId`, `name`, `sortOrder`, `dateCreated`, `dateUpdated`, `uid`) VALUES ('159', '141', 'Content', '1', '2015-01-19 01:55:17', '2015-01-19 01:55:17', '4275f8fd-ab61-43a3-8b92-b0b7995f022d');
INSERT INTO `craft_fieldlayouttabs` (`id`, `layoutId`, `name`, `sortOrder`, `dateCreated`, `dateUpdated`, `uid`) VALUES ('160', '142', 'Content', '1', '2015-01-19 01:55:17', '2015-01-19 01:55:17', '0aa1d8a3-dc76-4520-9c69-93d676c362bf');
INSERT INTO `craft_fieldlayouttabs` (`id`, `layoutId`, `name`, `sortOrder`, `dateCreated`, `dateUpdated`, `uid`) VALUES ('161', '143', 'Content', '1', '2015-01-19 01:55:17', '2015-01-19 01:55:17', 'ab31740c-16a7-46a2-8426-49c155e5c6a8');
INSERT INTO `craft_fieldlayouttabs` (`id`, `layoutId`, `name`, `sortOrder`, `dateCreated`, `dateUpdated`, `uid`) VALUES ('162', '144', 'Content', '1', '2015-01-19 01:55:17', '2015-01-19 01:55:17', '5bfe3595-5a97-4aa6-9c05-19267876b24e');
INSERT INTO `craft_fieldlayouttabs` (`id`, `layoutId`, `name`, `sortOrder`, `dateCreated`, `dateUpdated`, `uid`) VALUES ('163', '145', 'Content', '1', '2015-01-19 02:32:29', '2015-01-19 02:32:29', '3adb958d-1814-4509-b95f-01b9d74e94ab');
INSERT INTO `craft_fieldlayouttabs` (`id`, `layoutId`, `name`, `sortOrder`, `dateCreated`, `dateUpdated`, `uid`) VALUES ('164', '146', 'Content', '1', '2015-01-19 02:32:29', '2015-01-19 02:32:29', '90b56f7d-4afe-4498-b786-0952f5dd6832');
INSERT INTO `craft_fieldlayouttabs` (`id`, `layoutId`, `name`, `sortOrder`, `dateCreated`, `dateUpdated`, `uid`) VALUES ('165', '147', 'Short Content', '1', '2015-01-19 17:43:39', '2015-01-19 17:43:39', '3216e3d3-fa50-4fa6-80f1-5f02beb55f46');
INSERT INTO `craft_fieldlayouttabs` (`id`, `layoutId`, `name`, `sortOrder`, `dateCreated`, `dateUpdated`, `uid`) VALUES ('166', '147', 'Long Content', '2', '2015-01-19 17:43:39', '2015-01-19 17:43:39', '13a3daaa-b850-4587-a2e9-f6e7cdbfab1b');
INSERT INTO `craft_fieldlayouttabs` (`id`, `layoutId`, `name`, `sortOrder`, `dateCreated`, `dateUpdated`, `uid`) VALUES ('167', '147', 'Sidebar', '3', '2015-01-19 17:43:39', '2015-01-19 17:43:39', '7153ec85-b39e-4625-8222-c5e72746fe47');
INSERT INTO `craft_fieldlayouttabs` (`id`, `layoutId`, `name`, `sortOrder`, `dateCreated`, `dateUpdated`, `uid`) VALUES ('168', '147', 'Dates', '4', '2015-01-19 17:43:39', '2015-01-19 17:43:39', 'b8cd5182-7840-47c4-9d26-16301d6517a6');
INSERT INTO `craft_fieldlayouttabs` (`id`, `layoutId`, `name`, `sortOrder`, `dateCreated`, `dateUpdated`, `uid`) VALUES ('169', '147', 'Sort', '5', '2015-01-19 17:43:39', '2015-01-19 17:43:39', '0ed21c7e-a5f1-4d81-a575-0880d9f59166');



DROP TABLE IF EXISTS `craft_fields`;


--
-- Schema for table `craft_fields`
--
CREATE TABLE `craft_fields` (
  `id` int(11) NOT NULL AUTO_INCREMENT,
  `groupId` int(11) DEFAULT NULL,
  `name` varchar(255) COLLATE utf8_unicode_ci NOT NULL,
  `handle` varchar(58) COLLATE utf8_unicode_ci NOT NULL,
  `context` varchar(255) COLLATE utf8_unicode_ci NOT NULL DEFAULT 'global',
  `instructions` text COLLATE utf8_unicode_ci,
  `translatable` tinyint(1) unsigned NOT NULL DEFAULT '0',
  `type` varchar(150) COLLATE utf8_unicode_ci NOT NULL,
  `settings` text COLLATE utf8_unicode_ci,
  `dateCreated` datetime NOT NULL,
  `dateUpdated` datetime NOT NULL,
  `uid` char(36) COLLATE utf8_unicode_ci NOT NULL DEFAULT '0',
  PRIMARY KEY (`id`),
  UNIQUE KEY `craft_fields_handle_context_unq_idx` (`handle`,`context`),
  KEY `craft_fields_context_idx` (`context`),
  KEY `craft_fields_groupId_fk` (`groupId`)
) ENGINE=InnoDB AUTO_INCREMENT=77 DEFAULT CHARSET=utf8 COLLATE=utf8_unicode_ci;

--
-- Data for table `craft_fields`
--

INSERT INTO `craft_fields` (`id`, `groupId`, `name`, `handle`, `context`, `instructions`, `translatable`, `type`, `settings`, `dateCreated`, `dateUpdated`, `uid`) VALUES ('1', '1', 'Heading', 'heading', 'global', NULL, '1', 'PlainText', NULL, '2014-11-26 00:20:30', '2014-11-26 00:20:30', '9ff43ea3-63ff-4c99-a0c3-aa74e17bbc70');
INSERT INTO `craft_fields` (`id`, `groupId`, `name`, `handle`, `context`, `instructions`, `translatable`, `type`, `settings`, `dateCreated`, `dateUpdated`, `uid`) VALUES ('2', '1', 'Body', 'body', 'global', NULL, '1', 'RichText', '{\"configFile\":\"Standard.json\"}', '2014-11-26 00:20:30', '2014-11-26 00:20:30', '4929a883-b2b1-4702-913a-d7358cf44360');
INSERT INTO `craft_fields` (`id`, `groupId`, `name`, `handle`, `context`, `instructions`, `translatable`, `type`, `settings`, `dateCreated`, `dateUpdated`, `uid`) VALUES ('3', '1', 'Tags', 'tags', 'global', NULL, '0', 'Tags', '{\"source\":\"taggroup:1\"}', '2014-11-26 00:20:30', '2014-11-26 00:20:30', 'd9f326d1-17c0-44b1-a90b-8a2f6acda131');
INSERT INTO `craft_fields` (`id`, `groupId`, `name`, `handle`, `context`, `instructions`, `translatable`, `type`, `settings`, `dateCreated`, `dateUpdated`, `uid`) VALUES ('14', '3', 'Program Hook', 'programHook', 'global', 'One or two sentence hook for program.', '0', 'PlainText', '{\"placeholder\":\"\",\"maxLength\":\"\",\"multiline\":\"\",\"initialRows\":\"4\"}', '2014-12-31 17:20:23', '2014-12-31 17:20:23', 'f328a7ff-1ed8-4f83-a8c3-099ac87bba7f');
INSERT INTO `craft_fields` (`id`, `groupId`, `name`, `handle`, `context`, `instructions`, `translatable`, `type`, `settings`, `dateCreated`, `dateUpdated`, `uid`) VALUES ('15', '3', 'Program Description', 'programDescription', 'global', 'Full description of program.', '0', 'RichText', '{\"configFile\":\"\",\"cleanupHtml\":\"1\",\"purifyHtml\":\"1\",\"columnType\":\"text\"}', '2014-12-31 17:21:20', '2014-12-31 17:21:20', '326d10ff-f178-42d9-a473-f6423d60e187');
INSERT INTO `craft_fields` (`id`, `groupId`, `name`, `handle`, `context`, `instructions`, `translatable`, `type`, `settings`, `dateCreated`, `dateUpdated`, `uid`) VALUES ('16', '3', 'Program Full Content', 'programFullContent', 'global', 'Full page content for programs', '0', 'Matrix', '{\"maxBlocks\":null}', '2014-12-31 17:30:22', '2015-01-12 00:46:03', 'c328a45a-6663-4f3a-ac93-25f9097393ef');
INSERT INTO `craft_fields` (`id`, `groupId`, `name`, `handle`, `context`, `instructions`, `translatable`, `type`, `settings`, `dateCreated`, `dateUpdated`, `uid`) VALUES ('17', NULL, 'Text', 'text', 'matrixBlockType:3', '', '0', 'RichText', '{\"configFile\":\"\",\"cleanupHtml\":\"1\",\"purifyHtml\":\"1\",\"columnType\":\"text\"}', '2014-12-31 17:30:22', '2015-01-12 00:46:03', '4a790819-e622-46a9-a0fb-3c820885e960');
INSERT INTO `craft_fields` (`id`, `groupId`, `name`, `handle`, `context`, `instructions`, `translatable`, `type`, `settings`, `dateCreated`, `dateUpdated`, `uid`) VALUES ('18', NULL, 'Image', 'image', 'matrixBlockType:4', '', '0', 'Assets', '{\"useSingleFolder\":\"\",\"sources\":[\"folder:4\"],\"defaultUploadLocationSource\":\"2\",\"defaultUploadLocationSubpath\":\"\",\"singleUploadLocationSource\":\"1\",\"singleUploadLocationSubpath\":\"\",\"restrictFiles\":\"\",\"limit\":\"\"}', '2014-12-31 17:30:22', '2015-01-12 00:46:03', '84c1417c-e116-48ef-8015-2aaa5dfd6d1f');
INSERT INTO `craft_fields` (`id`, `groupId`, `name`, `handle`, `context`, `instructions`, `translatable`, `type`, `settings`, `dateCreated`, `dateUpdated`, `uid`) VALUES ('19', NULL, 'Quote', 'quote', 'matrixBlockType:5', '', '0', 'PlainText', '{\"placeholder\":\"\",\"maxLength\":\"\",\"multiline\":\"\",\"initialRows\":\"4\"}', '2014-12-31 17:34:13', '2015-01-12 00:46:03', 'f639699a-79e6-40e1-8614-b0bcb7e32c1c');
INSERT INTO `craft_fields` (`id`, `groupId`, `name`, `handle`, `context`, `instructions`, `translatable`, `type`, `settings`, `dateCreated`, `dateUpdated`, `uid`) VALUES ('20', '3', 'Program Type', 'programType', 'global', 'Type of program for sorting purposes', '0', 'Checkboxes', '{\"options\":[{\"label\":\"Field Trip\",\"value\":\"field-trip\",\"default\":\"\"},{\"label\":\"Camp\",\"value\":\"camp\",\"default\":\"\"},{\"label\":\"School Break\",\"value\":\"school-break\",\"default\":\"\"},{\"label\":\"Event\",\"value\":\"event\",\"default\":\"\"},{\"label\":\"Drop In\",\"value\":\"drop-in\",\"default\":\"\"},{\"label\":\"Volunteer Education\",\"value\":\"volunteer-education\",\"default\":\"\"}]}', '2014-12-31 17:40:43', '2015-01-10 01:06:28', '0ec12543-570d-4286-9a95-639f883fd1cf');
INSERT INTO `craft_fields` (`id`, `groupId`, `name`, `handle`, `context`, `instructions`, `translatable`, `type`, `settings`, `dateCreated`, `dateUpdated`, `uid`) VALUES ('21', '3', 'Program Dates', 'programDates', 'global', 'Dates', '0', 'Matrix', '{\"maxBlocks\":null}', '2014-12-31 17:46:31', '2015-01-10 18:23:34', 'd735dfc9-10f1-4223-9a29-e4b79489b97c');
INSERT INTO `craft_fields` (`id`, `groupId`, `name`, `handle`, `context`, `instructions`, `translatable`, `type`, `settings`, `dateCreated`, `dateUpdated`, `uid`) VALUES ('22', NULL, 'Begin Date', 'beginDate', 'matrixBlockType:6', 'Enter single date, or first date of time span.', '0', 'Date', '{\"minuteIncrement\":\"30\",\"showTime\":1,\"showDate\":1}', '2014-12-31 17:46:31', '2015-01-10 18:23:34', 'a7208617-ff8f-453f-ac90-6603adcb77b3');
INSERT INTO `craft_fields` (`id`, `groupId`, `name`, `handle`, `context`, `instructions`, `translatable`, `type`, `settings`, `dateCreated`, `dateUpdated`, `uid`) VALUES ('25', NULL, 'caption', 'caption', 'matrixBlockType:4', '', '0', 'PlainText', '{\"placeholder\":\"\",\"maxLength\":\"\",\"multiline\":\"\",\"initialRows\":\"4\"}', '2015-01-02 17:56:47', '2015-01-12 00:46:03', '424e0b72-733a-4c90-ae48-f5deffc42ef5');
INSERT INTO `craft_fields` (`id`, `groupId`, `name`, `handle`, `context`, `instructions`, `translatable`, `type`, `settings`, `dateCreated`, `dateUpdated`, `uid`) VALUES ('26', NULL, 'Citation', 'citation', 'matrixBlockType:5', '', '0', 'PlainText', '{\"placeholder\":\"\",\"maxLength\":\"\",\"multiline\":\"\",\"initialRows\":\"4\"}', '2015-01-02 17:56:47', '2015-01-12 00:46:03', '427daea0-425e-4f29-b62a-605cc4e902d3');
INSERT INTO `craft_fields` (`id`, `groupId`, `name`, `handle`, `context`, `instructions`, `translatable`, `type`, `settings`, `dateCreated`, `dateUpdated`, `uid`) VALUES ('27', NULL, 'Position', 'position', 'matrixBlockType:5', '', '0', 'PositionSelect', '{\"options\":[\"left\",\"right\"]}', '2015-01-02 17:56:47', '2015-01-12 00:46:03', 'b6fcbf1a-249a-4878-8b61-e1452953d0b4');
INSERT INTO `craft_fields` (`id`, `groupId`, `name`, `handle`, `context`, `instructions`, `translatable`, `type`, `settings`, `dateCreated`, `dateUpdated`, `uid`) VALUES ('29', '4', 'Program Session Date', 'programSessionDate', 'global', '', '0', 'Date', '{\"minuteIncrement\":\"30\",\"showTime\":1,\"showDate\":1}', '2015-01-02 20:19:12', '2015-01-02 20:19:12', 'c44d38e1-7625-4eea-8794-3125e7eed758');
INSERT INTO `craft_fields` (`id`, `groupId`, `name`, `handle`, `context`, `instructions`, `translatable`, `type`, `settings`, `dateCreated`, `dateUpdated`, `uid`) VALUES ('30', '4', 'Related Program', 'relatedProgram', 'global', '', '0', 'Entries', '{\"sources\":[\"section:5\"],\"limit\":\"\"}', '2015-01-02 20:19:47', '2015-01-02 20:19:47', '590115ee-c45d-4953-9792-d2e43a75765a');
INSERT INTO `craft_fields` (`id`, `groupId`, `name`, `handle`, `context`, `instructions`, `translatable`, `type`, `settings`, `dateCreated`, `dateUpdated`, `uid`) VALUES ('31', '1', 'Featured Link Block', 'featuredLinkBlock', 'global', '', '0', 'Matrix', '{\"maxBlocks\":null}', '2015-01-03 02:52:58', '2015-01-03 03:00:59', '0bff3d25-dd91-4ecc-b5b8-1d12cb72804c');
INSERT INTO `craft_fields` (`id`, `groupId`, `name`, `handle`, `context`, `instructions`, `translatable`, `type`, `settings`, `dateCreated`, `dateUpdated`, `uid`) VALUES ('32', NULL, 'Link Title', 'linkTitle', 'matrixBlockType:7', '', '0', 'PlainText', '{\"placeholder\":\"\",\"maxLength\":\"\",\"multiline\":\"\",\"initialRows\":\"4\"}', '2015-01-03 02:52:58', '2015-01-03 03:01:00', 'dfdf5db4-3016-41de-9385-8a3b0dccd37b');
INSERT INTO `craft_fields` (`id`, `groupId`, `name`, `handle`, `context`, `instructions`, `translatable`, `type`, `settings`, `dateCreated`, `dateUpdated`, `uid`) VALUES ('33', NULL, 'Link Image', 'linkImage', 'matrixBlockType:7', '', '0', 'Assets', '{\"useSingleFolder\":\"\",\"sources\":[\"folder:1\"],\"defaultUploadLocationSource\":\"1\",\"defaultUploadLocationSubpath\":\"\",\"singleUploadLocationSource\":\"1\",\"singleUploadLocationSubpath\":\"\",\"restrictFiles\":\"\",\"limit\":\"\"}', '2015-01-03 02:52:58', '2015-01-03 03:01:00', '3a1d64f2-6afd-4b9a-9bc1-7d96c95713df');
INSERT INTO `craft_fields` (`id`, `groupId`, `name`, `handle`, `context`, `instructions`, `translatable`, `type`, `settings`, `dateCreated`, `dateUpdated`, `uid`) VALUES ('34', NULL, 'Link Hook', 'linkHook', 'matrixBlockType:7', '', '0', 'PlainText', '{\"placeholder\":\"\",\"maxLength\":\"\",\"multiline\":\"\",\"initialRows\":\"4\"}', '2015-01-03 02:52:58', '2015-01-03 03:01:00', 'd11cfe2c-f25f-4a53-95df-fabf4b5f548b');
INSERT INTO `craft_fields` (`id`, `groupId`, `name`, `handle`, `context`, `instructions`, `translatable`, `type`, `settings`, `dateCreated`, `dateUpdated`, `uid`) VALUES ('35', NULL, 'Link Link', 'linkLink', 'matrixBlockType:7', '', '0', 'PlainText', '{\"placeholder\":\"\",\"maxLength\":\"\",\"multiline\":\"\",\"initialRows\":\"4\"}', '2015-01-03 02:52:58', '2015-01-03 03:01:00', 'fd4a598e-c6b9-473f-81c2-75f64723dc4e');
INSERT INTO `craft_fields` (`id`, `groupId`, `name`, `handle`, `context`, `instructions`, `translatable`, `type`, `settings`, `dateCreated`, `dateUpdated`, `uid`) VALUES ('36', '1', 'Navigation Entries', 'navigationEntries', 'global', '', '0', 'Entries', '{\"sources\":\"*\",\"limit\":\"1\"}', '2015-01-03 06:06:45', '2015-01-03 06:06:45', '02474981-a971-4728-940a-f2f123112812');
INSERT INTO `craft_fields` (`id`, `groupId`, `name`, `handle`, `context`, `instructions`, `translatable`, `type`, `settings`, `dateCreated`, `dateUpdated`, `uid`) VALUES ('37', '1', 'Navigation Text Link', 'navigationTextLink', 'global', '', '0', 'PlainText', '{\"placeholder\":\"\",\"maxLength\":\"\",\"multiline\":\"\",\"initialRows\":\"4\"}', '2015-01-03 06:07:17', '2015-01-03 06:07:17', '8007253e-2e9a-4809-8b68-cafde5f5b4e2');
INSERT INTO `craft_fields` (`id`, `groupId`, `name`, `handle`, `context`, `instructions`, `translatable`, `type`, `settings`, `dateCreated`, `dateUpdated`, `uid`) VALUES ('38', '5', 'Single Page Content', 'singlePageContent', 'global', '', '0', 'Matrix', '{\"maxBlocks\":null}', '2015-01-03 15:45:05', '2015-01-13 04:22:10', '0f188eac-f2d8-4105-815a-47699a304aa1');
INSERT INTO `craft_fields` (`id`, `groupId`, `name`, `handle`, `context`, `instructions`, `translatable`, `type`, `settings`, `dateCreated`, `dateUpdated`, `uid`) VALUES ('39', NULL, 'Text', 'text', 'matrixBlockType:8', '', '0', 'RichText', '{\"configFile\":\"Standard.json\",\"cleanupHtml\":\"1\",\"purifyHtml\":\"\",\"columnType\":\"text\"}', '2015-01-03 15:45:05', '2015-01-13 04:22:10', '02524e33-46f2-4f1e-97da-6dbc4c517ef8');
INSERT INTO `craft_fields` (`id`, `groupId`, `name`, `handle`, `context`, `instructions`, `translatable`, `type`, `settings`, `dateCreated`, `dateUpdated`, `uid`) VALUES ('40', NULL, 'Image', 'image', 'matrixBlockType:9', 'Adding more than one asset will create a slide show.', '0', 'Assets', '{\"useSingleFolder\":\"\",\"sources\":\"*\",\"defaultUploadLocationSource\":\"1\",\"defaultUploadLocationSubpath\":\"\",\"singleUploadLocationSource\":\"1\",\"singleUploadLocationSubpath\":\"\",\"restrictFiles\":\"1\",\"allowedKinds\":[\"image\"],\"limit\":\"5\"}', '2015-01-03 15:45:05', '2015-01-13 04:22:10', 'ec2f9be3-4697-4320-beeb-9428d84238fd');
INSERT INTO `craft_fields` (`id`, `groupId`, `name`, `handle`, `context`, `instructions`, `translatable`, `type`, `settings`, `dateCreated`, `dateUpdated`, `uid`) VALUES ('41', NULL, 'slideshowTitle', 'slideshowTitle', 'matrixBlockType:9', 'Will be the caption on single images or slideshow title.', '0', 'PlainText', '{\"placeholder\":\"\",\"maxLength\":\"\",\"multiline\":\"\",\"initialRows\":\"4\"}', '2015-01-03 15:45:05', '2015-01-13 04:22:10', '34e2bb98-7501-42a3-a3a4-a86299b38105');
INSERT INTO `craft_fields` (`id`, `groupId`, `name`, `handle`, `context`, `instructions`, `translatable`, `type`, `settings`, `dateCreated`, `dateUpdated`, `uid`) VALUES ('42', NULL, 'Position', 'position', 'matrixBlockType:9', 'Push this image left, right, or put large image.', '0', 'PositionSelect', '{\"options\":[\"left\",\"center\",\"right\",\"full\"]}', '2015-01-03 15:45:05', '2015-01-13 04:22:10', '9d213816-eace-4cfc-a512-1151e8b98b4b');
INSERT INTO `craft_fields` (`id`, `groupId`, `name`, `handle`, `context`, `instructions`, `translatable`, `type`, `settings`, `dateCreated`, `dateUpdated`, `uid`) VALUES ('43', NULL, 'Quote', 'quote', 'matrixBlockType:10', '', '0', 'RichText', '{\"configFile\":\"Simple.json\",\"cleanupHtml\":\"1\",\"purifyHtml\":\"\",\"columnType\":\"text\"}', '2015-01-03 15:45:05', '2015-01-13 04:22:11', 'cd050532-0a45-4399-8cca-845187e6f7d9');
INSERT INTO `craft_fields` (`id`, `groupId`, `name`, `handle`, `context`, `instructions`, `translatable`, `type`, `settings`, `dateCreated`, `dateUpdated`, `uid`) VALUES ('44', NULL, 'CItation', 'citation', 'matrixBlockType:10', '', '0', 'PlainText', '{\"placeholder\":\"\",\"maxLength\":\"\",\"multiline\":\"\",\"initialRows\":\"4\"}', '2015-01-03 15:45:05', '2015-01-13 04:22:11', '897992cb-7f35-4b69-8177-f7a8873e1ef5');
INSERT INTO `craft_fields` (`id`, `groupId`, `name`, `handle`, `context`, `instructions`, `translatable`, `type`, `settings`, `dateCreated`, `dateUpdated`, `uid`) VALUES ('45', NULL, 'Position', 'position', 'matrixBlockType:10', '', '0', 'PositionSelect', '{\"options\":[\"left\",\"right\"]}', '2015-01-03 15:45:05', '2015-01-13 04:22:11', 'f5ed1089-e424-4aef-9e2f-66878bcb5617');
INSERT INTO `craft_fields` (`id`, `groupId`, `name`, `handle`, `context`, `instructions`, `translatable`, `type`, `settings`, `dateCreated`, `dateUpdated`, `uid`) VALUES ('46', NULL, 'Title', 'videoTitle', 'matrixBlockType:11', '', '0', 'PlainText', '{\"placeholder\":\"\",\"maxLength\":\"\",\"multiline\":\"\",\"initialRows\":\"4\"}', '2015-01-03 15:45:05', '2015-01-13 04:22:11', '8a15eb5d-014e-4139-a141-3ca55876ae1a');
INSERT INTO `craft_fields` (`id`, `groupId`, `name`, `handle`, `context`, `instructions`, `translatable`, `type`, `settings`, `dateCreated`, `dateUpdated`, `uid`) VALUES ('47', NULL, 'VideoEmbedCode', 'videoEmbedCode', 'matrixBlockType:11', 'Place embed code from YouTube or Vimeo here', '0', 'PlainText', '{\"placeholder\":\"\",\"maxLength\":\"\",\"multiline\":\"\",\"initialRows\":\"4\"}', '2015-01-03 15:45:05', '2015-01-13 04:22:11', '4c10ba6d-1130-4ab1-9890-7fe57d61091d');
INSERT INTO `craft_fields` (`id`, `groupId`, `name`, `handle`, `context`, `instructions`, `translatable`, `type`, `settings`, `dateCreated`, `dateUpdated`, `uid`) VALUES ('48', NULL, 'Position', 'position', 'matrixBlockType:11', '', '0', 'PositionSelect', '{\"options\":[\"left\",\"right\"]}', '2015-01-03 15:45:05', '2015-01-13 04:22:11', '2c3ae50c-381f-4c30-a841-9130f5cd22b0');
INSERT INTO `craft_fields` (`id`, `groupId`, `name`, `handle`, `context`, `instructions`, `translatable`, `type`, `settings`, `dateCreated`, `dateUpdated`, `uid`) VALUES ('49', NULL, 'Related Entries', 'relatedEntries', 'matrixBlockType:12', 'What do you want the block of related entries to be called?', '0', 'Entries', '{\"sources\":\"*\",\"limit\":\"\"}', '2015-01-03 15:45:05', '2015-01-13 04:22:11', '46d18dff-20a8-4896-84f6-b2ac1d85c08d');
INSERT INTO `craft_fields` (`id`, `groupId`, `name`, `handle`, `context`, `instructions`, `translatable`, `type`, `settings`, `dateCreated`, `dateUpdated`, `uid`) VALUES ('50', NULL, 'Related Block Title', 'relatedBlockTitle', 'matrixBlockType:12', '', '0', 'PlainText', '{\"placeholder\":\"\",\"maxLength\":\"\",\"multiline\":\"\",\"initialRows\":\"4\"}', '2015-01-03 16:47:23', '2015-01-13 04:22:11', 'ed303ebd-9ffc-4615-96b6-5577233422cd');
INSERT INTO `craft_fields` (`id`, `groupId`, `name`, `handle`, `context`, `instructions`, `translatable`, `type`, `settings`, `dateCreated`, `dateUpdated`, `uid`) VALUES ('51', '3', 'Program Thumbnail', 'programThumbnail', 'global', 'Thumbnail for the Program', '0', 'Assets', '{\"useSingleFolder\":\"\",\"sources\":[\"folder:4\"],\"defaultUploadLocationSource\":\"4\",\"defaultUploadLocationSubpath\":\"\",\"singleUploadLocationSource\":\"1\",\"singleUploadLocationSubpath\":\"\",\"restrictFiles\":\"1\",\"allowedKinds\":[\"image\"],\"limit\":\"\"}', '2015-01-03 22:19:33', '2015-01-03 23:19:11', '113c22a4-9afe-46f1-b4a7-985e5ab2114e');
INSERT INTO `craft_fields` (`id`, `groupId`, `name`, `handle`, `context`, `instructions`, `translatable`, `type`, `settings`, `dateCreated`, `dateUpdated`, `uid`) VALUES ('52', '3', 'Program Ages', 'programAges', 'global', 'Target age range for program', '0', 'Checkboxes', '{\"options\":[{\"label\":\"Under 5\",\"value\":\"under5\",\"default\":\"\"},{\"label\":\"6-12\",\"value\":\"6-12\",\"default\":\"\"},{\"label\":\"Teen\",\"value\":\"teen\",\"default\":\"\"},{\"label\":\"Adult\",\"value\":\"adult\",\"default\":\"\"},{\"label\":\"All Ages\",\"value\":\"allAges\",\"default\":\"\"}]}', '2015-01-04 15:40:40', '2015-01-10 01:08:57', '976f31bf-9e84-477e-aedc-46571b540490');
INSERT INTO `craft_fields` (`id`, `groupId`, `name`, `handle`, `context`, `instructions`, `translatable`, `type`, `settings`, `dateCreated`, `dateUpdated`, `uid`) VALUES ('53', '3', 'Program Season', 'programSeason', 'global', '', '0', 'Checkboxes', '{\"options\":[{\"label\":\"Winter\",\"value\":\"winter\",\"default\":\"\"},{\"label\":\"Spring\",\"value\":\"spring\",\"default\":\"\"},{\"label\":\"Summer\",\"value\":\"summer\",\"default\":\"\"},{\"label\":\"Fall\",\"value\":\"fall\",\"default\":\"\"},{\"label\":\"Year Long\",\"value\":\"year-long\",\"default\":\"\"}]}', '2015-01-04 15:41:45', '2015-01-10 01:07:11', 'd97a7a08-b794-492a-9407-9b65748c8540');
INSERT INTO `craft_fields` (`id`, `groupId`, `name`, `handle`, `context`, `instructions`, `translatable`, `type`, `settings`, `dateCreated`, `dateUpdated`, `uid`) VALUES ('54', '3', 'Is Event', 'isEvent', 'global', '', '0', 'Checkboxes', '{\"options\":[{\"label\":\"Yes\",\"value\":\"yes\",\"default\":\"\"}]}', '2015-01-04 15:51:37', '2015-01-04 15:51:37', '0010d615-ecb3-4cba-9ce2-c1321159c819');
INSERT INTO `craft_fields` (`id`, `groupId`, `name`, `handle`, `context`, `instructions`, `translatable`, `type`, `settings`, `dateCreated`, `dateUpdated`, `uid`) VALUES ('55', NULL, 'End Date', 'endDate', 'matrixBlockType:6', 'Enter last date for time spans', '0', 'Date', '{\"minuteIncrement\":\"30\",\"showTime\":1,\"showDate\":1}', '2015-01-10 18:16:11', '2015-01-10 18:23:34', 'ab8e133d-2956-4a48-8d5f-5be39a537a2b');
INSERT INTO `craft_fields` (`id`, `groupId`, `name`, `handle`, `context`, `instructions`, `translatable`, `type`, `settings`, `dateCreated`, `dateUpdated`, `uid`) VALUES ('56', NULL, 'Day', 'day', 'matrixBlockType:6', '', '0', 'PlainText', '{\"placeholder\":\"\",\"maxLength\":\"\",\"multiline\":\"\",\"initialRows\":\"4\"}', '2015-01-10 18:23:34', '2015-01-10 18:23:34', 'a75aa5e3-c057-4dd9-862e-63cbb68c97da');
INSERT INTO `craft_fields` (`id`, `groupId`, `name`, `handle`, `context`, `instructions`, `translatable`, `type`, `settings`, `dateCreated`, `dateUpdated`, `uid`) VALUES ('57', '3', 'Program Sidebar', 'programSidebar', 'global', '', '0', 'Matrix', '{\"maxBlocks\":null}', '2015-01-11 16:45:33', '2015-01-11 16:45:33', '0a8c25eb-f448-48be-8721-14b32ffce104');
INSERT INTO `craft_fields` (`id`, `groupId`, `name`, `handle`, `context`, `instructions`, `translatable`, `type`, `settings`, `dateCreated`, `dateUpdated`, `uid`) VALUES ('58', NULL, 'Text', 'text', 'matrixBlockType:13', '', '0', 'RichText', '{\"configFile\":\"Standard.json\",\"cleanupHtml\":\"1\",\"purifyHtml\":\"\",\"columnType\":\"text\"}', '2015-01-11 16:45:33', '2015-01-11 16:45:33', '0d4fe362-313f-447f-b5e4-80358e2f6001');
INSERT INTO `craft_fields` (`id`, `groupId`, `name`, `handle`, `context`, `instructions`, `translatable`, `type`, `settings`, `dateCreated`, `dateUpdated`, `uid`) VALUES ('59', '5', 'Single Page Sidebar', 'singlePageSidebar', 'global', '', '0', 'Matrix', '{\"maxBlocks\":null}', '2015-01-11 16:46:37', '2015-01-13 02:25:24', 'e87787e6-fa8b-4dec-8110-b868aeccc3b4');
INSERT INTO `craft_fields` (`id`, `groupId`, `name`, `handle`, `context`, `instructions`, `translatable`, `type`, `settings`, `dateCreated`, `dateUpdated`, `uid`) VALUES ('60', NULL, 'Text', 'text', 'matrixBlockType:14', '', '0', 'RichText', '{\"configFile\":\"Standard.json\",\"cleanupHtml\":\"1\",\"purifyHtml\":\"\",\"columnType\":\"text\"}', '2015-01-11 16:46:37', '2015-01-13 02:25:24', 'fa498e35-485d-42c8-b18f-d13f67a991f9');
INSERT INTO `craft_fields` (`id`, `groupId`, `name`, `handle`, `context`, `instructions`, `translatable`, `type`, `settings`, `dateCreated`, `dateUpdated`, `uid`) VALUES ('61', '1', 'Pano', 'pano', 'global', '1175x400', '0', 'Assets', '{\"useSingleFolder\":\"\",\"sources\":[\"folder:5\"],\"defaultUploadLocationSource\":\"1\",\"defaultUploadLocationSubpath\":\"\",\"singleUploadLocationSource\":\"1\",\"singleUploadLocationSubpath\":\"\",\"restrictFiles\":\"\",\"limit\":\"\"}', '2015-01-11 21:32:58', '2015-01-11 21:34:35', '6f429314-661b-400d-82b8-e6bcb277f67d');
INSERT INTO `craft_fields` (`id`, `groupId`, `name`, `handle`, `context`, `instructions`, `translatable`, `type`, `settings`, `dateCreated`, `dateUpdated`, `uid`) VALUES ('62', NULL, 'Video Title', 'videoTitle', 'matrixBlockType:15', '', '0', 'PlainText', '{\"placeholder\":\"\",\"maxLength\":\"\",\"multiline\":\"\",\"initialRows\":\"4\"}', '2015-01-12 00:46:03', '2015-01-12 00:46:03', '593c6328-232e-440a-8374-edecd6154756');
INSERT INTO `craft_fields` (`id`, `groupId`, `name`, `handle`, `context`, `instructions`, `translatable`, `type`, `settings`, `dateCreated`, `dateUpdated`, `uid`) VALUES ('63', NULL, 'Video Embed Code', 'videoEmbedCode', 'matrixBlockType:15', '', '0', 'PlainText', '{\"placeholder\":\"\",\"maxLength\":\"\",\"multiline\":\"\",\"initialRows\":\"4\"}', '2015-01-12 00:46:03', '2015-01-12 00:46:03', 'fb06e4ed-c371-4784-a2ec-bb9086b80b31');
INSERT INTO `craft_fields` (`id`, `groupId`, `name`, `handle`, `context`, `instructions`, `translatable`, `type`, `settings`, `dateCreated`, `dateUpdated`, `uid`) VALUES ('64', NULL, 'Position', 'position', 'matrixBlockType:15', '', '0', 'PositionSelect', '{\"options\":[\"left\",\"right\"]}', '2015-01-12 00:46:03', '2015-01-12 00:46:03', '5ae151be-6f49-49f1-bbe8-86e08800cf57');
INSERT INTO `craft_fields` (`id`, `groupId`, `name`, `handle`, `context`, `instructions`, `translatable`, `type`, `settings`, `dateCreated`, `dateUpdated`, `uid`) VALUES ('65', NULL, 'Related Entries', 'relatedEntries', 'matrixBlockType:16', '', '0', 'Entries', '{\"sources\":\"*\",\"limit\":\"\"}', '2015-01-13 01:54:13', '2015-01-13 02:25:24', 'c52dc0ed-6fd0-4d00-9608-2753faf6ebe0');
INSERT INTO `craft_fields` (`id`, `groupId`, `name`, `handle`, `context`, `instructions`, `translatable`, `type`, `settings`, `dateCreated`, `dateUpdated`, `uid`) VALUES ('66', NULL, 'Related Block Title', 'relatedBlockTitle', 'matrixBlockType:16', '', '0', 'PlainText', '{\"placeholder\":\"\",\"maxLength\":\"\",\"multiline\":\"\",\"initialRows\":\"4\"}', '2015-01-13 02:22:41', '2015-01-13 02:25:24', '75480132-3ead-4b02-9928-14fd0dd784a3');
INSERT INTO `craft_fields` (`id`, `groupId`, `name`, `handle`, `context`, `instructions`, `translatable`, `type`, `settings`, `dateCreated`, `dateUpdated`, `uid`) VALUES ('67', '2', 'Gardens Content', 'gardensContent', 'global', 'Input content for the gardens', '0', 'Matrix', '{\"maxBlocks\":null}', '2015-01-19 01:08:51', '2015-01-19 01:55:17', 'eac7f900-ede4-4570-88d0-f0c3614bec20');
INSERT INTO `craft_fields` (`id`, `groupId`, `name`, `handle`, `context`, `instructions`, `translatable`, `type`, `settings`, `dateCreated`, `dateUpdated`, `uid`) VALUES ('68', NULL, 'Text', 'text', 'matrixBlockType:17', 'Two sentence hook', '0', 'PlainText', '{\"placeholder\":\"\",\"maxLength\":\"\",\"multiline\":\"\",\"initialRows\":\"4\"}', '2015-01-19 01:08:51', '2015-01-19 01:55:17', '4d029302-ace0-44e3-bb51-fee11637e405');
INSERT INTO `craft_fields` (`id`, `groupId`, `name`, `handle`, `context`, `instructions`, `translatable`, `type`, `settings`, `dateCreated`, `dateUpdated`, `uid`) VALUES ('69', NULL, 'Text', 'text', 'matrixBlockType:18', '', '0', 'RichText', '{\"configFile\":\"Standard.json\",\"cleanupHtml\":\"1\",\"purifyHtml\":\"\",\"columnType\":\"text\"}', '2015-01-19 01:08:51', '2015-01-19 01:55:17', 'd9a92b1a-1c31-44cc-9f60-326d3371db68');
INSERT INTO `craft_fields` (`id`, `groupId`, `name`, `handle`, `context`, `instructions`, `translatable`, `type`, `settings`, `dateCreated`, `dateUpdated`, `uid`) VALUES ('70', NULL, 'Image', 'image', 'matrixBlockType:19', 'image 725x520', '0', 'Assets', '{\"useSingleFolder\":\"\",\"sources\":\"*\",\"defaultUploadLocationSource\":\"3\",\"defaultUploadLocationSubpath\":\"\",\"singleUploadLocationSource\":\"1\",\"singleUploadLocationSubpath\":\"\",\"restrictFiles\":\"\",\"limit\":\"\"}', '2015-01-19 01:08:51', '2015-01-19 01:55:17', 'aeea4bd0-6ce1-47cd-9f83-3397f66e8f07');
INSERT INTO `craft_fields` (`id`, `groupId`, `name`, `handle`, `context`, `instructions`, `translatable`, `type`, `settings`, `dateCreated`, `dateUpdated`, `uid`) VALUES ('71', NULL, 'Slideshow Title', 'slideshowTitle', 'matrixBlockType:19', 'Title for slideshow. Leave blank if none desired.', '0', 'PlainText', '{\"placeholder\":\"\",\"maxLength\":\"\",\"multiline\":\"\",\"initialRows\":\"4\"}', '2015-01-19 01:08:51', '2015-01-19 01:55:17', '94c33172-871a-4c58-90ce-08a2456e40ab');
INSERT INTO `craft_fields` (`id`, `groupId`, `name`, `handle`, `context`, `instructions`, `translatable`, `type`, `settings`, `dateCreated`, `dateUpdated`, `uid`) VALUES ('72', '2', 'Gardens Sidebar', 'gardensSidebar', 'global', '', '0', 'Matrix', '{\"maxBlocks\":null}', '2015-01-19 01:11:55', '2015-01-19 02:32:29', '98f3309e-6742-4261-8825-95b111090be5');
INSERT INTO `craft_fields` (`id`, `groupId`, `name`, `handle`, `context`, `instructions`, `translatable`, `type`, `settings`, `dateCreated`, `dateUpdated`, `uid`) VALUES ('73', NULL, 'Related Block Title', 'relatedBlockTitle', 'matrixBlockType:20', '', '0', 'PlainText', '{\"placeholder\":\"\",\"maxLength\":\"\",\"multiline\":\"\",\"initialRows\":\"4\"}', '2015-01-19 01:11:55', '2015-01-19 02:32:29', 'c6ee159d-c766-41de-ba56-505f20ee597c');
INSERT INTO `craft_fields` (`id`, `groupId`, `name`, `handle`, `context`, `instructions`, `translatable`, `type`, `settings`, `dateCreated`, `dateUpdated`, `uid`) VALUES ('74', NULL, 'Related Entries', 'relatedEntries', 'matrixBlockType:20', '', '0', 'Entries', '{\"sources\":\"*\",\"limit\":\"\"}', '2015-01-19 01:11:55', '2015-01-19 02:32:29', 'c35a9f83-8a51-4f51-b7f5-fb1a3fec7e2e');
INSERT INTO `craft_fields` (`id`, `groupId`, `name`, `handle`, `context`, `instructions`, `translatable`, `type`, `settings`, `dateCreated`, `dateUpdated`, `uid`) VALUES ('75', NULL, 'Text', 'text', 'matrixBlockType:21', '', '0', 'RichText', '{\"configFile\":\"Standard.json\",\"cleanupHtml\":\"1\",\"purifyHtml\":\"\",\"columnType\":\"text\"}', '2015-01-19 01:52:16', '2015-01-19 01:55:17', '35fd598a-c830-40db-9400-ef59bd4b98b8');
INSERT INTO `craft_fields` (`id`, `groupId`, `name`, `handle`, `context`, `instructions`, `translatable`, `type`, `settings`, `dateCreated`, `dateUpdated`, `uid`) VALUES ('76', NULL, 'Text', 'text', 'matrixBlockType:22', '', '0', 'RichText', '{\"configFile\":\"Standard.json\",\"cleanupHtml\":\"1\",\"purifyHtml\":\"\",\"columnType\":\"text\"}', '2015-01-19 02:32:29', '2015-01-19 02:32:29', 'a10dc25c-56c4-4936-9e54-bbc517401219');



DROP TABLE IF EXISTS `craft_globalsets`;


--
-- Schema for table `craft_globalsets`
--
CREATE TABLE `craft_globalsets` (
  `id` int(11) NOT NULL,
  `name` varchar(255) COLLATE utf8_unicode_ci NOT NULL,
  `handle` varchar(255) COLLATE utf8_unicode_ci NOT NULL,
  `fieldLayoutId` int(10) DEFAULT NULL,
  `dateCreated` datetime NOT NULL,
  `dateUpdated` datetime NOT NULL,
  `uid` char(36) COLLATE utf8_unicode_ci NOT NULL DEFAULT '0',
  PRIMARY KEY (`id`),
  UNIQUE KEY `craft_globalsets_name_unq_idx` (`name`),
  UNIQUE KEY `craft_globalsets_handle_unq_idx` (`handle`),
  KEY `craft_globalsets_fieldLayoutId_fk` (`fieldLayoutId`)
) ENGINE=InnoDB DEFAULT CHARSET=utf8 COLLATE=utf8_unicode_ci;

--
-- Data for table `craft_globalsets`
--

INSERT INTO `craft_globalsets` (`id`, `name`, `handle`, `fieldLayoutId`, `dateCreated`, `dateUpdated`, `uid`) VALUES ('4', 'global-1', 'global1', '6', '2014-11-26 00:48:53', '2014-11-26 00:48:53', 'c3ceb090-3dc4-4caa-acea-86d2d4b99b2f');



DROP TABLE IF EXISTS `craft_info`;


--
-- Schema for table `craft_info`
--
CREATE TABLE `craft_info` (
  `id` int(11) NOT NULL AUTO_INCREMENT,
  `version` varchar(15) COLLATE utf8_unicode_ci NOT NULL,
  `build` int(11) unsigned NOT NULL,
  `schemaVersion` varchar(15) COLLATE utf8_unicode_ci NOT NULL,
  `releaseDate` datetime NOT NULL,
  `edition` tinyint(1) unsigned NOT NULL DEFAULT '0',
  `siteName` varchar(100) COLLATE utf8_unicode_ci NOT NULL,
  `siteUrl` varchar(255) COLLATE utf8_unicode_ci NOT NULL,
  `timezone` varchar(30) COLLATE utf8_unicode_ci DEFAULT NULL,
  `on` tinyint(1) unsigned NOT NULL DEFAULT '0',
  `maintenance` tinyint(1) unsigned NOT NULL DEFAULT '0',
  `track` varchar(40) COLLATE utf8_unicode_ci NOT NULL,
  `dateCreated` datetime NOT NULL,
  `dateUpdated` datetime NOT NULL,
  `uid` char(36) COLLATE utf8_unicode_ci NOT NULL DEFAULT '0',
  PRIMARY KEY (`id`)
) ENGINE=InnoDB AUTO_INCREMENT=2 DEFAULT CHARSET=utf8 COLLATE=utf8_unicode_ci;

--
-- Data for table `craft_info`
--

INSERT INTO `craft_info` (`id`, `version`, `build`, `schemaVersion`, `releaseDate`, `edition`, `siteName`, `siteUrl`, `timezone`, `on`, `maintenance`, `track`, `dateCreated`, `dateUpdated`, `uid`) VALUES ('1', '2.3', '2624', '2.3.1', '2014-12-30 21:12:53', '1', 'Ithaca Children\'s Garden', 'http://ontherocks.dev', 'UTC', '1', '1', 'stable', '2014-11-26 00:20:25', '2015-01-20 02:30:30', '4c24a9b4-b49d-4658-9a95-48e90bb80b65');



DROP TABLE IF EXISTS `craft_locales`;


--
-- Schema for table `craft_locales`
--
CREATE TABLE `craft_locales` (
  `locale` char(12) COLLATE utf8_unicode_ci NOT NULL,
  `sortOrder` tinyint(4) DEFAULT NULL,
  `dateCreated` datetime NOT NULL,
  `dateUpdated` datetime NOT NULL,
  `uid` char(36) COLLATE utf8_unicode_ci NOT NULL DEFAULT '0',
  PRIMARY KEY (`locale`),
  KEY `craft_locales_sortOrder_idx` (`sortOrder`)
) ENGINE=InnoDB DEFAULT CHARSET=utf8 COLLATE=utf8_unicode_ci;

--
-- Data for table `craft_locales`
--

INSERT INTO `craft_locales` (`locale`, `sortOrder`, `dateCreated`, `dateUpdated`, `uid`) VALUES ('en_us', '1', '2014-11-26 00:20:25', '2014-11-26 00:20:25', '085d50ef-1101-4aa8-844c-5ccada39b95e');



DROP TABLE IF EXISTS `craft_matrixblocks`;


--
-- Schema for table `craft_matrixblocks`
--
CREATE TABLE `craft_matrixblocks` (
  `id` int(11) NOT NULL,
  `ownerId` int(11) NOT NULL,
  `fieldId` int(11) NOT NULL,
  `typeId` int(11) DEFAULT NULL,
  `sortOrder` tinyint(4) DEFAULT NULL,
  `ownerLocale` char(12) COLLATE utf8_unicode_ci DEFAULT NULL,
  `dateCreated` datetime NOT NULL,
  `dateUpdated` datetime NOT NULL,
  `uid` char(36) COLLATE utf8_unicode_ci NOT NULL DEFAULT '0',
  PRIMARY KEY (`id`),
  KEY `craft_matrixblocks_ownerId_idx` (`ownerId`),
  KEY `craft_matrixblocks_fieldId_idx` (`fieldId`),
  KEY `craft_matrixblocks_typeId_idx` (`typeId`),
  KEY `craft_matrixblocks_sortOrder_idx` (`sortOrder`),
  KEY `craft_matrixblocks_ownerLocale_fk` (`ownerLocale`)
) ENGINE=InnoDB DEFAULT CHARSET=utf8 COLLATE=utf8_unicode_ci;

--
-- Data for table `craft_matrixblocks`
--

INSERT INTO `craft_matrixblocks` (`id`, `ownerId`, `fieldId`, `typeId`, `sortOrder`, `ownerLocale`, `dateCreated`, `dateUpdated`, `uid`) VALUES ('42', '41', '16', '3', '3', NULL, '2014-12-31 18:09:28', '2015-01-10 18:47:00', '8c2200f0-49d3-4a07-9c51-312299a9c138');
INSERT INTO `craft_matrixblocks` (`id`, `ownerId`, `fieldId`, `typeId`, `sortOrder`, `ownerLocale`, `dateCreated`, `dateUpdated`, `uid`) VALUES ('43', '41', '16', '4', '4', NULL, '2014-12-31 18:09:28', '2015-01-10 18:47:01', '0402ce2a-1769-4961-9bd9-6e86bc04564e');
INSERT INTO `craft_matrixblocks` (`id`, `ownerId`, `fieldId`, `typeId`, `sortOrder`, `ownerLocale`, `dateCreated`, `dateUpdated`, `uid`) VALUES ('44', '41', '21', '6', '1', NULL, '2014-12-31 18:09:28', '2015-01-10 18:47:01', 'd514d414-adca-4342-a75e-038fe4482ced');
INSERT INTO `craft_matrixblocks` (`id`, `ownerId`, `fieldId`, `typeId`, `sortOrder`, `ownerLocale`, `dateCreated`, `dateUpdated`, `uid`) VALUES ('46', '41', '16', '5', '1', NULL, '2014-12-31 18:13:17', '2015-01-10 18:47:00', 'c300db77-47b8-4b93-b171-d8f0610968ef');
INSERT INTO `craft_matrixblocks` (`id`, `ownerId`, `fieldId`, `typeId`, `sortOrder`, `ownerLocale`, `dateCreated`, `dateUpdated`, `uid`) VALUES ('47', '41', '21', '6', '2', NULL, '2014-12-31 18:13:17', '2015-01-10 18:47:01', '8754f63f-75f7-4330-81d2-a03af52140da');
INSERT INTO `craft_matrixblocks` (`id`, `ownerId`, `fieldId`, `typeId`, `sortOrder`, `ownerLocale`, `dateCreated`, `dateUpdated`, `uid`) VALUES ('50', '41', '16', '4', '2', NULL, '2015-01-02 03:24:56', '2015-01-10 18:47:00', '7c462a81-089b-4403-8370-7b18d2d9f76d');
INSERT INTO `craft_matrixblocks` (`id`, `ownerId`, `fieldId`, `typeId`, `sortOrder`, `ownerLocale`, `dateCreated`, `dateUpdated`, `uid`) VALUES ('54', '53', '16', '3', '1', NULL, '2015-01-02 19:11:59', '2015-01-11 16:23:29', '89077bdf-8df3-441d-b86e-c3dc93f8215d');
INSERT INTO `craft_matrixblocks` (`id`, `ownerId`, `fieldId`, `typeId`, `sortOrder`, `ownerLocale`, `dateCreated`, `dateUpdated`, `uid`) VALUES ('55', '53', '21', '6', '1', NULL, '2015-01-02 19:11:59', '2015-01-11 16:23:29', '50b51ab0-c37c-41d7-a5a7-036ee2354d30');
INSERT INTO `craft_matrixblocks` (`id`, `ownerId`, `fieldId`, `typeId`, `sortOrder`, `ownerLocale`, `dateCreated`, `dateUpdated`, `uid`) VALUES ('56', '53', '21', '6', '2', NULL, '2015-01-02 19:11:59', '2015-01-11 16:23:29', 'e589c70b-cdee-435d-97ad-c58de45c2802');
INSERT INTO `craft_matrixblocks` (`id`, `ownerId`, `fieldId`, `typeId`, `sortOrder`, `ownerLocale`, `dateCreated`, `dateUpdated`, `uid`) VALUES ('57', '53', '21', '6', '3', NULL, '2015-01-02 19:11:59', '2015-01-11 16:23:29', 'a0a73f91-8256-4f6c-9a6b-66b8a0aad22e');
INSERT INTO `craft_matrixblocks` (`id`, `ownerId`, `fieldId`, `typeId`, `sortOrder`, `ownerLocale`, `dateCreated`, `dateUpdated`, `uid`) VALUES ('66', '65', '31', '7', '1', NULL, '2015-01-03 02:59:22', '2015-01-04 22:58:39', '3d848388-6c30-485c-9fec-9124719a1f66');
INSERT INTO `craft_matrixblocks` (`id`, `ownerId`, `fieldId`, `typeId`, `sortOrder`, `ownerLocale`, `dateCreated`, `dateUpdated`, `uid`) VALUES ('69', '68', '31', '7', '1', NULL, '2015-01-03 03:03:48', '2015-01-03 03:03:48', 'a383cfe7-b48f-44a6-8b8e-9ca98aef3006');
INSERT INTO `craft_matrixblocks` (`id`, `ownerId`, `fieldId`, `typeId`, `sortOrder`, `ownerLocale`, `dateCreated`, `dateUpdated`, `uid`) VALUES ('72', '71', '31', '7', '1', NULL, '2015-01-03 04:13:47', '2015-01-03 04:17:04', '1436c812-34ee-41df-9df2-f9e51f61f52d');
INSERT INTO `craft_matrixblocks` (`id`, `ownerId`, `fieldId`, `typeId`, `sortOrder`, `ownerLocale`, `dateCreated`, `dateUpdated`, `uid`) VALUES ('75', '74', '31', '7', '1', NULL, '2015-01-03 04:30:07', '2015-01-03 15:17:59', '9d627717-90b9-402a-ad7f-23066fa9a52b');
INSERT INTO `craft_matrixblocks` (`id`, `ownerId`, `fieldId`, `typeId`, `sortOrder`, `ownerLocale`, `dateCreated`, `dateUpdated`, `uid`) VALUES ('78', '77', '31', '7', '1', NULL, '2015-01-03 04:33:20', '2015-01-03 04:33:20', 'e14ff560-e0e2-4390-8212-7e16b76bbaaa');
INSERT INTO `craft_matrixblocks` (`id`, `ownerId`, `fieldId`, `typeId`, `sortOrder`, `ownerLocale`, `dateCreated`, `dateUpdated`, `uid`) VALUES ('81', '80', '31', '7', '1', NULL, '2015-01-03 04:36:25', '2015-01-03 04:36:25', '7985aaff-6d16-4bbf-9a33-752dd9970b6b');
INSERT INTO `craft_matrixblocks` (`id`, `ownerId`, `fieldId`, `typeId`, `sortOrder`, `ownerLocale`, `dateCreated`, `dateUpdated`, `uid`) VALUES ('87', '86', '38', '8', '2', NULL, '2015-01-03 15:59:38', '2015-01-03 17:55:20', '73d5b02f-68dc-41e5-ba15-f9592a320a68');
INSERT INTO `craft_matrixblocks` (`id`, `ownerId`, `fieldId`, `typeId`, `sortOrder`, `ownerLocale`, `dateCreated`, `dateUpdated`, `uid`) VALUES ('88', '86', '38', '9', '3', NULL, '2015-01-03 15:59:38', '2015-01-03 17:55:20', '00360ef4-4b1b-4019-9e7e-4a7d64306a61');
INSERT INTO `craft_matrixblocks` (`id`, `ownerId`, `fieldId`, `typeId`, `sortOrder`, `ownerLocale`, `dateCreated`, `dateUpdated`, `uid`) VALUES ('89', '86', '38', '10', '4', NULL, '2015-01-03 15:59:38', '2015-01-03 17:55:20', '024a3732-0019-4aa2-93df-8cc3ec663dfb');
INSERT INTO `craft_matrixblocks` (`id`, `ownerId`, `fieldId`, `typeId`, `sortOrder`, `ownerLocale`, `dateCreated`, `dateUpdated`, `uid`) VALUES ('90', '86', '38', '11', '5', NULL, '2015-01-03 15:59:38', '2015-01-03 17:55:20', '82c42f44-7b99-46aa-89c2-0cc072594c63');
INSERT INTO `craft_matrixblocks` (`id`, `ownerId`, `fieldId`, `typeId`, `sortOrder`, `ownerLocale`, `dateCreated`, `dateUpdated`, `uid`) VALUES ('91', '86', '38', '12', '1', NULL, '2015-01-03 15:59:38', '2015-01-03 17:55:20', '99061086-2a6a-4182-a513-8c7bb4bdd1dd');
INSERT INTO `craft_matrixblocks` (`id`, `ownerId`, `fieldId`, `typeId`, `sortOrder`, `ownerLocale`, `dateCreated`, `dateUpdated`, `uid`) VALUES ('94', '93', '38', '8', '1', NULL, '2015-01-03 17:50:35', '2015-01-03 17:50:35', '24b1df74-5bd1-4d33-83bb-126369adb705');
INSERT INTO `craft_matrixblocks` (`id`, `ownerId`, `fieldId`, `typeId`, `sortOrder`, `ownerLocale`, `dateCreated`, `dateUpdated`, `uid`) VALUES ('95', '93', '38', '9', '2', NULL, '2015-01-03 17:50:35', '2015-01-03 17:50:35', '4682f7ca-9b4e-4c55-9b82-971830170ada');
INSERT INTO `craft_matrixblocks` (`id`, `ownerId`, `fieldId`, `typeId`, `sortOrder`, `ownerLocale`, `dateCreated`, `dateUpdated`, `uid`) VALUES ('96', '93', '38', '8', '3', NULL, '2015-01-03 17:50:35', '2015-01-03 17:50:35', 'e5b192f0-3ca2-4e10-ad88-0e7cb8bbc824');
INSERT INTO `craft_matrixblocks` (`id`, `ownerId`, `fieldId`, `typeId`, `sortOrder`, `ownerLocale`, `dateCreated`, `dateUpdated`, `uid`) VALUES ('97', '93', '38', '10', '4', NULL, '2015-01-03 17:50:35', '2015-01-03 17:50:35', '54871fe4-deeb-469f-92f8-6dedc902340c');
INSERT INTO `craft_matrixblocks` (`id`, `ownerId`, `fieldId`, `typeId`, `sortOrder`, `ownerLocale`, `dateCreated`, `dateUpdated`, `uid`) VALUES ('98', '93', '38', '11', '5', NULL, '2015-01-03 17:50:35', '2015-01-03 17:50:35', 'bee7fd0e-b71d-4f77-9926-429c4fd96186');
INSERT INTO `craft_matrixblocks` (`id`, `ownerId`, `fieldId`, `typeId`, `sortOrder`, `ownerLocale`, `dateCreated`, `dateUpdated`, `uid`) VALUES ('99', '93', '38', '12', '6', NULL, '2015-01-03 17:50:35', '2015-01-03 17:50:35', 'b750512a-6fea-4d6a-b0b8-f0bcd9e4756d');
INSERT INTO `craft_matrixblocks` (`id`, `ownerId`, `fieldId`, `typeId`, `sortOrder`, `ownerLocale`, `dateCreated`, `dateUpdated`, `uid`) VALUES ('110', '109', '16', '3', '1', NULL, '2015-01-04 16:07:31', '2015-01-04 16:07:31', 'e665888d-322f-4c66-9365-f9de50eae58c');
INSERT INTO `craft_matrixblocks` (`id`, `ownerId`, `fieldId`, `typeId`, `sortOrder`, `ownerLocale`, `dateCreated`, `dateUpdated`, `uid`) VALUES ('111', '109', '16', '4', '2', NULL, '2015-01-04 16:07:31', '2015-01-04 16:07:31', 'd8db6a8c-4488-4ea3-a330-eee423a056fb');
INSERT INTO `craft_matrixblocks` (`id`, `ownerId`, `fieldId`, `typeId`, `sortOrder`, `ownerLocale`, `dateCreated`, `dateUpdated`, `uid`) VALUES ('112', '109', '21', '6', '1', NULL, '2015-01-04 16:07:31', '2015-01-04 16:07:31', '3e5e1847-d2bc-45bb-a874-a4f3ac903107');
INSERT INTO `craft_matrixblocks` (`id`, `ownerId`, `fieldId`, `typeId`, `sortOrder`, `ownerLocale`, `dateCreated`, `dateUpdated`, `uid`) VALUES ('117', '116', '16', '3', '1', NULL, '2015-01-04 22:17:14', '2015-01-10 18:28:49', 'c5228935-93e4-4baf-8c0b-948a2554fa93');
INSERT INTO `craft_matrixblocks` (`id`, `ownerId`, `fieldId`, `typeId`, `sortOrder`, `ownerLocale`, `dateCreated`, `dateUpdated`, `uid`) VALUES ('118', '116', '21', '6', '1', NULL, '2015-01-04 22:17:14', '2015-01-10 18:28:49', '1972e742-c129-45d5-b47d-8a57a7a96e74');
INSERT INTO `craft_matrixblocks` (`id`, `ownerId`, `fieldId`, `typeId`, `sortOrder`, `ownerLocale`, `dateCreated`, `dateUpdated`, `uid`) VALUES ('126', '125', '16', '3', '1', NULL, '2015-01-10 14:52:38', '2015-01-10 18:31:49', '1f93d4ab-22dc-4015-8c2b-272aa887243d');
INSERT INTO `craft_matrixblocks` (`id`, `ownerId`, `fieldId`, `typeId`, `sortOrder`, `ownerLocale`, `dateCreated`, `dateUpdated`, `uid`) VALUES ('127', '125', '16', '3', '2', NULL, '2015-01-10 14:52:38', '2015-01-10 18:31:49', 'cedfd25f-df09-4859-94d1-4e731f85d576');
INSERT INTO `craft_matrixblocks` (`id`, `ownerId`, `fieldId`, `typeId`, `sortOrder`, `ownerLocale`, `dateCreated`, `dateUpdated`, `uid`) VALUES ('128', '125', '21', '6', '1', NULL, '2015-01-10 14:52:38', '2015-01-10 18:31:49', '3dfd55a7-ff11-4ffa-a703-80f9a91230ae');
INSERT INTO `craft_matrixblocks` (`id`, `ownerId`, `fieldId`, `typeId`, `sortOrder`, `ownerLocale`, `dateCreated`, `dateUpdated`, `uid`) VALUES ('131', '130', '16', '3', '1', NULL, '2015-01-10 14:57:54', '2015-01-10 18:24:05', '75784f92-a5d8-403b-969d-ba06bc5ed80a');
INSERT INTO `craft_matrixblocks` (`id`, `ownerId`, `fieldId`, `typeId`, `sortOrder`, `ownerLocale`, `dateCreated`, `dateUpdated`, `uid`) VALUES ('132', '130', '21', '6', '1', NULL, '2015-01-10 14:57:54', '2015-01-10 18:24:05', '2da2159f-2585-4d13-bbdf-ecb16d3db4a3');
INSERT INTO `craft_matrixblocks` (`id`, `ownerId`, `fieldId`, `typeId`, `sortOrder`, `ownerLocale`, `dateCreated`, `dateUpdated`, `uid`) VALUES ('139', '138', '38', '8', '1', NULL, '2015-01-11 16:31:39', '2015-01-11 16:57:01', 'bacdf1a9-54b4-432e-9806-add0561b699d');
INSERT INTO `craft_matrixblocks` (`id`, `ownerId`, `fieldId`, `typeId`, `sortOrder`, `ownerLocale`, `dateCreated`, `dateUpdated`, `uid`) VALUES ('140', '138', '38', '8', '2', NULL, '2015-01-11 16:31:39', '2015-01-11 16:57:01', 'e6e3fa68-d617-4517-a5da-569e2a4d32c3');
INSERT INTO `craft_matrixblocks` (`id`, `ownerId`, `fieldId`, `typeId`, `sortOrder`, `ownerLocale`, `dateCreated`, `dateUpdated`, `uid`) VALUES ('141', '138', '38', '8', '3', NULL, '2015-01-11 16:31:39', '2015-01-11 16:57:01', '87b19cbe-7639-4b1f-87da-0281982b3194');
INSERT INTO `craft_matrixblocks` (`id`, `ownerId`, `fieldId`, `typeId`, `sortOrder`, `ownerLocale`, `dateCreated`, `dateUpdated`, `uid`) VALUES ('143', '138', '59', '14', '1', NULL, '2015-01-11 16:51:34', '2015-01-11 16:57:01', 'fd102d19-ffb9-49af-b874-f08718b6904b');
INSERT INTO `craft_matrixblocks` (`id`, `ownerId`, `fieldId`, `typeId`, `sortOrder`, `ownerLocale`, `dateCreated`, `dateUpdated`, `uid`) VALUES ('145', '144', '38', '8', '1', NULL, '2015-01-11 17:01:30', '2015-01-11 17:07:03', '7337281c-9c62-4f7f-966f-496b3f5fd5a0');
INSERT INTO `craft_matrixblocks` (`id`, `ownerId`, `fieldId`, `typeId`, `sortOrder`, `ownerLocale`, `dateCreated`, `dateUpdated`, `uid`) VALUES ('165', '164', '38', '8', '2', NULL, '2015-01-13 01:49:48', '2015-01-15 18:10:30', '1cd3cca3-6d2a-4f93-9555-40c54faf4bc2');
INSERT INTO `craft_matrixblocks` (`id`, `ownerId`, `fieldId`, `typeId`, `sortOrder`, `ownerLocale`, `dateCreated`, `dateUpdated`, `uid`) VALUES ('166', '164', '38', '10', '5', NULL, '2015-01-13 01:49:48', '2015-01-15 18:10:30', '2c795b60-1e73-4260-9d99-812dec32c790');
INSERT INTO `craft_matrixblocks` (`id`, `ownerId`, `fieldId`, `typeId`, `sortOrder`, `ownerLocale`, `dateCreated`, `dateUpdated`, `uid`) VALUES ('167', '164', '38', '11', '3', NULL, '2015-01-13 01:49:48', '2015-01-15 18:10:30', '2752fa89-eb24-4330-8af1-9752c7b41957');
INSERT INTO `craft_matrixblocks` (`id`, `ownerId`, `fieldId`, `typeId`, `sortOrder`, `ownerLocale`, `dateCreated`, `dateUpdated`, `uid`) VALUES ('168', '164', '59', '16', '1', NULL, '2015-01-13 01:56:38', '2015-01-15 18:10:30', '4ee78a6d-4dad-4984-bceb-f80c027faddd');
INSERT INTO `craft_matrixblocks` (`id`, `ownerId`, `fieldId`, `typeId`, `sortOrder`, `ownerLocale`, `dateCreated`, `dateUpdated`, `uid`) VALUES ('173', '164', '38', '9', '1', NULL, '2015-01-13 02:12:44', '2015-01-15 18:10:30', '94555a91-7858-49a6-8d54-6acad624b515');
INSERT INTO `craft_matrixblocks` (`id`, `ownerId`, `fieldId`, `typeId`, `sortOrder`, `ownerLocale`, `dateCreated`, `dateUpdated`, `uid`) VALUES ('175', '164', '59', '14', '2', NULL, '2015-01-13 02:29:00', '2015-01-15 18:10:30', 'c9600639-4f93-4b14-bada-9bee62ff4b58');
INSERT INTO `craft_matrixblocks` (`id`, `ownerId`, `fieldId`, `typeId`, `sortOrder`, `ownerLocale`, `dateCreated`, `dateUpdated`, `uid`) VALUES ('176', '164', '38', '8', '6', NULL, '2015-01-13 04:15:12', '2015-01-15 18:10:30', 'eb05e3a2-d691-4f73-9e6f-1e7b7966884b');
INSERT INTO `craft_matrixblocks` (`id`, `ownerId`, `fieldId`, `typeId`, `sortOrder`, `ownerLocale`, `dateCreated`, `dateUpdated`, `uid`) VALUES ('177', '164', '38', '8', '4', NULL, '2015-01-13 04:16:13', '2015-01-15 18:10:30', 'e40744f2-1939-465f-ba58-4013ba6fa828');
INSERT INTO `craft_matrixblocks` (`id`, `ownerId`, `fieldId`, `typeId`, `sortOrder`, `ownerLocale`, `dateCreated`, `dateUpdated`, `uid`) VALUES ('180', '179', '67', '17', '1', NULL, '2015-01-19 01:58:55', '2015-01-20 01:51:22', 'af33405d-8935-4e49-8474-b4fe665058a9');
INSERT INTO `craft_matrixblocks` (`id`, `ownerId`, `fieldId`, `typeId`, `sortOrder`, `ownerLocale`, `dateCreated`, `dateUpdated`, `uid`) VALUES ('181', '179', '67', '18', '2', NULL, '2015-01-19 01:58:55', '2015-01-20 01:51:22', '1e52f92d-7a2e-426e-b381-255737c7ea25');
INSERT INTO `craft_matrixblocks` (`id`, `ownerId`, `fieldId`, `typeId`, `sortOrder`, `ownerLocale`, `dateCreated`, `dateUpdated`, `uid`) VALUES ('182', '179', '67', '21', '4', NULL, '2015-01-19 01:58:55', '2015-01-20 01:51:22', '5ea6ef75-1538-4075-89fb-4be7483e6188');
INSERT INTO `craft_matrixblocks` (`id`, `ownerId`, `fieldId`, `typeId`, `sortOrder`, `ownerLocale`, `dateCreated`, `dateUpdated`, `uid`) VALUES ('183', '179', '72', '20', '1', NULL, '2015-01-19 01:58:55', '2015-01-20 01:51:22', '92a4f86e-c93c-4de5-9bca-995993e50345');
INSERT INTO `craft_matrixblocks` (`id`, `ownerId`, `fieldId`, `typeId`, `sortOrder`, `ownerLocale`, `dateCreated`, `dateUpdated`, `uid`) VALUES ('184', '179', '67', '19', '3', NULL, '2015-01-19 02:19:21', '2015-01-20 01:51:22', '44765d75-c6c9-4ad2-ba9d-13203cb0146d');
INSERT INTO `craft_matrixblocks` (`id`, `ownerId`, `fieldId`, `typeId`, `sortOrder`, `ownerLocale`, `dateCreated`, `dateUpdated`, `uid`) VALUES ('186', '185', '67', '17', '1', NULL, '2015-01-19 03:06:36', '2015-01-19 21:57:46', '822218a2-fdf4-4e74-aa1a-14afc83b7579');
INSERT INTO `craft_matrixblocks` (`id`, `ownerId`, `fieldId`, `typeId`, `sortOrder`, `ownerLocale`, `dateCreated`, `dateUpdated`, `uid`) VALUES ('187', '185', '67', '18', '2', NULL, '2015-01-19 03:16:54', '2015-01-19 21:57:46', '659b5345-5df1-4273-82ac-f1572c15c448');
INSERT INTO `craft_matrixblocks` (`id`, `ownerId`, `fieldId`, `typeId`, `sortOrder`, `ownerLocale`, `dateCreated`, `dateUpdated`, `uid`) VALUES ('191', '185', '67', '19', '3', NULL, '2015-01-19 03:28:12', '2015-01-19 21:57:46', '790b8dbd-dfd6-499f-9b28-ecffe7a3c1a0');
INSERT INTO `craft_matrixblocks` (`id`, `ownerId`, `fieldId`, `typeId`, `sortOrder`, `ownerLocale`, `dateCreated`, `dateUpdated`, `uid`) VALUES ('192', '185', '67', '21', '5', NULL, '2015-01-19 03:28:12', '2015-01-19 21:57:46', '2cb6240c-1452-490a-aafa-8282216dafd0');
INSERT INTO `craft_matrixblocks` (`id`, `ownerId`, `fieldId`, `typeId`, `sortOrder`, `ownerLocale`, `dateCreated`, `dateUpdated`, `uid`) VALUES ('193', '185', '67', '18', '4', NULL, '2015-01-19 21:57:46', '2015-01-19 21:57:46', '8ce667de-6bbc-4074-b22e-e0b80bfa2047');
INSERT INTO `craft_matrixblocks` (`id`, `ownerId`, `fieldId`, `typeId`, `sortOrder`, `ownerLocale`, `dateCreated`, `dateUpdated`, `uid`) VALUES ('194', '23', '67', '17', '1', NULL, '2015-01-19 22:14:46', '2015-01-20 02:04:16', '35da7eba-f293-444f-8661-98140d7eb54d');
INSERT INTO `craft_matrixblocks` (`id`, `ownerId`, `fieldId`, `typeId`, `sortOrder`, `ownerLocale`, `dateCreated`, `dateUpdated`, `uid`) VALUES ('195', '23', '67', '18', '2', NULL, '2015-01-19 22:14:46', '2015-01-20 02:04:16', '425670c5-ac30-4fbe-a717-90e0199522d2');
INSERT INTO `craft_matrixblocks` (`id`, `ownerId`, `fieldId`, `typeId`, `sortOrder`, `ownerLocale`, `dateCreated`, `dateUpdated`, `uid`) VALUES ('196', '23', '67', '21', '4', NULL, '2015-01-19 22:14:46', '2015-01-20 02:04:16', 'e4650cc5-dd96-4fdb-a8fe-de6a6bd055a2');
INSERT INTO `craft_matrixblocks` (`id`, `ownerId`, `fieldId`, `typeId`, `sortOrder`, `ownerLocale`, `dateCreated`, `dateUpdated`, `uid`) VALUES ('198', '197', '67', '17', '1', NULL, '2015-01-19 22:26:25', '2015-01-20 01:20:06', 'd8e94516-c656-4e4e-90dc-1fd1ba3133d0');
INSERT INTO `craft_matrixblocks` (`id`, `ownerId`, `fieldId`, `typeId`, `sortOrder`, `ownerLocale`, `dateCreated`, `dateUpdated`, `uid`) VALUES ('199', '197', '67', '18', '2', NULL, '2015-01-19 22:26:25', '2015-01-20 01:20:06', '1af6d372-676b-4bc9-a29b-77b91933ffea');
INSERT INTO `craft_matrixblocks` (`id`, `ownerId`, `fieldId`, `typeId`, `sortOrder`, `ownerLocale`, `dateCreated`, `dateUpdated`, `uid`) VALUES ('200', '197', '67', '19', '3', NULL, '2015-01-19 22:26:25', '2015-01-20 01:20:06', '5c54ad0f-06ca-43c2-8e4b-c77e725395ec');
INSERT INTO `craft_matrixblocks` (`id`, `ownerId`, `fieldId`, `typeId`, `sortOrder`, `ownerLocale`, `dateCreated`, `dateUpdated`, `uid`) VALUES ('201', '197', '67', '21', '5', NULL, '2015-01-19 22:26:25', '2015-01-20 01:20:06', 'd0abfe84-b7cc-4ed5-83e9-d26323a19245');
INSERT INTO `craft_matrixblocks` (`id`, `ownerId`, `fieldId`, `typeId`, `sortOrder`, `ownerLocale`, `dateCreated`, `dateUpdated`, `uid`) VALUES ('212', '197', '67', '18', '4', NULL, '2015-01-20 01:20:06', '2015-01-20 01:20:06', 'ac05355f-07f3-4d09-983f-b313891e359f');
INSERT INTO `craft_matrixblocks` (`id`, `ownerId`, `fieldId`, `typeId`, `sortOrder`, `ownerLocale`, `dateCreated`, `dateUpdated`, `uid`) VALUES ('221', '23', '67', '19', '3', NULL, '2015-01-20 02:00:24', '2015-01-20 02:04:16', '4ed90c74-f013-4fc9-8966-788b38951415');
INSERT INTO `craft_matrixblocks` (`id`, `ownerId`, `fieldId`, `typeId`, `sortOrder`, `ownerLocale`, `dateCreated`, `dateUpdated`, `uid`) VALUES ('224', '223', '67', '17', '1', NULL, '2015-01-20 02:14:24', '2015-01-20 02:15:22', 'ed190e95-b2d4-4a4a-b3fa-4618cebef815');
INSERT INTO `craft_matrixblocks` (`id`, `ownerId`, `fieldId`, `typeId`, `sortOrder`, `ownerLocale`, `dateCreated`, `dateUpdated`, `uid`) VALUES ('225', '223', '67', '18', '2', NULL, '2015-01-20 02:14:24', '2015-01-20 02:15:22', '6a144eec-e157-43bb-8f2a-735250a590ea');
INSERT INTO `craft_matrixblocks` (`id`, `ownerId`, `fieldId`, `typeId`, `sortOrder`, `ownerLocale`, `dateCreated`, `dateUpdated`, `uid`) VALUES ('226', '223', '67', '19', '3', NULL, '2015-01-20 02:14:24', '2015-01-20 02:15:22', '126044ab-8385-4f87-9a0c-3e91353fe3a5');
INSERT INTO `craft_matrixblocks` (`id`, `ownerId`, `fieldId`, `typeId`, `sortOrder`, `ownerLocale`, `dateCreated`, `dateUpdated`, `uid`) VALUES ('227', '223', '67', '21', '4', NULL, '2015-01-20 02:14:24', '2015-01-20 02:15:22', 'abc8608c-d5a4-4afb-85de-ad89c97b67d3');
INSERT INTO `craft_matrixblocks` (`id`, `ownerId`, `fieldId`, `typeId`, `sortOrder`, `ownerLocale`, `dateCreated`, `dateUpdated`, `uid`) VALUES ('235', '234', '67', '17', '1', NULL, '2015-01-20 02:28:56', '2015-01-20 02:29:57', '48dc34ca-ba33-411d-98ce-06d071bebaf3');
INSERT INTO `craft_matrixblocks` (`id`, `ownerId`, `fieldId`, `typeId`, `sortOrder`, `ownerLocale`, `dateCreated`, `dateUpdated`, `uid`) VALUES ('236', '234', '67', '18', '2', NULL, '2015-01-20 02:28:56', '2015-01-20 02:29:57', '563e8f80-0ee7-4a5d-a0ac-553c54ba3fce');
INSERT INTO `craft_matrixblocks` (`id`, `ownerId`, `fieldId`, `typeId`, `sortOrder`, `ownerLocale`, `dateCreated`, `dateUpdated`, `uid`) VALUES ('237', '234', '67', '19', '3', NULL, '2015-01-20 02:28:56', '2015-01-20 02:29:57', 'eec125ee-3767-4278-81a9-dabc1a368208');



DROP TABLE IF EXISTS `craft_matrixblocktypes`;


--
-- Schema for table `craft_matrixblocktypes`
--
CREATE TABLE `craft_matrixblocktypes` (
  `id` int(11) NOT NULL AUTO_INCREMENT,
  `fieldId` int(11) NOT NULL,
  `fieldLayoutId` int(11) DEFAULT NULL,
  `name` varchar(255) COLLATE utf8_unicode_ci NOT NULL,
  `handle` varchar(255) COLLATE utf8_unicode_ci NOT NULL,
  `sortOrder` tinyint(4) DEFAULT NULL,
  `dateCreated` datetime NOT NULL,
  `dateUpdated` datetime NOT NULL,
  `uid` char(36) COLLATE utf8_unicode_ci NOT NULL DEFAULT '0',
  PRIMARY KEY (`id`),
  UNIQUE KEY `craft_matrixblocktypes_name_fieldId_unq_idx` (`name`,`fieldId`),
  UNIQUE KEY `craft_matrixblocktypes_handle_fieldId_unq_idx` (`handle`,`fieldId`),
  KEY `craft_matrixblocktypes_fieldId_fk` (`fieldId`),
  KEY `craft_matrixblocktypes_fieldLayoutId_fk` (`fieldLayoutId`)
) ENGINE=InnoDB AUTO_INCREMENT=23 DEFAULT CHARSET=utf8 COLLATE=utf8_unicode_ci;

--
-- Data for table `craft_matrixblocktypes`
--

INSERT INTO `craft_matrixblocktypes` (`id`, `fieldId`, `fieldLayoutId`, `name`, `handle`, `sortOrder`, `dateCreated`, `dateUpdated`, `uid`) VALUES ('3', '16', '105', 'Text Block', 'textBlock', '1', '2014-12-31 17:30:22', '2015-01-12 00:46:03', '4763be12-2d24-44b5-8551-ea089a35cbcc');
INSERT INTO `craft_matrixblocktypes` (`id`, `fieldId`, `fieldLayoutId`, `name`, `handle`, `sortOrder`, `dateCreated`, `dateUpdated`, `uid`) VALUES ('4', '16', '106', 'Image Block', 'imageBlock', '2', '2014-12-31 17:30:22', '2015-01-12 00:46:03', '622ca092-5eff-47c0-95b2-e3233aa95903');
INSERT INTO `craft_matrixblocktypes` (`id`, `fieldId`, `fieldLayoutId`, `name`, `handle`, `sortOrder`, `dateCreated`, `dateUpdated`, `uid`) VALUES ('5', '16', '107', 'Quote Block', 'quoteBlock', '3', '2014-12-31 17:34:13', '2015-01-12 00:46:03', 'c71c2068-79ed-423d-92ad-d2ec243adec7');
INSERT INTO `craft_matrixblocktypes` (`id`, `fieldId`, `fieldLayoutId`, `name`, `handle`, `sortOrder`, `dateCreated`, `dateUpdated`, `uid`) VALUES ('6', '21', '96', 'Dates Block', 'datesBlock', '1', '2014-12-31 17:46:31', '2015-01-10 18:23:34', '0ddc7094-e6c3-4449-8451-7703590a69df');
INSERT INTO `craft_matrixblocktypes` (`id`, `fieldId`, `fieldLayoutId`, `name`, `handle`, `sortOrder`, `dateCreated`, `dateUpdated`, `uid`) VALUES ('7', '31', '59', 'Featured Link Block', 'featuredLinkBlock', '1', '2015-01-03 02:52:58', '2015-01-03 03:01:00', '80349069-5b52-4e92-86db-fc9ce70c63fa');
INSERT INTO `craft_matrixblocktypes` (`id`, `fieldId`, `fieldLayoutId`, `name`, `handle`, `sortOrder`, `dateCreated`, `dateUpdated`, `uid`) VALUES ('8', '38', '127', 'TextBlock', 'textBlock', '1', '2015-01-03 15:45:05', '2015-01-13 04:22:10', '24715bda-0471-491a-baeb-4e748b1495a4');
INSERT INTO `craft_matrixblocktypes` (`id`, `fieldId`, `fieldLayoutId`, `name`, `handle`, `sortOrder`, `dateCreated`, `dateUpdated`, `uid`) VALUES ('9', '38', '128', 'Slideshow', 'slideshow', '2', '2015-01-03 15:45:05', '2015-01-13 04:22:11', 'd1a007e8-f716-43fc-ab27-eba93c2f7f24');
INSERT INTO `craft_matrixblocktypes` (`id`, `fieldId`, `fieldLayoutId`, `name`, `handle`, `sortOrder`, `dateCreated`, `dateUpdated`, `uid`) VALUES ('10', '38', '129', 'QuoteBlock', 'quoteBlock', '3', '2015-01-03 15:45:05', '2015-01-13 04:22:11', '445421fb-733d-45bc-9b7c-a11a9fba8236');
INSERT INTO `craft_matrixblocktypes` (`id`, `fieldId`, `fieldLayoutId`, `name`, `handle`, `sortOrder`, `dateCreated`, `dateUpdated`, `uid`) VALUES ('11', '38', '130', 'VideoBlock', 'videoBlock', '4', '2015-01-03 15:45:05', '2015-01-13 04:22:11', 'ae210773-a59c-4688-8d04-f72eb4e25551');
INSERT INTO `craft_matrixblocktypes` (`id`, `fieldId`, `fieldLayoutId`, `name`, `handle`, `sortOrder`, `dateCreated`, `dateUpdated`, `uid`) VALUES ('12', '38', '131', 'RelationsBlock', 'relationsBlock', '5', '2015-01-03 15:45:05', '2015-01-13 04:22:11', '1ae83b4b-e5e0-437d-99a1-4408289a952e');
INSERT INTO `craft_matrixblocktypes` (`id`, `fieldId`, `fieldLayoutId`, `name`, `handle`, `sortOrder`, `dateCreated`, `dateUpdated`, `uid`) VALUES ('13', '57', '97', 'SidebarBlock', 'sidebarblock', '1', '2015-01-11 16:45:33', '2015-01-11 16:45:33', 'd180e670-c36e-4eca-93d6-25f277878b92');
INSERT INTO `craft_matrixblocktypes` (`id`, `fieldId`, `fieldLayoutId`, `name`, `handle`, `sortOrder`, `dateCreated`, `dateUpdated`, `uid`) VALUES ('14', '59', '115', 'Sidebar Text', 'sidebarText', '1', '2015-01-11 16:46:37', '2015-01-13 02:25:24', '1c31ff0c-96e5-4a43-ac7a-929b4d88060f');
INSERT INTO `craft_matrixblocktypes` (`id`, `fieldId`, `fieldLayoutId`, `name`, `handle`, `sortOrder`, `dateCreated`, `dateUpdated`, `uid`) VALUES ('15', '16', '108', 'Video Block', 'videoBlock', '4', '2015-01-12 00:46:03', '2015-01-12 00:46:03', 'e3eb089a-7e44-43ac-a7fc-c18dc8bbd875');
INSERT INTO `craft_matrixblocktypes` (`id`, `fieldId`, `fieldLayoutId`, `name`, `handle`, `sortOrder`, `dateCreated`, `dateUpdated`, `uid`) VALUES ('16', '59', '116', 'Relations Block', 'relationsBlock', '2', '2015-01-13 01:54:13', '2015-01-13 02:25:24', 'c8db2bbd-0160-4a1c-849d-4efa844d73c2');
INSERT INTO `craft_matrixblocktypes` (`id`, `fieldId`, `fieldLayoutId`, `name`, `handle`, `sortOrder`, `dateCreated`, `dateUpdated`, `uid`) VALUES ('17', '67', '141', 'Hook', 'hook', '1', '2015-01-19 01:08:51', '2015-01-19 01:55:17', '7505fc93-cfac-45bc-93e8-fb92cb6745f2');
INSERT INTO `craft_matrixblocktypes` (`id`, `fieldId`, `fieldLayoutId`, `name`, `handle`, `sortOrder`, `dateCreated`, `dateUpdated`, `uid`) VALUES ('18', '67', '142', 'Content', 'mainContent', '2', '2015-01-19 01:08:51', '2015-01-19 01:55:17', 'abd344f2-49f3-4587-bcc4-f4bf198b0e77');
INSERT INTO `craft_matrixblocktypes` (`id`, `fieldId`, `fieldLayoutId`, `name`, `handle`, `sortOrder`, `dateCreated`, `dateUpdated`, `uid`) VALUES ('19', '67', '143', 'Slideshow', 'slideshow', '3', '2015-01-19 01:08:51', '2015-01-19 01:55:17', 'e5b35420-9308-4e16-800c-a670b9394e92');
INSERT INTO `craft_matrixblocktypes` (`id`, `fieldId`, `fieldLayoutId`, `name`, `handle`, `sortOrder`, `dateCreated`, `dateUpdated`, `uid`) VALUES ('20', '72', '145', 'Relations Block', 'relationsBlock', '1', '2015-01-19 01:11:55', '2015-01-19 02:32:29', 'e3d71595-de6d-405f-b204-75f3d0c35974');
INSERT INTO `craft_matrixblocktypes` (`id`, `fieldId`, `fieldLayoutId`, `name`, `handle`, `sortOrder`, `dateCreated`, `dateUpdated`, `uid`) VALUES ('21', '67', '144', 'Sponsors', 'sponsors', '4', '2015-01-19 01:52:16', '2015-01-19 01:55:17', '576d6f5c-1361-426e-8fda-d49cd63c5bb9');
INSERT INTO `craft_matrixblocktypes` (`id`, `fieldId`, `fieldLayoutId`, `name`, `handle`, `sortOrder`, `dateCreated`, `dateUpdated`, `uid`) VALUES ('22', '72', '146', 'Sidebar Content', 'sidebarContent', '2', '2015-01-19 02:32:29', '2015-01-19 02:32:29', '89a32efb-73a7-451b-b001-12235b71d87e');



DROP TABLE IF EXISTS `craft_matrixcontent_featuredlinkblock`;


--
-- Schema for table `craft_matrixcontent_featuredlinkblock`
--
CREATE TABLE `craft_matrixcontent_featuredlinkblock` (
  `id` int(11) NOT NULL AUTO_INCREMENT,
  `elementId` int(11) NOT NULL,
  `locale` char(12) COLLATE utf8_unicode_ci NOT NULL,
  `field_featuredLinkBlock_linkTitle` text COLLATE utf8_unicode_ci,
  `field_featuredLinkBlock_linkHook` text COLLATE utf8_unicode_ci,
  `field_featuredLinkBlock_linkLink` text COLLATE utf8_unicode_ci,
  `dateCreated` datetime NOT NULL,
  `dateUpdated` datetime NOT NULL,
  `uid` char(36) COLLATE utf8_unicode_ci NOT NULL DEFAULT '0',
  PRIMARY KEY (`id`),
  UNIQUE KEY `craft_matrixcontent_featuredlinkblock_elementId_locale_unq_idx` (`elementId`,`locale`),
  KEY `craft_matrixcontent_featuredlinkblock_locale_fk` (`locale`)
) ENGINE=InnoDB AUTO_INCREMENT=7 DEFAULT CHARSET=utf8 COLLATE=utf8_unicode_ci;

--
-- Data for table `craft_matrixcontent_featuredlinkblock`
--

INSERT INTO `craft_matrixcontent_featuredlinkblock` (`id`, `elementId`, `locale`, `field_featuredLinkBlock_linkTitle`, `field_featuredLinkBlock_linkHook`, `field_featuredLinkBlock_linkLink`, `dateCreated`, `dateUpdated`, `uid`) VALUES ('1', '66', 'en_us', 'Education', 'Innovative researched based education programs for kids, schools and families.', '/programs/', '2015-01-03 02:59:22', '2015-01-04 22:58:39', '7c2c5ee4-48a0-49ef-a76b-d1137324f84d');
INSERT INTO `craft_matrixcontent_featuredlinkblock` (`id`, `elementId`, `locale`, `field_featuredLinkBlock_linkTitle`, `field_featuredLinkBlock_linkHook`, `field_featuredLinkBlock_linkLink`, `dateCreated`, `dateUpdated`, `uid`) VALUES ('2', '69', 'en_us', 'Hands on Nature Anarchy Zone', 'The first hands-on adventure playground in the United States.', '#', '2015-01-03 03:03:48', '2015-01-03 03:03:48', '1eec8ea6-aac7-4ffb-a609-e8121d85d14c');
INSERT INTO `craft_matrixcontent_featuredlinkblock` (`id`, `elementId`, `locale`, `field_featuredLinkBlock_linkTitle`, `field_featuredLinkBlock_linkHook`, `field_featuredLinkBlock_linkLink`, `dateCreated`, `dateUpdated`, `uid`) VALUES ('3', '72', 'en_us', 'The Garden', 'The garden has several features designed to enchant and enlighten children of all ages.', '/the_garden/', '2015-01-03 04:13:47', '2015-01-03 04:17:04', '1ade3075-64a5-416c-9999-7ee372d10b8f');
INSERT INTO `craft_matrixcontent_featuredlinkblock` (`id`, `elementId`, `locale`, `field_featuredLinkBlock_linkTitle`, `field_featuredLinkBlock_linkHook`, `field_featuredLinkBlock_linkLink`, `dateCreated`, `dateUpdated`, `uid`) VALUES ('4', '75', 'en_us', 'Events', 'Fire and Ice Festival is awesome. Make ice sculptures, drink hot coco from a cauldron and enjoy winter with friends.', '#', '2015-01-03 04:30:07', '2015-01-03 15:17:59', '5ff88936-b039-4f44-a39a-bb061834bb9c');
INSERT INTO `craft_matrixcontent_featuredlinkblock` (`id`, `elementId`, `locale`, `field_featuredLinkBlock_linkTitle`, `field_featuredLinkBlock_linkHook`, `field_featuredLinkBlock_linkLink`, `dateCreated`, `dateUpdated`, `uid`) VALUES ('5', '78', 'en_us', 'From the Blog', 'Follow the latest news for education programs and garden happenings on the blog.', '/news/', '2015-01-03 04:33:20', '2015-01-03 04:33:20', '289e4f31-0480-4adc-8b04-c59f07ec01fb');
INSERT INTO `craft_matrixcontent_featuredlinkblock` (`id`, `elementId`, `locale`, `field_featuredLinkBlock_linkTitle`, `field_featuredLinkBlock_linkHook`, `field_featuredLinkBlock_linkLink`, `dateCreated`, `dateUpdated`, `uid`) VALUES ('6', '81', 'en_us', 'Volunteer', 'Volunteers are always welcome. Pushing mulch or reading to children is always fun and rewarding.', '#', '2015-01-03 04:36:25', '2015-01-03 04:36:25', 'b018a251-a868-4099-8d7c-d7eb7a9b98f5');



DROP TABLE IF EXISTS `craft_matrixcontent_gardenscontent`;


--
-- Schema for table `craft_matrixcontent_gardenscontent`
--
CREATE TABLE `craft_matrixcontent_gardenscontent` (
  `id` int(11) NOT NULL AUTO_INCREMENT,
  `elementId` int(11) NOT NULL,
  `locale` char(12) COLLATE utf8_unicode_ci NOT NULL,
  `field_hook_text` text COLLATE utf8_unicode_ci,
  `field_mainContent_text` text COLLATE utf8_unicode_ci,
  `field_slideshow_slideshowTitle` text COLLATE utf8_unicode_ci,
  `field_sponsors_text` text COLLATE utf8_unicode_ci,
  `dateCreated` datetime NOT NULL,
  `dateUpdated` datetime NOT NULL,
  `uid` char(36) COLLATE utf8_unicode_ci NOT NULL DEFAULT '0',
  PRIMARY KEY (`id`),
  UNIQUE KEY `craft_matrixcontent_gardenscontent_elementId_locale_unq_idx` (`elementId`,`locale`),
  KEY `craft_matrixcontent_gardenscontent_locale_idx` (`locale`)
) ENGINE=InnoDB AUTO_INCREMENT=26 DEFAULT CHARSET=utf8 COLLATE=utf8_unicode_ci;

--
-- Data for table `craft_matrixcontent_gardenscontent`
--

INSERT INTO `craft_matrixcontent_gardenscontent` (`id`, `elementId`, `locale`, `field_hook_text`, `field_mainContent_text`, `field_slideshow_slideshowTitle`, `field_sponsors_text`, `dateCreated`, `dateUpdated`, `uid`) VALUES ('1', '180', 'en_us', 'Have you ever wondered what you can do with 1,296 old soda bottles? Come see ICG\'s greenhouse and find out!', NULL, NULL, NULL, '2015-01-19 01:58:55', '2015-01-20 01:51:22', 'ea22d62d-5e15-4b6b-90a3-6b167b9491ed');
INSERT INTO `craft_matrixcontent_gardenscontent` (`id`, `elementId`, `locale`, `field_hook_text`, `field_mainContent_text`, `field_slideshow_slideshowTitle`, `field_sponsors_text`, `dateCreated`, `dateUpdated`, `uid`) VALUES ('2', '181', 'en_us', NULL, '<p>\r\n	This unique greenhouse was constructed from hundreds of re-used soda bottles! Its frame is made of locust, a naturally rot-resistant wood and the bottles are held in with bamboo, a renewable building resource. This greenhouse is used for hardening off seedlings when they come out of the greenhouse, and for children to pot up seedlings in spring to take home.  Even though we call it a greenhouse, it is really more of a cold-frame, because it is unheated and not air tight.\r\n</p>', NULL, NULL, '2015-01-19 01:58:55', '2015-01-20 01:51:22', 'd3e0656d-d600-454c-978e-7d554d64e98c');
INSERT INTO `craft_matrixcontent_gardenscontent` (`id`, `elementId`, `locale`, `field_hook_text`, `field_mainContent_text`, `field_slideshow_slideshowTitle`, `field_sponsors_text`, `dateCreated`, `dateUpdated`, `uid`) VALUES ('3', '182', 'en_us', NULL, NULL, NULL, '<p>\r\n	2010 residents of Cornell\'s Keaton House; Tom Brown and Locust Lumber Company\r\n</p>', '2015-01-19 01:58:55', '2015-01-20 01:51:22', 'd3cd025f-213f-47b3-a38b-089ee749665b');
INSERT INTO `craft_matrixcontent_gardenscontent` (`id`, `elementId`, `locale`, `field_hook_text`, `field_mainContent_text`, `field_slideshow_slideshowTitle`, `field_sponsors_text`, `dateCreated`, `dateUpdated`, `uid`) VALUES ('4', '184', 'en_us', NULL, NULL, 'The Recycled Bottle Greenhouse', NULL, '2015-01-19 02:19:21', '2015-01-20 01:51:22', '57c54fc6-513f-4a16-bd17-a8f5b4312fbd');
INSERT INTO `craft_matrixcontent_gardenscontent` (`id`, `elementId`, `locale`, `field_hook_text`, `field_mainContent_text`, `field_slideshow_slideshowTitle`, `field_sponsors_text`, `dateCreated`, `dateUpdated`, `uid`) VALUES ('5', '186', 'en_us', 'Meet Gaia the Turtle, the larger than life land sculpture who greets visitors at the south entrance to the Garden. Hatched in 2005, Gaia has been a landmark, favorite play feature, and ICG\'s logo ever since ', NULL, NULL, NULL, '2015-01-19 03:06:36', '2015-01-19 21:57:46', 'fdb29c50-6aad-4e6e-bf42-8b0e85441ea9');
INSERT INTO `craft_matrixcontent_gardenscontent` (`id`, `elementId`, `locale`, `field_hook_text`, `field_mainContent_text`, `field_slideshow_slideshowTitle`, `field_sponsors_text`, `dateCreated`, `dateUpdated`, `uid`) VALUES ('6', '187', 'en_us', NULL, '<h2>Why a Turtle and Wetland Habitat Garden?</h2><p>\r\n	Did you know that every snapping turtle has 13 plates, or scutes on its back? The snapping turtle\'s back is a lunar calendar. The 13 central shields represent the 13 moons or lunar months in a year. The 28 outer shields represent the 28 days in each lunar month.\r\n</p><h3>Cultural heritage</h3><p>\r\n	Many cultures tell wonderful stories about turtles.  The Haudenosaunee (Iroquois) the indigenous peoples of this area,  used the snapping turtle\'s back as their calendar.  To the Haudenosaunee,  the entire world was formed on turtle\'s back.\r\n</p><p>\r\n	Time and seasons are important themes in gardens, nature, and our own lives. Learn more about the Turtle Calendar in Joseph Burchac\'s book \r\n	<a href=\"http://www.amazon.com/Thirteen-Moons-Turtles-Joseph-Bruchac/dp/0698115848\">13 Moons on Turtle\'s Back</a>.\r\n</p>', NULL, NULL, '2015-01-19 03:16:54', '2015-01-19 21:57:46', '26666b2b-6b5a-4266-a567-6b602a21473e');
INSERT INTO `craft_matrixcontent_gardenscontent` (`id`, `elementId`, `locale`, `field_hook_text`, `field_mainContent_text`, `field_slideshow_slideshowTitle`, `field_sponsors_text`, `dateCreated`, `dateUpdated`, `uid`) VALUES ('7', '191', 'en_us', NULL, NULL, '', NULL, '2015-01-19 03:28:12', '2015-01-19 21:57:46', '2b60edaf-4fe4-4985-a82c-637f15741fad');
INSERT INTO `craft_matrixcontent_gardenscontent` (`id`, `elementId`, `locale`, `field_hook_text`, `field_mainContent_text`, `field_slideshow_slideshowTitle`, `field_sponsors_text`, `dateCreated`, `dateUpdated`, `uid`) VALUES ('8', '192', 'en_us', NULL, NULL, NULL, '<p>\r\n	EPF, Triad Foundation, Bo Atkinson\r\n</p>', '2015-01-19 03:28:12', '2015-01-19 21:57:46', '74af5683-04a1-4816-9fea-c16c4e0dfa4d');
INSERT INTO `craft_matrixcontent_gardenscontent` (`id`, `elementId`, `locale`, `field_hook_text`, `field_mainContent_text`, `field_slideshow_slideshowTitle`, `field_sponsors_text`, `dateCreated`, `dateUpdated`, `uid`) VALUES ('9', '193', 'en_us', NULL, '<h3>Natural significance</h3><p>\r\n	Before the inlet was developed in the early 1800\'s, land along the inlet and ICG site were wetland habitats and home to the common snapping turtle and many other animals, insects, and plants. Snapping turtles are native to New York State and thrive in the Finger Lakes region. They live in places with slow moving, shallow water, and lots of plants. Wetlands are unique ecosystems that are very important to the health of the environment with a wealth of highly specialized plants, insects, and animals.\r\n</p><p>\r\n	Turtles have been around for 230 million years. They live for decades and are often a symbol of longevity.\r\n</p>', NULL, NULL, '2015-01-19 21:57:46', '2015-01-19 21:57:46', '4ed8a017-329c-49ea-abc5-20451c14ad64');
INSERT INTO `craft_matrixcontent_gardenscontent` (`id`, `elementId`, `locale`, `field_hook_text`, `field_mainContent_text`, `field_slideshow_slideshowTitle`, `field_sponsors_text`, `dateCreated`, `dateUpdated`, `uid`) VALUES ('10', '194', 'en_us', 'Did you know ICG is home to a friendly troll whose home is built with straw and a living roof?', NULL, NULL, NULL, '2015-01-19 22:14:45', '2015-01-20 02:04:16', '58e29d67-e60d-4f7f-bef6-aa269a061fa2');
INSERT INTO `craft_matrixcontent_gardenscontent` (`id`, `elementId`, `locale`, `field_hook_text`, `field_mainContent_text`, `field_slideshow_slideshowTitle`, `field_sponsors_text`, `dateCreated`, `dateUpdated`, `uid`) VALUES ('11', '195', 'en_us', NULL, '<p>\r\n	ICG\'s \r\n	<em>Troll House</em> is home to a friendly troll, who forages in the hills by day, and returns to his cozy home only at night, after all the boys and girls are nestled in bed.  Our Troll\'s house is actually a straw-bale insulated timber frame structure; a perfect example of natural building styles. Its roof is a green roof, which means it is covered in vegetation with the aim of absorbing rainwater, increasing insulation and creating a habitat.  This structure is a feature on ICG\'s \"Green Trail\" and is a well-loved hide-out and place for gathering small groups of children.\r\n</p>', NULL, NULL, '2015-01-19 22:14:46', '2015-01-20 02:04:16', 'a3ea54db-771e-4e38-8e66-1eec544d32b9');
INSERT INTO `craft_matrixcontent_gardenscontent` (`id`, `elementId`, `locale`, `field_hook_text`, `field_mainContent_text`, `field_slideshow_slideshowTitle`, `field_sponsors_text`, `dateCreated`, `dateUpdated`, `uid`) VALUES ('12', '196', 'en_us', NULL, NULL, NULL, '<p>\r\n	Special thanks to Aaron Dennis and ej george of Tugley Wood Timberframing; Lexie Hain and Marguerite Wells of Motherplants Nursery, and all the volunteers who helped build and continue to maintain this magical abode!\r\n</p>', '2015-01-19 22:14:46', '2015-01-20 02:04:16', 'c5ed195b-afb0-4338-9ecf-33b80f31dcfd');
INSERT INTO `craft_matrixcontent_gardenscontent` (`id`, `elementId`, `locale`, `field_hook_text`, `field_mainContent_text`, `field_slideshow_slideshowTitle`, `field_sponsors_text`, `dateCreated`, `dateUpdated`, `uid`) VALUES ('13', '198', 'en_us', 'Flap like a bird, perch in the bird\'s nest, and explore birds at ICG!', NULL, NULL, NULL, '2015-01-19 22:26:25', '2015-01-20 01:20:06', '872129ae-bf47-4a09-8259-7fd4aec07f29');
INSERT INTO `craft_matrixcontent_gardenscontent` (`id`, `elementId`, `locale`, `field_hook_text`, `field_mainContent_text`, `field_slideshow_slideshowTitle`, `field_sponsors_text`, `dateCreated`, `dateUpdated`, `uid`) VALUES ('14', '199', 'en_us', NULL, '<p>\r\n	ICG\'s  Bird Garden welcomes children into the bird house where they can flap their \"wings,\" peer out the birdhouse window, dig for delicious worms, or perch in the child-sized birds nest.\r\n</p>', NULL, NULL, '2015-01-19 22:26:25', '2015-01-20 01:20:06', 'cd79451b-a6e0-4844-9cd5-30728a260314');
INSERT INTO `craft_matrixcontent_gardenscontent` (`id`, `elementId`, `locale`, `field_hook_text`, `field_mainContent_text`, `field_slideshow_slideshowTitle`, `field_sponsors_text`, `dateCreated`, `dateUpdated`, `uid`) VALUES ('15', '200', 'en_us', NULL, NULL, 'A child-sized birds nest and beautifully painted birdhouse anchor the bird garden and its diverse plantings.', NULL, '2015-01-19 22:26:25', '2015-01-20 01:20:06', '1bd15173-b536-4358-8104-b35bbbb7f434');
INSERT INTO `craft_matrixcontent_gardenscontent` (`id`, `elementId`, `locale`, `field_hook_text`, `field_mainContent_text`, `field_slideshow_slideshowTitle`, `field_sponsors_text`, `dateCreated`, `dateUpdated`, `uid`) VALUES ('16', '201', 'en_us', NULL, NULL, NULL, '<p>\r\n	The child-sized birdhouse was built by teens as part of our Youth Horticulture Apprentice Program in 2010, and painted by artists Camille and Marika Chew in 2011.  The beautifully painted birds are adopted as follows:\r\n</p>', '2015-01-19 22:26:25', '2015-01-20 01:20:06', '81f90175-dfa1-46cd-ae7f-d019d878a8ed');
INSERT INTO `craft_matrixcontent_gardenscontent` (`id`, `elementId`, `locale`, `field_hook_text`, `field_mainContent_text`, `field_slideshow_slideshowTitle`, `field_sponsors_text`, `dateCreated`, `dateUpdated`, `uid`) VALUES ('17', '212', 'en_us', NULL, '<p>\r\n	Children can look for live birds in the garden that match the birds painted on the birdhouse. The mural features 17 different bird species, including the great blue heron, osprey, and bald eagle. All the birds featured were seen in the garden in May 2011 on an early morning sunrise walk before the rest of the world had woken up! Sunrise (or earlier) is a great time to see a different side of ICG, when the air is alive with a cacophony of nature sounds, and the birds are in charge.\r\n</p>', NULL, NULL, '2015-01-20 01:20:06', '2015-01-20 01:20:06', 'd436cf07-cbca-4954-9eb4-cf7fdab049d2');
INSERT INTO `craft_matrixcontent_gardenscontent` (`id`, `elementId`, `locale`, `field_hook_text`, `field_mainContent_text`, `field_slideshow_slideshowTitle`, `field_sponsors_text`, `dateCreated`, `dateUpdated`, `uid`) VALUES ('18', '221', 'en_us', NULL, NULL, 'The troll only comes home at night, so feel free to enjoy the cool shade of his home during your visit!', NULL, '2015-01-20 02:00:24', '2015-01-20 02:04:16', '4ca1dbb0-3981-407e-a570-770637bc4f07');
INSERT INTO `craft_matrixcontent_gardenscontent` (`id`, `elementId`, `locale`, `field_hook_text`, `field_mainContent_text`, `field_slideshow_slideshowTitle`, `field_sponsors_text`, `dateCreated`, `dateUpdated`, `uid`) VALUES ('19', '224', 'en_us', 'Do you sometimes like to follow a path to see where it will lead?', NULL, NULL, NULL, '2015-01-20 02:14:24', '2015-01-20 02:15:22', '60d7c0aa-31d4-4906-92c1-0428b2c99996');
INSERT INTO `craft_matrixcontent_gardenscontent` (`id`, `elementId`, `locale`, `field_hook_text`, `field_mainContent_text`, `field_slideshow_slideshowTitle`, `field_sponsors_text`, `dateCreated`, `dateUpdated`, `uid`) VALUES ('20', '225', 'en_us', NULL, '<p>\r\n	Come into the Wildflower Meadow!  Exit the main path and embark on a journey into a natural meadow full of flowers, rushes, chicory, with statuesque ironweed, and false indigo standing at the entrance during certain times of year.  The Wildflower Meadow connects the Bird Garden, Wetlands, and Cherry Guild at the south end of the Enchanted Edible Forest Garden.  After you visit Gaia, take the secret pathway down through the bioswale, behind the Bird House, and enter the Wildflower Meadow on your way to the Boardwalk. See what kinds of creatures and plants live there!\r\n</p>', NULL, NULL, '2015-01-20 02:14:24', '2015-01-20 02:15:22', 'd578e827-0007-40b6-b6f6-4315dbf04ed0');
INSERT INTO `craft_matrixcontent_gardenscontent` (`id`, `elementId`, `locale`, `field_hook_text`, `field_mainContent_text`, `field_slideshow_slideshowTitle`, `field_sponsors_text`, `dateCreated`, `dateUpdated`, `uid`) VALUES ('21', '226', 'en_us', NULL, NULL, '', NULL, '2015-01-20 02:14:24', '2015-01-20 02:15:22', '0a4dc117-098c-4bf1-807a-6348642c6494');
INSERT INTO `craft_matrixcontent_gardenscontent` (`id`, `elementId`, `locale`, `field_hook_text`, `field_mainContent_text`, `field_slideshow_slideshowTitle`, `field_sponsors_text`, `dateCreated`, `dateUpdated`, `uid`) VALUES ('22', '227', 'en_us', NULL, NULL, NULL, '<p>\r\n	Planted and developed in 2006-2007 with principle funding from Ithaca Garden Club.\r\n</p>', '2015-01-20 02:14:24', '2015-01-20 02:15:22', '4125ea2f-60a0-4eb4-8c8d-cbbfc72cc27c');
INSERT INTO `craft_matrixcontent_gardenscontent` (`id`, `elementId`, `locale`, `field_hook_text`, `field_mainContent_text`, `field_slideshow_slideshowTitle`, `field_sponsors_text`, `dateCreated`, `dateUpdated`, `uid`) VALUES ('23', '235', 'en_us', 'Who knew growing food could be this fun?!', NULL, NULL, NULL, '2015-01-20 02:28:56', '2015-01-20 02:29:57', '7f98070e-ad80-4d50-a956-d88e22e3ee5d');
INSERT INTO `craft_matrixcontent_gardenscontent` (`id`, `elementId`, `locale`, `field_hook_text`, `field_mainContent_text`, `field_slideshow_slideshowTitle`, `field_sponsors_text`, `dateCreated`, `dateUpdated`, `uid`) VALUES ('24', '236', 'en_us', NULL, '<p>\r\n	Welcome to the Kitchen Garden! The locust pergola in the Kitchen Garden is designed with 4 wheelchair accessible raised beds, planted with different herbs, flowers, and vegetables each season, and benches for seating under the structure. The pergola supports hardi kiwi vines that provide shade to visitors.  Look up and see the top-bar honey bee hive with viewing window!\r\n</p>', NULL, NULL, '2015-01-20 02:28:56', '2015-01-20 02:29:57', '7e4bed66-9032-49ef-b529-f144c57819ef');
INSERT INTO `craft_matrixcontent_gardenscontent` (`id`, `elementId`, `locale`, `field_hook_text`, `field_mainContent_text`, `field_slideshow_slideshowTitle`, `field_sponsors_text`, `dateCreated`, `dateUpdated`, `uid`) VALUES ('25', '237', 'en_us', NULL, NULL, 'The world of growing food is yours to explore!', NULL, '2015-01-20 02:28:56', '2015-01-20 02:29:57', '5d6f3538-96bb-41b5-a1f4-43ef69f9e242');



DROP TABLE IF EXISTS `craft_matrixcontent_gardenssidebar`;


--
-- Schema for table `craft_matrixcontent_gardenssidebar`
--
CREATE TABLE `craft_matrixcontent_gardenssidebar` (
  `id` int(11) NOT NULL AUTO_INCREMENT,
  `elementId` int(11) NOT NULL,
  `locale` char(12) COLLATE utf8_unicode_ci NOT NULL,
  `field_relationsBlock_relatedBlockTitle` text COLLATE utf8_unicode_ci,
  `field_sidebarContent_text` text COLLATE utf8_unicode_ci,
  `dateCreated` datetime NOT NULL,
  `dateUpdated` datetime NOT NULL,
  `uid` char(36) COLLATE utf8_unicode_ci NOT NULL DEFAULT '0',
  PRIMARY KEY (`id`),
  UNIQUE KEY `craft_matrixcontent_gardenssidebar_elementId_locale_unq_idx` (`elementId`,`locale`),
  KEY `craft_matrixcontent_gardenssidebar_locale_fk` (`locale`)
) ENGINE=InnoDB AUTO_INCREMENT=2 DEFAULT CHARSET=utf8 COLLATE=utf8_unicode_ci;

--
-- Data for table `craft_matrixcontent_gardenssidebar`
--

INSERT INTO `craft_matrixcontent_gardenssidebar` (`id`, `elementId`, `locale`, `field_relationsBlock_relatedBlockTitle`, `field_sidebarContent_text`, `dateCreated`, `dateUpdated`, `uid`) VALUES ('1', '183', 'en_us', 'Related Programs', NULL, '2015-01-19 01:58:55', '2015-01-20 01:51:22', 'bb7badc5-e940-4b10-960f-9ec73dde49ac');



DROP TABLE IF EXISTS `craft_matrixcontent_programdates`;


--
-- Schema for table `craft_matrixcontent_programdates`
--
CREATE TABLE `craft_matrixcontent_programdates` (
  `id` int(11) NOT NULL AUTO_INCREMENT,
  `elementId` int(11) NOT NULL,
  `locale` char(12) COLLATE utf8_unicode_ci NOT NULL,
  `field_datesBlock_beginDate` datetime DEFAULT NULL,
  `field_datesBlock_endDate` datetime DEFAULT NULL,
  `field_datesBlock_day` text COLLATE utf8_unicode_ci,
  `dateCreated` datetime NOT NULL,
  `dateUpdated` datetime NOT NULL,
  `uid` char(36) COLLATE utf8_unicode_ci NOT NULL DEFAULT '0',
  PRIMARY KEY (`id`),
  UNIQUE KEY `craft_matrixcontent_programdates_elementId_locale_unq_idx` (`elementId`,`locale`),
  KEY `craft_matrixcontent_programdates_locale_fk` (`locale`)
) ENGINE=InnoDB AUTO_INCREMENT=14 DEFAULT CHARSET=utf8 COLLATE=utf8_unicode_ci;

--
-- Data for table `craft_matrixcontent_programdates`
--

INSERT INTO `craft_matrixcontent_programdates` (`id`, `elementId`, `locale`, `field_datesBlock_beginDate`, `field_datesBlock_endDate`, `field_datesBlock_day`, `dateCreated`, `dateUpdated`, `uid`) VALUES ('1', '44', 'en_us', '2014-12-11 00:30:00', '2014-12-13 00:00:00', '', '2014-12-31 18:09:28', '2015-01-10 18:47:01', '585f8eb8-bc44-44f9-9e24-30f8766583ea');
INSERT INTO `craft_matrixcontent_programdates` (`id`, `elementId`, `locale`, `field_datesBlock_beginDate`, `field_datesBlock_endDate`, `field_datesBlock_day`, `dateCreated`, `dateUpdated`, `uid`) VALUES ('2', '47', 'en_us', '2014-12-25 01:30:00', '2015-01-06 00:00:00', '', '2014-12-31 18:13:17', '2015-01-10 18:47:01', 'e723bda3-db48-4bc8-9a4f-e51d98f78610');
INSERT INTO `craft_matrixcontent_programdates` (`id`, `elementId`, `locale`, `field_datesBlock_beginDate`, `field_datesBlock_endDate`, `field_datesBlock_day`, `dateCreated`, `dateUpdated`, `uid`) VALUES ('4', '55', 'en_us', '2015-01-16 21:30:00', NULL, '', '2015-01-02 19:11:59', '2015-01-11 16:23:29', 'a23d2506-1316-4138-8292-1e4afc927935');
INSERT INTO `craft_matrixcontent_programdates` (`id`, `elementId`, `locale`, `field_datesBlock_beginDate`, `field_datesBlock_endDate`, `field_datesBlock_day`, `dateCreated`, `dateUpdated`, `uid`) VALUES ('5', '56', 'en_us', '2015-03-11 16:00:00', NULL, '', '2015-01-02 19:11:59', '2015-01-11 16:23:29', '5173e453-b828-4107-b8ef-4a716cb4a4e3');
INSERT INTO `craft_matrixcontent_programdates` (`id`, `elementId`, `locale`, `field_datesBlock_beginDate`, `field_datesBlock_endDate`, `field_datesBlock_day`, `dateCreated`, `dateUpdated`, `uid`) VALUES ('6', '57', 'en_us', '2015-02-12 13:30:00', NULL, '', '2015-01-02 19:11:59', '2015-01-11 16:23:29', '8dfa690f-c3ae-4228-a862-02c587df8fef');
INSERT INTO `craft_matrixcontent_programdates` (`id`, `elementId`, `locale`, `field_datesBlock_beginDate`, `field_datesBlock_endDate`, `field_datesBlock_day`, `dateCreated`, `dateUpdated`, `uid`) VALUES ('7', '112', 'en_us', '2015-02-07 14:00:00', NULL, NULL, '2015-01-04 16:07:31', '2015-01-04 16:07:31', '43553a10-202c-41d1-8f72-abc3eef43fa8');
INSERT INTO `craft_matrixcontent_programdates` (`id`, `elementId`, `locale`, `field_datesBlock_beginDate`, `field_datesBlock_endDate`, `field_datesBlock_day`, `dateCreated`, `dateUpdated`, `uid`) VALUES ('8', '118', 'en_us', '2015-01-05 10:30:00', '2015-02-23 00:00:00', 'Mondays', '2015-01-04 22:17:14', '2015-01-10 18:28:49', '27988dad-6c10-4d7a-9478-1bf01dd4cd1f');
INSERT INTO `craft_matrixcontent_programdates` (`id`, `elementId`, `locale`, `field_datesBlock_beginDate`, `field_datesBlock_endDate`, `field_datesBlock_day`, `dateCreated`, `dateUpdated`, `uid`) VALUES ('12', '128', 'en_us', '2015-02-16 00:00:00', '2015-02-20 00:00:00', '', '2015-01-10 14:52:38', '2015-01-10 18:31:49', '4e696013-a82a-4a75-bb66-10cf8a7d52c0');
INSERT INTO `craft_matrixcontent_programdates` (`id`, `elementId`, `locale`, `field_datesBlock_beginDate`, `field_datesBlock_endDate`, `field_datesBlock_day`, `dateCreated`, `dateUpdated`, `uid`) VALUES ('13', '132', 'en_us', '2015-05-05 00:00:00', '2015-05-26 00:00:00', 'Tuesdays', '2015-01-10 14:57:54', '2015-01-10 18:24:05', '417d3370-d996-4358-b02c-0366d9dbcba5');



DROP TABLE IF EXISTS `craft_matrixcontent_programfullcontent`;


--
-- Schema for table `craft_matrixcontent_programfullcontent`
--
CREATE TABLE `craft_matrixcontent_programfullcontent` (
  `id` int(11) NOT NULL AUTO_INCREMENT,
  `elementId` int(11) NOT NULL,
  `locale` char(12) COLLATE utf8_unicode_ci NOT NULL,
  `field_textBlock_text` text COLLATE utf8_unicode_ci,
  `field_quoteBlock_quote` text COLLATE utf8_unicode_ci,
  `field_imageBlock_caption` text COLLATE utf8_unicode_ci,
  `field_quoteBlock_citation` text COLLATE utf8_unicode_ci,
  `field_quoteBlock_position` varchar(255) COLLATE utf8_unicode_ci DEFAULT NULL,
  `field_videoBlock_videoTitle` text COLLATE utf8_unicode_ci,
  `field_videoBlock_videoEmbedCode` text COLLATE utf8_unicode_ci,
  `field_videoBlock_position` varchar(255) COLLATE utf8_unicode_ci DEFAULT NULL,
  `dateCreated` datetime NOT NULL,
  `dateUpdated` datetime NOT NULL,
  `uid` char(36) COLLATE utf8_unicode_ci NOT NULL DEFAULT '0',
  PRIMARY KEY (`id`),
  UNIQUE KEY `craft_matrixcontent_programfullcontent_elementId_locale_unq_idx` (`elementId`,`locale`),
  KEY `craft_matrixcontent_programfullcontent_locale_fk` (`locale`)
) ENGINE=InnoDB AUTO_INCREMENT=12 DEFAULT CHARSET=utf8 COLLATE=utf8_unicode_ci;

--
-- Data for table `craft_matrixcontent_programfullcontent`
--

INSERT INTO `craft_matrixcontent_programfullcontent` (`id`, `elementId`, `locale`, `field_textBlock_text`, `field_quoteBlock_quote`, `field_imageBlock_caption`, `field_quoteBlock_citation`, `field_quoteBlock_position`, `field_videoBlock_videoTitle`, `field_videoBlock_videoEmbedCode`, `field_videoBlock_position`, `dateCreated`, `dateUpdated`, `uid`) VALUES ('1', '42', 'en_us', '<p>\n	Sed posuere consectetur est at lobortis. Donec id elit non mi porta gravida at eget metus. Praesent commodo cursus magna, vel scelerisque nisl consectetur et. Praesent commodo cursus magna, vel scelerisque nisl consectetur et.\n</p><p>\n	Integer posuere erat a ante venenatis dapibus posuere velit aliquet. Nulla vitae elit libero, a pharetra augue. Praesent commodo cursus magna, vel scelerisque nisl consectetur et. Cum sociis natoque penatibus et magnis dis parturient montes, nascetur ridiculus mus. Lorem ipsum dolor sit amet, consectetur adipiscing elit.\n</p>', NULL, NULL, NULL, NULL, NULL, NULL, NULL, '2014-12-31 18:09:28', '2015-01-10 18:47:00', '0ed82028-c32e-4d4a-9ff6-66a268eed3ba');
INSERT INTO `craft_matrixcontent_programfullcontent` (`id`, `elementId`, `locale`, `field_textBlock_text`, `field_quoteBlock_quote`, `field_imageBlock_caption`, `field_quoteBlock_citation`, `field_quoteBlock_position`, `field_videoBlock_videoTitle`, `field_videoBlock_videoEmbedCode`, `field_videoBlock_position`, `dateCreated`, `dateUpdated`, `uid`) VALUES ('2', '43', 'en_us', NULL, NULL, '', NULL, NULL, NULL, NULL, NULL, '2014-12-31 18:09:28', '2015-01-10 18:47:00', 'fe3d8e08-6d16-4156-85bc-37b78165c505');
INSERT INTO `craft_matrixcontent_programfullcontent` (`id`, `elementId`, `locale`, `field_textBlock_text`, `field_quoteBlock_quote`, `field_imageBlock_caption`, `field_quoteBlock_citation`, `field_quoteBlock_position`, `field_videoBlock_videoTitle`, `field_videoBlock_videoEmbedCode`, `field_videoBlock_position`, `dateCreated`, `dateUpdated`, `uid`) VALUES ('3', '46', 'en_us', NULL, 'Cras justo odio, dapibus ac facilisis in, egestas eget quam. Is this not updating?', NULL, 'Bob Marteal', 'left', NULL, NULL, NULL, '2014-12-31 18:13:17', '2015-01-10 18:47:00', 'c5fd905e-1164-45ef-afc6-75fb1871fcbf');
INSERT INTO `craft_matrixcontent_programfullcontent` (`id`, `elementId`, `locale`, `field_textBlock_text`, `field_quoteBlock_quote`, `field_imageBlock_caption`, `field_quoteBlock_citation`, `field_quoteBlock_position`, `field_videoBlock_videoTitle`, `field_videoBlock_videoEmbedCode`, `field_videoBlock_position`, `dateCreated`, `dateUpdated`, `uid`) VALUES ('4', '50', 'en_us', NULL, NULL, '', NULL, NULL, NULL, NULL, NULL, '2015-01-02 03:24:56', '2015-01-10 18:47:00', '2339c706-4226-4424-bd65-57e59296ea4c');
INSERT INTO `craft_matrixcontent_programfullcontent` (`id`, `elementId`, `locale`, `field_textBlock_text`, `field_quoteBlock_quote`, `field_imageBlock_caption`, `field_quoteBlock_citation`, `field_quoteBlock_position`, `field_videoBlock_videoTitle`, `field_videoBlock_videoEmbedCode`, `field_videoBlock_position`, `dateCreated`, `dateUpdated`, `uid`) VALUES ('5', '54', 'en_us', '<p>Nullam id dolor id nibh ultricies vehicula ut id elit. Vivamus sagittis lacus vel augue laoreet rutrum faucibus dolor auctor. Aenean eu leo quam. Pellentesque ornare sem lacinia quam venenatis vestibulum. Vivamus sagittis lacus vel augue laoreet rutrum faucibus dolor auctor.</p><p>Maecenas sed diam eget risus varius blandit sit amet non magna. Donec id elit non mi porta gravida at eget metus. Maecenas sed diam eget risus varius blandit sit amet non magna. Etiam porta sem malesuada magna mollis euismod. Aenean lacinia bibendum nulla sed consectetur. Cras mattis consectetur purus sit amet fermentum.</p><p>Duis mollis, est non commodo luctus, nisi erat porttitor ligula, eget lacinia odio sem nec elit. Lorem ipsum dolor sit amet, consectetur adipiscing elit. Curabitur blandit tempus porttitor. Vivamus sagittis lacus vel augue laoreet rutrum faucibus dolor auctor. Donec id elit non mi porta gravida at eget metus. Donec sed odio dui. Donec id elit non mi porta gravida at eget metus.</p>', NULL, NULL, NULL, NULL, NULL, NULL, NULL, '2015-01-02 19:11:59', '2015-01-11 16:23:29', '695e212f-8f5e-4e80-b14b-6ab8c11c4830');
INSERT INTO `craft_matrixcontent_programfullcontent` (`id`, `elementId`, `locale`, `field_textBlock_text`, `field_quoteBlock_quote`, `field_imageBlock_caption`, `field_quoteBlock_citation`, `field_quoteBlock_position`, `field_videoBlock_videoTitle`, `field_videoBlock_videoEmbedCode`, `field_videoBlock_position`, `dateCreated`, `dateUpdated`, `uid`) VALUES ('6', '110', 'en_us', '<p>ICG\'s annual Festival of FIRE &amp; ICE brings fun, art, and creativity to the coldest and snowiest time of the year with an outdoor extravaganza for all ages to enjoy. Hands-on activities include fire sculptures, ice sculptures, sledding, hot chocolate, snow fort and den building, the famous ice laboratory, food-coloring snow mound mural - all with bonfires, fire performance, drumming, and hot cocoa in a giant cauldron on site. Yes! Bring your own frozen ice creations and we\'ll add it to the collaborative fun.</p><p>Bring some cash for a hot meal and firey/icey treats, be sure to dress for the weather, and join us at the Ithaca Children\'s Garden Hands-on-Nature Anarcy Zone! 500 people attended in 2013 - come be part of the tradition!</p>', NULL, NULL, NULL, NULL, NULL, NULL, NULL, '2015-01-04 16:07:31', '2015-01-04 16:07:31', 'd8748555-7d5c-47c7-b4c4-4b506d013271');
INSERT INTO `craft_matrixcontent_programfullcontent` (`id`, `elementId`, `locale`, `field_textBlock_text`, `field_quoteBlock_quote`, `field_imageBlock_caption`, `field_quoteBlock_citation`, `field_quoteBlock_position`, `field_videoBlock_videoTitle`, `field_videoBlock_videoEmbedCode`, `field_videoBlock_position`, `dateCreated`, `dateUpdated`, `uid`) VALUES ('7', '111', 'en_us', NULL, NULL, 'Bonfirell at F&I 2013', NULL, NULL, NULL, NULL, NULL, '2015-01-04 16:07:31', '2015-01-04 16:07:31', '3935ff86-b739-49f2-9446-6ebf477c2ad5');
INSERT INTO `craft_matrixcontent_programfullcontent` (`id`, `elementId`, `locale`, `field_textBlock_text`, `field_quoteBlock_quote`, `field_imageBlock_caption`, `field_quoteBlock_citation`, `field_quoteBlock_position`, `field_videoBlock_videoTitle`, `field_videoBlock_videoEmbedCode`, `field_videoBlock_position`, `dateCreated`, `dateUpdated`, `uid`) VALUES ('8', '117', 'en_us', '<p>Chase your cabin fever away with ICG. Join us for stories of the natural world in winter, and the promise of spring - then dig in to a great hands-on project!</p><p><img src=\"{asset:115:url}\" alt=\"sprouts-junk.png#asset:115\" /><br /></p>', NULL, NULL, NULL, NULL, NULL, NULL, NULL, '2015-01-04 22:17:14', '2015-01-10 18:28:49', '3190604f-1604-4525-9e72-bcdb503d921f');
INSERT INTO `craft_matrixcontent_programfullcontent` (`id`, `elementId`, `locale`, `field_textBlock_text`, `field_quoteBlock_quote`, `field_imageBlock_caption`, `field_quoteBlock_citation`, `field_quoteBlock_position`, `field_videoBlock_videoTitle`, `field_videoBlock_videoEmbedCode`, `field_videoBlock_position`, `dateCreated`, `dateUpdated`, `uid`) VALUES ('9', '126', 'en_us', '<p>We\'ll spend the morning building snow forts, creating ice art, and cooking over the fire. Then we\'ll walk over to the Classrooms @ GreenStar for indoor experiments and nature art in the afternoon</p>', NULL, NULL, NULL, NULL, NULL, NULL, NULL, '2015-01-10 14:52:38', '2015-01-10 18:31:48', '5b8ad3e2-57ef-47d6-8da5-0fb46db1a526');
INSERT INTO `craft_matrixcontent_programfullcontent` (`id`, `elementId`, `locale`, `field_textBlock_text`, `field_quoteBlock_quote`, `field_imageBlock_caption`, `field_quoteBlock_citation`, `field_quoteBlock_position`, `field_videoBlock_videoTitle`, `field_videoBlock_videoEmbedCode`, `field_videoBlock_position`, `dateCreated`, `dateUpdated`, `uid`) VALUES ('10', '127', 'en_us', '<h3>Special Program Notes</h3><ul><li>For grades 1st - 3rd</li><li>M-F, Feb. 16 - 20</li><li>9:00am - 4:00pm; Early Drop-off starts at 8:30am</li><li>Registration Required</li></ul><h3>Program Registration Fee:</h3><ul><li>Self-determined sliding scale = <em>$230-280 / Members $215</em></li><li>Early Bird Registration Deadline: January 15th = <em>$195 / Members $180</em></li><li>Sibling Discount = <em>10% off each additional child registered from same family</em></li><li><em>Scholarships available - conact ICG for more information!</em></li></ul>', NULL, NULL, NULL, NULL, NULL, NULL, NULL, '2015-01-10 14:52:38', '2015-01-10 18:31:49', '2dab7c5f-d7a5-4a61-ad61-017cbc476b8c');
INSERT INTO `craft_matrixcontent_programfullcontent` (`id`, `elementId`, `locale`, `field_textBlock_text`, `field_quoteBlock_quote`, `field_imageBlock_caption`, `field_quoteBlock_citation`, `field_quoteBlock_position`, `field_videoBlock_videoTitle`, `field_videoBlock_videoEmbedCode`, `field_videoBlock_position`, `dateCreated`, `dateUpdated`, `uid`) VALUES ('11', '131', 'en_us', '<p>Enchanted Spring welcomes children 3 to 5 years old to explore with us at Ithaca Children\'s Garden. Spend your mornings full of imagination, exploration, and curiosity. Enchanted Spring is a fun, play-based, educational program designed to help pre-school age children connect with and develop a love for their natural world. Lessons are nature-focused and child-centered, and take place in ICG\'s vegetable garden, wetland habitat, wildflower meadow, outdoor kitchen, and Hands-On Nature Anarchy Zone. Parents may choose to stay and play, or drop off.</p><h3>Special Program Notes</h3><p>Space is limited, and pre-registration is required.<br />Self-determined sliding scale: $80-100<br />ICG members: $70</p>', NULL, NULL, NULL, NULL, NULL, NULL, NULL, '2015-01-10 14:57:54', '2015-01-10 18:24:05', '8261b0c0-eb2f-4655-b364-205aefbdc77c');



DROP TABLE IF EXISTS `craft_matrixcontent_programsidebar`;


--
-- Schema for table `craft_matrixcontent_programsidebar`
--
CREATE TABLE `craft_matrixcontent_programsidebar` (
  `id` int(11) NOT NULL AUTO_INCREMENT,
  `elementId` int(11) NOT NULL,
  `locale` char(12) COLLATE utf8_unicode_ci NOT NULL,
  `field_sidebarblock_text` text COLLATE utf8_unicode_ci,
  `dateCreated` datetime NOT NULL,
  `dateUpdated` datetime NOT NULL,
  `uid` char(36) COLLATE utf8_unicode_ci NOT NULL DEFAULT '0',
  PRIMARY KEY (`id`),
  UNIQUE KEY `craft_matrixcontent_programsidebar_elementId_locale_unq_idx` (`elementId`,`locale`),
  KEY `craft_matrixcontent_programsidebar_locale_fk` (`locale`)
) ENGINE=InnoDB DEFAULT CHARSET=utf8 COLLATE=utf8_unicode_ci;

DROP TABLE IF EXISTS `craft_matrixcontent_singlepagecontent`;


--
-- Schema for table `craft_matrixcontent_singlepagecontent`
--
CREATE TABLE `craft_matrixcontent_singlepagecontent` (
  `id` int(11) NOT NULL AUTO_INCREMENT,
  `elementId` int(11) NOT NULL,
  `locale` char(12) COLLATE utf8_unicode_ci NOT NULL,
  `field_textBlock_text` text COLLATE utf8_unicode_ci,
  `field_slideshow_slideshowTitle` text COLLATE utf8_unicode_ci,
  `field_slideshow_position` varchar(255) COLLATE utf8_unicode_ci DEFAULT NULL,
  `field_quoteBlock_quote` text COLLATE utf8_unicode_ci,
  `field_quoteBlock_citation` text COLLATE utf8_unicode_ci,
  `field_quoteBlock_position` varchar(255) COLLATE utf8_unicode_ci DEFAULT NULL,
  `field_videoBlock_videoTitle` text COLLATE utf8_unicode_ci,
  `field_videoBlock_videoEmbedCode` text COLLATE utf8_unicode_ci,
  `field_videoBlock_position` varchar(255) COLLATE utf8_unicode_ci DEFAULT NULL,
  `field_relationsBlock_relatedBlockTitle` text COLLATE utf8_unicode_ci,
  `dateCreated` datetime NOT NULL,
  `dateUpdated` datetime NOT NULL,
  `uid` char(36) COLLATE utf8_unicode_ci NOT NULL DEFAULT '0',
  PRIMARY KEY (`id`),
  UNIQUE KEY `craft_matrixcontent_singlepagecontent_elementId_locale_unq_idx` (`elementId`,`locale`),
  KEY `craft_matrixcontent_singlepagecontent_locale_fk` (`locale`)
) ENGINE=InnoDB AUTO_INCREMENT=22 DEFAULT CHARSET=utf8 COLLATE=utf8_unicode_ci;

--
-- Data for table `craft_matrixcontent_singlepagecontent`
--

INSERT INTO `craft_matrixcontent_singlepagecontent` (`id`, `elementId`, `locale`, `field_textBlock_text`, `field_slideshow_slideshowTitle`, `field_slideshow_position`, `field_quoteBlock_quote`, `field_quoteBlock_citation`, `field_quoteBlock_position`, `field_videoBlock_videoTitle`, `field_videoBlock_videoEmbedCode`, `field_videoBlock_position`, `field_relationsBlock_relatedBlockTitle`, `dateCreated`, `dateUpdated`, `uid`) VALUES ('1', '87', 'en_us', '<p>The Ithaca Children\'s Garden (ICG) is both a place and a program, located on the Cayuga Waterfront Trail, minutes from downtown Ithaca. ICG has spent over a decade now building a three-acre public children\'s garden as well as developing, implementing, and evaluating a wide range of educational programs for children, teens, and the community.</p><p>ICG works in coordination with Cornell Cooperative Extension to bring outstanding educational programming to the residents of Tompkins County and beyond. Our mutual commitment is to accessibility, inclusion, and promoting stewardship of the natural environment through hands-on, garden-based learning.</p><p>The ICG holds educational programs throughout the year with the majority occurring during the growing season, between April and October. During June, July, and August, programs run nearly every Tuesday, Wednesday, Thursday, and Saturday at the Garden. Some of these programs are free, drop-in programs, while others, such as our Salad Farmers program and summer camps, require registration and fees. We provide scholarships for those who would be unable to participate without</p>', NULL, NULL, NULL, NULL, NULL, NULL, NULL, NULL, NULL, '2015-01-03 15:59:38', '2015-01-03 17:55:20', '82b76c9a-c024-43a3-87d0-7c425b9eb539');
INSERT INTO `craft_matrixcontent_singlepagecontent` (`id`, `elementId`, `locale`, `field_textBlock_text`, `field_slideshow_slideshowTitle`, `field_slideshow_position`, `field_quoteBlock_quote`, `field_quoteBlock_citation`, `field_quoteBlock_position`, `field_videoBlock_videoTitle`, `field_videoBlock_videoEmbedCode`, `field_videoBlock_position`, `field_relationsBlock_relatedBlockTitle`, `dateCreated`, `dateUpdated`, `uid`) VALUES ('2', '88', 'en_us', NULL, 'Making salad at summer camp', 'left', NULL, NULL, NULL, NULL, NULL, NULL, NULL, '2015-01-03 15:59:38', '2015-01-03 17:55:20', '913babe7-b56f-445f-8b62-99f2c946a1bc');
INSERT INTO `craft_matrixcontent_singlepagecontent` (`id`, `elementId`, `locale`, `field_textBlock_text`, `field_slideshow_slideshowTitle`, `field_slideshow_position`, `field_quoteBlock_quote`, `field_quoteBlock_citation`, `field_quoteBlock_position`, `field_videoBlock_videoTitle`, `field_videoBlock_videoEmbedCode`, `field_videoBlock_position`, `field_relationsBlock_relatedBlockTitle`, `dateCreated`, `dateUpdated`, `uid`) VALUES ('3', '89', 'en_us', NULL, NULL, NULL, 'Curabitur blandit tempus porttitor. Cras mattis consectetur purus sit amet fermentum. Vestibulum id ligula porta felis euismod semper.', 'Happy Mother', 'right', NULL, NULL, NULL, NULL, '2015-01-03 15:59:38', '2015-01-03 17:55:20', 'bd316ff1-ea98-4b61-a317-995327befcd2');
INSERT INTO `craft_matrixcontent_singlepagecontent` (`id`, `elementId`, `locale`, `field_textBlock_text`, `field_slideshow_slideshowTitle`, `field_slideshow_position`, `field_quoteBlock_quote`, `field_quoteBlock_citation`, `field_quoteBlock_position`, `field_videoBlock_videoTitle`, `field_videoBlock_videoEmbedCode`, `field_videoBlock_position`, `field_relationsBlock_relatedBlockTitle`, `dateCreated`, `dateUpdated`, `uid`) VALUES ('4', '90', 'en_us', NULL, NULL, NULL, NULL, NULL, NULL, 'Welcome to ICG', '<iframe width=\"560\" height=\"315\" src=\"//www.youtube.com/embed/30jLaP-1U-w?rel=0\" frameborder=\"0\" allowfullscreen></iframe>', 'left', NULL, '2015-01-03 15:59:38', '2015-01-03 17:55:20', '1573a030-a075-41b9-9c07-ed4b380aa6d7');
INSERT INTO `craft_matrixcontent_singlepagecontent` (`id`, `elementId`, `locale`, `field_textBlock_text`, `field_slideshow_slideshowTitle`, `field_slideshow_position`, `field_quoteBlock_quote`, `field_quoteBlock_citation`, `field_quoteBlock_position`, `field_videoBlock_videoTitle`, `field_videoBlock_videoEmbedCode`, `field_videoBlock_position`, `field_relationsBlock_relatedBlockTitle`, `dateCreated`, `dateUpdated`, `uid`) VALUES ('5', '91', 'en_us', NULL, NULL, NULL, NULL, NULL, NULL, NULL, NULL, NULL, 'Related Entries', '2015-01-03 15:59:38', '2015-01-03 17:55:20', '589d9497-3e40-4c6c-84dd-3e6645c6ebd9');
INSERT INTO `craft_matrixcontent_singlepagecontent` (`id`, `elementId`, `locale`, `field_textBlock_text`, `field_slideshow_slideshowTitle`, `field_slideshow_position`, `field_quoteBlock_quote`, `field_quoteBlock_citation`, `field_quoteBlock_position`, `field_videoBlock_videoTitle`, `field_videoBlock_videoEmbedCode`, `field_videoBlock_position`, `field_relationsBlock_relatedBlockTitle`, `dateCreated`, `dateUpdated`, `uid`) VALUES ('6', '94', 'en_us', '<h2>Help us create a magical place in our community</h2><p>Thanks to loyal support from individuals like you, ICG\'s garden and programs are thriving, and thousands of children have squished their toes in mud, scooped tadpoles, plucked fresh peas and beans off the vine, cared for chickens, and <a href=\"{entry:41:url}\">played, played, played</a>.</p>', NULL, NULL, NULL, NULL, NULL, NULL, NULL, NULL, NULL, '2015-01-03 17:50:35', '2015-01-03 17:50:35', '354cb066-b248-4aac-bc22-82cb9e3b0661');
INSERT INTO `craft_matrixcontent_singlepagecontent` (`id`, `elementId`, `locale`, `field_textBlock_text`, `field_slideshow_slideshowTitle`, `field_slideshow_position`, `field_quoteBlock_quote`, `field_quoteBlock_citation`, `field_quoteBlock_position`, `field_videoBlock_videoTitle`, `field_videoBlock_videoEmbedCode`, `field_videoBlock_position`, `field_relationsBlock_relatedBlockTitle`, `dateCreated`, `dateUpdated`, `uid`) VALUES ('7', '95', 'en_us', NULL, 'HONAZ', 'right', NULL, NULL, NULL, NULL, NULL, NULL, NULL, '2015-01-03 17:50:35', '2015-01-03 17:50:35', 'd6808007-b503-4a48-b74c-186cfebb64b7');
INSERT INTO `craft_matrixcontent_singlepagecontent` (`id`, `elementId`, `locale`, `field_textBlock_text`, `field_slideshow_slideshowTitle`, `field_slideshow_position`, `field_quoteBlock_quote`, `field_quoteBlock_citation`, `field_quoteBlock_position`, `field_videoBlock_videoTitle`, `field_videoBlock_videoEmbedCode`, `field_videoBlock_position`, `field_relationsBlock_relatedBlockTitle`, `dateCreated`, `dateUpdated`, `uid`) VALUES ('8', '96', 'en_us', '<h3>We believe every child deserves these experiences.</h3><p>Individual gifts are a critical part of our operating budget. Your support helps us reach more youth, with rich nature experiences, ever deepening their love of the outdoors. And while we\'re at it, we make a little magic for their childhood memory banks, too!</p><h3>Your generous gift makes our critical work possible.</h3><p>Magic doesn\'t just happen. It favors the well-trained staff and well-kept garden. And that takes vision, energy, and your support.</p><p><strong>Thank you for your generosity!</strong></p>', NULL, NULL, NULL, NULL, NULL, NULL, NULL, NULL, NULL, '2015-01-03 17:50:35', '2015-01-03 17:50:35', 'c6b85a59-ab98-4ecb-a0ad-84ef05adf4ee');
INSERT INTO `craft_matrixcontent_singlepagecontent` (`id`, `elementId`, `locale`, `field_textBlock_text`, `field_slideshow_slideshowTitle`, `field_slideshow_position`, `field_quoteBlock_quote`, `field_quoteBlock_citation`, `field_quoteBlock_position`, `field_videoBlock_videoTitle`, `field_videoBlock_videoEmbedCode`, `field_videoBlock_position`, `field_relationsBlock_relatedBlockTitle`, `dateCreated`, `dateUpdated`, `uid`) VALUES ('9', '97', 'en_us', NULL, NULL, NULL, 'Giving to ICG makes me feel good about the Universe.', 'One Love', 'left', NULL, NULL, NULL, NULL, '2015-01-03 17:50:35', '2015-01-03 17:50:35', '41fefe55-fe82-44c8-af65-0a817d9db632');
INSERT INTO `craft_matrixcontent_singlepagecontent` (`id`, `elementId`, `locale`, `field_textBlock_text`, `field_slideshow_slideshowTitle`, `field_slideshow_position`, `field_quoteBlock_quote`, `field_quoteBlock_citation`, `field_quoteBlock_position`, `field_videoBlock_videoTitle`, `field_videoBlock_videoEmbedCode`, `field_videoBlock_position`, `field_relationsBlock_relatedBlockTitle`, `dateCreated`, `dateUpdated`, `uid`) VALUES ('10', '98', 'en_us', NULL, NULL, NULL, NULL, NULL, NULL, 'Mud Day!!', '<iframe src=\"//player.vimeo.com/video/45109087\" width=\"624\" height=\"351\" frameborder=\"0\" webkitallowfullscreen mozallowfullscreen allowfullscreen></iframe> <p><a href=\"http://vimeo.com/45109087\">International Mud Day - Ithaca Children\'s Garden</a> from <a href=\"http://vimeo.com/user894674\">Kai</a> on <a href=\"https://vimeo.com\">Vimeo</a>.</p>', 'left', NULL, '2015-01-03 17:50:35', '2015-01-03 17:50:35', 'c2d63d06-501f-425c-97a3-2bd6f9de4b6a');
INSERT INTO `craft_matrixcontent_singlepagecontent` (`id`, `elementId`, `locale`, `field_textBlock_text`, `field_slideshow_slideshowTitle`, `field_slideshow_position`, `field_quoteBlock_quote`, `field_quoteBlock_citation`, `field_quoteBlock_position`, `field_videoBlock_videoTitle`, `field_videoBlock_videoEmbedCode`, `field_videoBlock_position`, `field_relationsBlock_relatedBlockTitle`, `dateCreated`, `dateUpdated`, `uid`) VALUES ('11', '99', 'en_us', NULL, NULL, NULL, NULL, NULL, NULL, NULL, NULL, NULL, 'Related Links', '2015-01-03 17:50:35', '2015-01-03 17:50:35', '1b74781a-f35b-47ce-8239-54d11e355b43');
INSERT INTO `craft_matrixcontent_singlepagecontent` (`id`, `elementId`, `locale`, `field_textBlock_text`, `field_slideshow_slideshowTitle`, `field_slideshow_position`, `field_quoteBlock_quote`, `field_quoteBlock_citation`, `field_quoteBlock_position`, `field_videoBlock_videoTitle`, `field_videoBlock_videoEmbedCode`, `field_videoBlock_position`, `field_relationsBlock_relatedBlockTitle`, `dateCreated`, `dateUpdated`, `uid`) VALUES ('12', '139', 'en_us', '<p>Ithaca Children\'s Garden is a very special place.</p><p>Designed and developed in harmony with the natural and cultural landscape of the region, the Ithaca Children\'s Garden is uniquely Ithaca. Built by and for the community, using local materials, designers and artisans, you won\'t find a garden like it elsewhere.</p><p>\"Ithaca is obviously a beautiful place, and children have a lot of access to wonderful parts of nature here,\" says Rusty Keeler, author of Natural Playscapes, father, and owner of Earthplay. \"But the Children\'s Garden is the one place that says \"this is for kids.\" It\'s a place that belongs to kids, a place to grow up in.\"</p>', NULL, NULL, NULL, NULL, NULL, NULL, NULL, NULL, NULL, '2015-01-11 16:31:39', '2015-01-11 16:57:01', '475301f2-765d-4f1e-9fd2-06e6c55ecb8d');
INSERT INTO `craft_matrixcontent_singlepagecontent` (`id`, `elementId`, `locale`, `field_textBlock_text`, `field_slideshow_slideshowTitle`, `field_slideshow_position`, `field_quoteBlock_quote`, `field_quoteBlock_citation`, `field_quoteBlock_position`, `field_videoBlock_videoTitle`, `field_videoBlock_videoEmbedCode`, `field_videoBlock_position`, `field_relationsBlock_relatedBlockTitle`, `dateCreated`, `dateUpdated`, `uid`) VALUES ('13', '140', 'en_us', '<h2>Bulb Labyrinth Memorial Garden</h2>\r\n<p>Bulbs symbolize hope and the cycle of life. Labyrinths have been used for centuries by many cultures around the world to promote healing and meditation. The garden is designed to be a beautiful, uplifting, sensory garden that celebrates the natural rhythms of the seasons.\r\n</p>', NULL, NULL, NULL, NULL, NULL, NULL, NULL, NULL, NULL, '2015-01-11 16:31:39', '2015-01-11 16:57:01', '9c695707-e8fc-45df-a7f4-3e2a690be9d4');
INSERT INTO `craft_matrixcontent_singlepagecontent` (`id`, `elementId`, `locale`, `field_textBlock_text`, `field_slideshow_slideshowTitle`, `field_slideshow_position`, `field_quoteBlock_quote`, `field_quoteBlock_citation`, `field_quoteBlock_position`, `field_videoBlock_videoTitle`, `field_videoBlock_videoEmbedCode`, `field_videoBlock_position`, `field_relationsBlock_relatedBlockTitle`, `dateCreated`, `dateUpdated`, `uid`) VALUES ('14', '141', 'en_us', '<h2>Hands on Nature Anarchy Zone</h2>\r\n<p>\r\n	We all know that children need fun opportunities to get outside and connect with nature in hands-on and bodies-on ways using all their senses. The Hands-on-Anarchy Zone invites visitors to \"take it to the next level\" and dig for worms, play with water sand and clay, plant trees, build forts out of straw bales and stumps, cook food, and more — and in the process get muddy, wet, and dirty wild exploring their connection to nature.\r\n</p>\r\n<p>\r\n	<a href=\"http://ithacachildrensgarden.org/index.php/hands-on-nature-anarchy-zone/\">Visit the Hand on Nature Anarchy Zone</a>.\r\n</p>\r\n<p>\r\n	Flowing from Gaia\'s natural wetlands habitat, bird habitat garden and wildflower meadow at the south end, through an Ecological Edible Garden and urban agriculture center to the north meadow, the Ithaca Children\'s Garden is ever growing. Visit early and often and take part in community events based on nature, and the land.\r\n</p>\r\n<p>\r\n	Planning a visit to Ithaca Children\'s Garden? Check out our programs and events, or drop us a line and let us know how we can help. Visited the garden recently, or have a memory you\'d like to share? <a href=\"http://ithacachildrensgarden.org/index.php/contact/\">Contact us</a>, or post on our <a href=\"https://www.facebook.com/ithacachildrensgarden\">Facebook page</a>!\r\n</p>\r\n<p>\r\n	ICG is a grassroots organization, and relies on support from many community partners including individuals, families, businesses and organizations\r\n</p>', NULL, NULL, NULL, NULL, NULL, NULL, NULL, NULL, NULL, '2015-01-11 16:31:39', '2015-01-11 16:57:01', 'f078fcd4-ba63-46a0-942d-a2c26bac60a6');
INSERT INTO `craft_matrixcontent_singlepagecontent` (`id`, `elementId`, `locale`, `field_textBlock_text`, `field_slideshow_slideshowTitle`, `field_slideshow_position`, `field_quoteBlock_quote`, `field_quoteBlock_citation`, `field_quoteBlock_position`, `field_videoBlock_videoTitle`, `field_videoBlock_videoEmbedCode`, `field_videoBlock_position`, `field_relationsBlock_relatedBlockTitle`, `dateCreated`, `dateUpdated`, `uid`) VALUES ('15', '145', 'en_us', '<p>We all know that children need fun opportunities to get outside and connect with nature in hands-on and bodies-on ways using all their senses, but did you know that children who play outside are more likely to become adults who care about the environment? ICG\'s mission is to cultivate environmental stewardship, and we believe the best way to do that is getting kids outside, having fun in the natural world.</p><p>The Hands-on-Nature Anarchy Zone invites visitors to take it to the next level and dig for worms, play with water sand and clay, build forts out of straw bales and stumps, climb trees, and more — and in the process get muddy, wet, and dirty while exploring their connection to nature. </p><p>A lockable storage shed houses tools and materials to be used during each program. Locust logs, straw bales, topsoil, river clay, cardboard, sand, boulders, etc. invite children to play, create, destruct, work together, work alone, solve problems, and have fun.</p><p>Get ready for a playful summer at ICG\'s Hands-on-Nature Anarchy Zone! Three weeks of<a href=\"http://ithacachildrensgarden.org/index.php/programs/read/summer-camp-2014\">Nature Play Corp Summer Camp</a>, trained playworkers, special Thursday morning <a href=\"http://ithacachildrensgarden.org/index.php/programs/read/zone-into-nature\">Zone into Nature program</a>, <a href=\"http://ithacachildrensgarden.org/index.php/programs/read/adventure-play-days\">Adventure Play Days</a>, local artists and build leaders, all come together in the Anarchy Zone to help provide your child with one of the most essential ingredients of a healthy childhood: child-directed free play. </p><p><a href=\"https://www.youtube.com/watch?v=ppc3bcGyd9s&amp;list=UUim9TnNKH5yinZm8_L95C-A\">Featured on the Katie Couric show</a> and <a href=\"http://www.npr.org/blogs/ed/2014/08/04/334896321/where-the-wild-things-play\">recognized on NPR,</a> the Hands-on-Nature Anarchy Zone integrates models of nature play + adventure playgrounds + city farms from Germany, Scandinavia, and the UK, and works with international play experts to train our playworkers. Ithaca Children\'s Garden is the first example in the US of integrating Playwork and nature-based learning into a children\'s garden setting.</p><p>Seed funding was provided by US Fish &amp; Wildlife Service (USFWS) in 2012, and 2013. 2014 funding was provided by USFWS and Park Foundation.</p><p>In partnership with <a href=\"http://rustykeeler.com/\">Rusty Keeler</a> of <a href=\"http://earthplay.net/\">EarthPlay</a>. </p><p>International Mud Day and the Festival of Fire &amp; Ice are Hands-on-Nature Anarchy Zone events funded with grants by the Tompkins County Tourism Program.</p>', NULL, NULL, NULL, NULL, NULL, NULL, NULL, NULL, NULL, '2015-01-11 17:01:30', '2015-01-11 17:07:03', 'fef551e6-06ce-45ec-8fb4-2eb920c677d8');
INSERT INTO `craft_matrixcontent_singlepagecontent` (`id`, `elementId`, `locale`, `field_textBlock_text`, `field_slideshow_slideshowTitle`, `field_slideshow_position`, `field_quoteBlock_quote`, `field_quoteBlock_citation`, `field_quoteBlock_position`, `field_videoBlock_videoTitle`, `field_videoBlock_videoEmbedCode`, `field_videoBlock_position`, `field_relationsBlock_relatedBlockTitle`, `dateCreated`, `dateUpdated`, `uid`) VALUES ('16', '165', 'en_us', '<h2>Play is an Experience Neato!</h2><p>\r\n	Lorem ipsum dolor sit amet, consectetur adipiscing elit. Vivamus sagittis lacus vel augue laoreet rutrum faucibus dolor auctor. Duis mollis, est non commodo luctus, nisi erat porttitor ligula, eget lacinia odio sem nec elit. Praesent commodo cursus magna, vel scelerisque nisl consectetur et. Fusce dapibus, tellus ac cursus commodo, tortor mauris condimentum nibh, ut fermentum massa justo sit amet risus. Cras justo odio, dapibus ac facilisis in, egestas eget quam. Fusce dapibus, tellus ac cursus commodo, tortor mauris condimentum nibh, ut fermentum massa justo sit amet risus.\r\n</p><p>\r\n	<a href=\"http://whatsgoodithaca.com/playwork\"><img src=\"{asset:178:url}\" alt=\"What\'s Good - Playwork\"></a><br>\r\n</p><p>\r\n	Morbi leo risus, porta ac consectetur ac, vestibulum at eros. Lorem ipsum dolor sit amet, consectetur adipiscing elit. Etiam porta sem malesuada magna mollis euismod. Nulla vitae elit libero, a pharetra augue. Integer posuere erat a ante venenatis dapibus posuere velit aliquet. Nullam quis risus eget urna mollis ornare vel eu leo.\r\n</p>', NULL, NULL, NULL, NULL, NULL, NULL, NULL, NULL, NULL, '2015-01-13 01:49:48', '2015-01-15 18:10:30', '562ed918-5416-483f-a885-cc8ee85c9dcf');
INSERT INTO `craft_matrixcontent_singlepagecontent` (`id`, `elementId`, `locale`, `field_textBlock_text`, `field_slideshow_slideshowTitle`, `field_slideshow_position`, `field_quoteBlock_quote`, `field_quoteBlock_citation`, `field_quoteBlock_position`, `field_videoBlock_videoTitle`, `field_videoBlock_videoEmbedCode`, `field_videoBlock_position`, `field_relationsBlock_relatedBlockTitle`, `dateCreated`, `dateUpdated`, `uid`) VALUES ('17', '166', 'en_us', NULL, NULL, NULL, '<p>\r\n	Maecenas sed diam eget risus varius blandit sit amet non magna. Nulla vitae elit libero, a pharetra augue. Vestibulum id ligula porta felis euismod semper. Cras justo odio, dapibus ac facilisis in, egestas eget quam. Vivamus sagittis lacus vel augue laoreet rutrum faucibus dolor auctor.\r\n</p>', 'Catherine Zeta Jones', 'left', NULL, NULL, NULL, NULL, '2015-01-13 01:49:48', '2015-01-15 18:10:30', '088d506a-bd3b-4ed2-a19e-71a369da843a');
INSERT INTO `craft_matrixcontent_singlepagecontent` (`id`, `elementId`, `locale`, `field_textBlock_text`, `field_slideshow_slideshowTitle`, `field_slideshow_position`, `field_quoteBlock_quote`, `field_quoteBlock_citation`, `field_quoteBlock_position`, `field_videoBlock_videoTitle`, `field_videoBlock_videoEmbedCode`, `field_videoBlock_position`, `field_relationsBlock_relatedBlockTitle`, `dateCreated`, `dateUpdated`, `uid`) VALUES ('18', '167', 'en_us', NULL, NULL, NULL, NULL, NULL, NULL, 'Playing at ICG', '<iframe src=\"//player.vimeo.com/video/48499231\" frameborder=\"0\" webkitallowfullscreen mozallowfullscreen allowfullscreen></iframe>', 'left', NULL, '2015-01-13 01:49:48', '2015-01-15 18:10:30', '94a7e8cb-998b-4b29-b562-8e79b4020e31');
INSERT INTO `craft_matrixcontent_singlepagecontent` (`id`, `elementId`, `locale`, `field_textBlock_text`, `field_slideshow_slideshowTitle`, `field_slideshow_position`, `field_quoteBlock_quote`, `field_quoteBlock_citation`, `field_quoteBlock_position`, `field_videoBlock_videoTitle`, `field_videoBlock_videoEmbedCode`, `field_videoBlock_position`, `field_relationsBlock_relatedBlockTitle`, `dateCreated`, `dateUpdated`, `uid`) VALUES ('19', '173', 'en_us', NULL, 'Play at ICG', 'left', NULL, NULL, NULL, NULL, NULL, NULL, NULL, '2015-01-13 02:12:43', '2015-01-15 18:10:29', '7138c305-ddb4-4814-a5be-ec6387d005b6');
INSERT INTO `craft_matrixcontent_singlepagecontent` (`id`, `elementId`, `locale`, `field_textBlock_text`, `field_slideshow_slideshowTitle`, `field_slideshow_position`, `field_quoteBlock_quote`, `field_quoteBlock_citation`, `field_quoteBlock_position`, `field_videoBlock_videoTitle`, `field_videoBlock_videoEmbedCode`, `field_videoBlock_position`, `field_relationsBlock_relatedBlockTitle`, `dateCreated`, `dateUpdated`, `uid`) VALUES ('20', '176', 'en_us', '<p>\r\n	Maecenas sed diam eget risus varius blandit sit amet non magna. Nulla vitae elit libero, a pharetra augue. Vestibulum id ligula porta felis euismod semper. Cras justo odio, dapibus ac facilisis in, egestas eget quam. Vivamus sagittis lacus vel augue laoreet rutrum faucibus dolor auctor.\r\n</p><p>\r\n	Vivamus sagittis lacus vel augue laoreet rutrum faucibus dolor auctor. Integer posuere erat a ante venenatis dapibus posuere velit aliquet. Donec sed odio dui. Nulla vitae elit libero, a pharetra augue.\r\n</p>', NULL, NULL, NULL, NULL, NULL, NULL, NULL, NULL, NULL, '2015-01-13 04:15:12', '2015-01-15 18:10:30', '4fdd0db9-badf-4f65-80a1-b446776b8688');
INSERT INTO `craft_matrixcontent_singlepagecontent` (`id`, `elementId`, `locale`, `field_textBlock_text`, `field_slideshow_slideshowTitle`, `field_slideshow_position`, `field_quoteBlock_quote`, `field_quoteBlock_citation`, `field_quoteBlock_position`, `field_videoBlock_videoTitle`, `field_videoBlock_videoEmbedCode`, `field_videoBlock_position`, `field_relationsBlock_relatedBlockTitle`, `dateCreated`, `dateUpdated`, `uid`) VALUES ('21', '177', 'en_us', '<p>\r\n	Maecenas sed diam eget risus varius blandit sit amet non magna. Nulla vitae elit libero, a pharetra augue. Vestibulum id ligula porta felis euismod semper. Cras justo odio, dapibus ac facilisis in, egestas eget quam. Vivamus sagittis lacus vel augue laoreet rutrum faucibus dolor auctor.\r\n</p>', NULL, NULL, NULL, NULL, NULL, NULL, NULL, NULL, NULL, '2015-01-13 04:16:13', '2015-01-15 18:10:30', '7ad5df77-b513-4a41-ae5f-e0ac43ec24db');



DROP TABLE IF EXISTS `craft_matrixcontent_singlepagesidebar`;


--
-- Schema for table `craft_matrixcontent_singlepagesidebar`
--
CREATE TABLE `craft_matrixcontent_singlepagesidebar` (
  `id` int(11) NOT NULL AUTO_INCREMENT,
  `elementId` int(11) NOT NULL,
  `locale` char(12) COLLATE utf8_unicode_ci NOT NULL,
  `field_sidebarText_text` text COLLATE utf8_unicode_ci,
  `field_relationsBlock_relatedBlockTitle` text COLLATE utf8_unicode_ci,
  `dateCreated` datetime NOT NULL,
  `dateUpdated` datetime NOT NULL,
  `uid` char(36) COLLATE utf8_unicode_ci NOT NULL DEFAULT '0',
  PRIMARY KEY (`id`),
  UNIQUE KEY `craft_matrixcontent_singlepagesidebar_elementId_locale_unq_idx` (`elementId`,`locale`),
  KEY `craft_matrixcontent_singlepagesidebar_locale_fk` (`locale`)
) ENGINE=InnoDB AUTO_INCREMENT=4 DEFAULT CHARSET=utf8 COLLATE=utf8_unicode_ci;

--
-- Data for table `craft_matrixcontent_singlepagesidebar`
--

INSERT INTO `craft_matrixcontent_singlepagesidebar` (`id`, `elementId`, `locale`, `field_sidebarText_text`, `field_relationsBlock_relatedBlockTitle`, `dateCreated`, `dateUpdated`, `uid`) VALUES ('1', '143', 'en_us', '<h2>The Master Plan</h2><p>Check out our project page to see what is in the works for future development at the Garden. Projects currently being developed include the Bulb Labyrinth Memorial Garden, Perimeter Fence, Hands-On Nature Anarchy Zone, and Carbon-neutral eco-Education Building.</p>', NULL, '2015-01-11 16:51:34', '2015-01-11 16:57:01', '9b7f4e61-b564-4977-be0e-553a26007376');
INSERT INTO `craft_matrixcontent_singlepagesidebar` (`id`, `elementId`, `locale`, `field_sidebarText_text`, `field_relationsBlock_relatedBlockTitle`, `dateCreated`, `dateUpdated`, `uid`) VALUES ('2', '168', 'en_us', NULL, 'Other Programs', '2015-01-13 01:56:38', '2015-01-15 18:10:30', 'b6e80407-f849-4938-9a67-e76d60632c3a');
INSERT INTO `craft_matrixcontent_singlepagesidebar` (`id`, `elementId`, `locale`, `field_sidebarText_text`, `field_relationsBlock_relatedBlockTitle`, `dateCreated`, `dateUpdated`, `uid`) VALUES ('3', '175', 'en_us', '<h2>Some Heading</h2><p>\r\n	Aenean lacinia bibendum nulla sed consectetur. Curabitur blandit tempus porttitor. Nullam id dolor id nibh ultricies vehicula ut id elit. Maecenas sed diam eget risus varius blandit sit amet non magna. Nullam quis risus eget urna mollis ornare vel eu leo. Donec id elit non mi porta gravida at eget metus.\r\n</p>', NULL, '2015-01-13 02:29:00', '2015-01-15 18:10:30', '66f5f882-e72e-4475-ace2-8a838cc73de2');



DROP TABLE IF EXISTS `craft_migrations`;


--
-- Schema for table `craft_migrations`
--
CREATE TABLE `craft_migrations` (
  `id` int(11) NOT NULL AUTO_INCREMENT,
  `pluginId` int(11) DEFAULT NULL,
  `version` varchar(255) COLLATE utf8_unicode_ci NOT NULL,
  `applyTime` datetime NOT NULL,
  `dateCreated` datetime NOT NULL,
  `dateUpdated` datetime NOT NULL,
  `uid` char(36) COLLATE utf8_unicode_ci NOT NULL DEFAULT '0',
  PRIMARY KEY (`id`),
  UNIQUE KEY `craft_migrations_version_unq_idx` (`version`),
  KEY `craft_migrations_pluginId_fk` (`pluginId`)
) ENGINE=InnoDB AUTO_INCREMENT=15 DEFAULT CHARSET=utf8 COLLATE=utf8_unicode_ci;

--
-- Data for table `craft_migrations`
--

INSERT INTO `craft_migrations` (`id`, `pluginId`, `version`, `applyTime`, `dateCreated`, `dateUpdated`, `uid`) VALUES ('1', NULL, 'm000000_000000_base', '2014-11-26 00:20:25', '2014-11-26 00:20:25', '2014-11-26 00:20:25', 'e0fdf875-7c28-47b9-b129-c396e40b5969');
INSERT INTO `craft_migrations` (`id`, `pluginId`, `version`, `applyTime`, `dateCreated`, `dateUpdated`, `uid`) VALUES ('2', NULL, 'm140730_000001_add_filename_and_format_to_transformindex', '2014-11-26 00:20:25', '2014-11-26 00:20:25', '2014-11-26 00:20:25', '0a92ba96-2c98-4094-876f-229e2e7cc8e7');
INSERT INTO `craft_migrations` (`id`, `pluginId`, `version`, `applyTime`, `dateCreated`, `dateUpdated`, `uid`) VALUES ('3', NULL, 'm140815_000001_add_format_to_transforms', '2014-11-26 00:20:25', '2014-11-26 00:20:25', '2014-11-26 00:20:25', '855dd185-a46a-4741-b079-61f647d6a484');
INSERT INTO `craft_migrations` (`id`, `pluginId`, `version`, `applyTime`, `dateCreated`, `dateUpdated`, `uid`) VALUES ('4', NULL, 'm140822_000001_allow_more_than_128_items_per_field', '2014-11-26 00:20:25', '2014-11-26 00:20:25', '2014-11-26 00:20:25', '96ed3707-ca94-4cb5-b740-f7e4eed9bb37');
INSERT INTO `craft_migrations` (`id`, `pluginId`, `version`, `applyTime`, `dateCreated`, `dateUpdated`, `uid`) VALUES ('5', NULL, 'm140829_000001_single_title_formats', '2014-11-26 00:20:25', '2014-11-26 00:20:25', '2014-11-26 00:20:25', '7b932a0b-896c-46e5-9d6d-212e2f9b85bb');
INSERT INTO `craft_migrations` (`id`, `pluginId`, `version`, `applyTime`, `dateCreated`, `dateUpdated`, `uid`) VALUES ('6', NULL, 'm140831_000001_extended_cache_keys', '2014-11-26 00:20:25', '2014-11-26 00:20:25', '2014-11-26 00:20:25', 'f413dce6-6625-43c7-942b-bad3c5061b99');
INSERT INTO `craft_migrations` (`id`, `pluginId`, `version`, `applyTime`, `dateCreated`, `dateUpdated`, `uid`) VALUES ('7', NULL, 'm140922_000001_delete_orphaned_matrix_blocks', '2014-11-26 00:20:25', '2014-11-26 00:20:25', '2014-11-26 00:20:25', 'a7435744-5e58-4693-92d7-e38edb7f057a');
INSERT INTO `craft_migrations` (`id`, `pluginId`, `version`, `applyTime`, `dateCreated`, `dateUpdated`, `uid`) VALUES ('8', NULL, 'm141008_000001_elements_index_tune', '2014-12-31 02:27:29', '2014-12-31 02:27:29', '2014-12-31 02:27:29', '0a67e3f3-1c0d-43b9-8876-9f6d3a021510');
INSERT INTO `craft_migrations` (`id`, `pluginId`, `version`, `applyTime`, `dateCreated`, `dateUpdated`, `uid`) VALUES ('9', NULL, 'm141009_000001_assets_source_handle', '2014-12-31 02:27:29', '2014-12-31 02:27:29', '2014-12-31 02:27:29', '72c467a8-98f5-4980-8c9f-d54fec1109e8');
INSERT INTO `craft_migrations` (`id`, `pluginId`, `version`, `applyTime`, `dateCreated`, `dateUpdated`, `uid`) VALUES ('10', NULL, 'm141024_000001_field_layout_tabs', '2014-12-31 02:27:29', '2014-12-31 02:27:29', '2014-12-31 02:27:29', 'a695a34d-ae8b-4c2f-a7f6-588a40f13ead');
INSERT INTO `craft_migrations` (`id`, `pluginId`, `version`, `applyTime`, `dateCreated`, `dateUpdated`, `uid`) VALUES ('11', NULL, 'm141030_000001_drop_structure_move_permission', '2014-12-31 02:27:29', '2014-12-31 02:27:29', '2014-12-31 02:27:29', '1ed5309d-d9a6-42e2-98e1-90cb719222b0');
INSERT INTO `craft_migrations` (`id`, `pluginId`, `version`, `applyTime`, `dateCreated`, `dateUpdated`, `uid`) VALUES ('12', NULL, 'm141103_000001_tag_titles', '2014-12-31 02:27:29', '2014-12-31 02:27:29', '2014-12-31 02:27:29', '3b7f4478-3530-4d9a-8b3c-55763c4c988a');
INSERT INTO `craft_migrations` (`id`, `pluginId`, `version`, `applyTime`, `dateCreated`, `dateUpdated`, `uid`) VALUES ('13', NULL, 'm141109_000001_user_status_shuffle', '2014-12-31 02:27:29', '2014-12-31 02:27:29', '2014-12-31 02:27:29', '5b617430-cb59-430b-9f71-0d08923c518f');
INSERT INTO `craft_migrations` (`id`, `pluginId`, `version`, `applyTime`, `dateCreated`, `dateUpdated`, `uid`) VALUES ('14', NULL, 'm141126_000001_user_week_start_day', '2014-12-31 02:27:29', '2014-12-31 02:27:29', '2014-12-31 02:27:29', 'a5f0a225-2021-491f-aa40-31410ab3362b');



DROP TABLE IF EXISTS `craft_plugins`;


--
-- Schema for table `craft_plugins`
--
CREATE TABLE `craft_plugins` (
  `id` int(11) NOT NULL AUTO_INCREMENT,
  `class` varchar(150) COLLATE utf8_unicode_ci NOT NULL,
  `version` char(15) COLLATE utf8_unicode_ci NOT NULL,
  `enabled` tinyint(1) unsigned NOT NULL DEFAULT '0',
  `settings` text COLLATE utf8_unicode_ci,
  `installDate` datetime NOT NULL,
  `dateCreated` datetime NOT NULL,
  `dateUpdated` datetime NOT NULL,
  `uid` char(36) COLLATE utf8_unicode_ci NOT NULL DEFAULT '0',
  PRIMARY KEY (`id`)
) ENGINE=InnoDB AUTO_INCREMENT=2 DEFAULT CHARSET=utf8 COLLATE=utf8_unicode_ci;

--
-- Data for table `craft_plugins`
--

INSERT INTO `craft_plugins` (`id`, `class`, `version`, `enabled`, `settings`, `installDate`, `dateCreated`, `dateUpdated`, `uid`) VALUES ('1', 'RecurringDate', '0.3', '1', NULL, '2014-12-31 01:51:55', '2014-12-31 01:51:55', '2014-12-31 01:51:55', 'de195f85-08a6-4bc6-91ab-392e6a38dca3');



DROP TABLE IF EXISTS `craft_rackspaceaccess`;


--
-- Schema for table `craft_rackspaceaccess`
--
CREATE TABLE `craft_rackspaceaccess` (
  `id` int(11) NOT NULL AUTO_INCREMENT,
  `connectionKey` varchar(255) COLLATE utf8_unicode_ci NOT NULL,
  `token` varchar(255) COLLATE utf8_unicode_ci NOT NULL,
  `storageUrl` varchar(255) COLLATE utf8_unicode_ci NOT NULL,
  `cdnUrl` varchar(255) COLLATE utf8_unicode_ci NOT NULL,
  `dateCreated` datetime NOT NULL,
  `dateUpdated` datetime NOT NULL,
  `uid` char(36) COLLATE utf8_unicode_ci NOT NULL DEFAULT '0',
  PRIMARY KEY (`id`),
  UNIQUE KEY `craft_rackspaceaccess_connectionKey_unq_idx` (`connectionKey`)
) ENGINE=InnoDB DEFAULT CHARSET=utf8 COLLATE=utf8_unicode_ci;

DROP TABLE IF EXISTS `craft_recurringdate_dates`;


--
-- Schema for table `craft_recurringdate_dates`
--
CREATE TABLE `craft_recurringdate_dates` (
  `id` int(11) NOT NULL AUTO_INCREMENT,
  `ruleId` int(11) DEFAULT NULL,
  `start` datetime DEFAULT NULL,
  `end` datetime DEFAULT NULL,
  `dateCreated` datetime NOT NULL,
  `dateUpdated` datetime NOT NULL,
  `uid` char(36) COLLATE utf8_unicode_ci NOT NULL DEFAULT '0',
  PRIMARY KEY (`id`),
  KEY `craft_recurringdate_dates_ruleId_fk` (`ruleId`)
) ENGINE=InnoDB DEFAULT CHARSET=utf8 COLLATE=utf8_unicode_ci;

DROP TABLE IF EXISTS `craft_recurringdate_rules`;


--
-- Schema for table `craft_recurringdate_rules`
--
CREATE TABLE `craft_recurringdate_rules` (
  `id` int(11) NOT NULL AUTO_INCREMENT,
  `elementId` int(11) NOT NULL,
  `handle` varchar(255) COLLATE utf8_unicode_ci DEFAULT NULL,
  `start_date` varchar(255) COLLATE utf8_unicode_ci DEFAULT NULL,
  `start_time` varchar(255) COLLATE utf8_unicode_ci DEFAULT NULL,
  `end_date` varchar(255) COLLATE utf8_unicode_ci DEFAULT NULL,
  `end_time` varchar(255) COLLATE utf8_unicode_ci DEFAULT NULL,
  `allday` tinyint(1) unsigned NOT NULL DEFAULT '0',
  `repeats` tinyint(1) unsigned NOT NULL DEFAULT '0',
  `frequency` enum('daily','monthly','weekly','yearly') COLLATE utf8_unicode_ci DEFAULT NULL,
  `interval` int(10) DEFAULT NULL,
  `weekdays` varchar(255) COLLATE utf8_unicode_ci DEFAULT NULL,
  `repeat_by` enum('week','month') COLLATE utf8_unicode_ci DEFAULT NULL,
  `ends` enum('after','until') COLLATE utf8_unicode_ci DEFAULT NULL,
  `count` int(10) DEFAULT NULL,
  `until` varchar(255) COLLATE utf8_unicode_ci DEFAULT NULL,
  `rrule` varchar(255) COLLATE utf8_unicode_ci DEFAULT NULL,
  `dateCreated` datetime NOT NULL,
  `dateUpdated` datetime NOT NULL,
  `uid` char(36) COLLATE utf8_unicode_ci NOT NULL DEFAULT '0',
  PRIMARY KEY (`id`),
  KEY `craft_recurringdate_rules_elementId_fk` (`elementId`)
) ENGINE=InnoDB DEFAULT CHARSET=utf8 COLLATE=utf8_unicode_ci;

DROP TABLE IF EXISTS `craft_relations`;


--
-- Schema for table `craft_relations`
--
CREATE TABLE `craft_relations` (
  `id` int(11) NOT NULL AUTO_INCREMENT,
  `fieldId` int(11) NOT NULL,
  `sourceId` int(11) NOT NULL,
  `sourceLocale` char(12) COLLATE utf8_unicode_ci DEFAULT NULL,
  `targetId` int(11) NOT NULL,
  `sortOrder` smallint(6) DEFAULT NULL,
  `dateCreated` datetime NOT NULL,
  `dateUpdated` datetime NOT NULL,
  `uid` char(36) COLLATE utf8_unicode_ci NOT NULL DEFAULT '0',
  PRIMARY KEY (`id`),
  UNIQUE KEY `craft_relations_fieldId_sourceId_sourceLocale_targetId_unq_idx` (`fieldId`,`sourceId`,`sourceLocale`,`targetId`),
  KEY `craft_relations_sourceId_fk` (`sourceId`),
  KEY `craft_relations_sourceLocale_fk` (`sourceLocale`),
  KEY `craft_relations_targetId_fk` (`targetId`)
) ENGINE=InnoDB AUTO_INCREMENT=331 DEFAULT CHARSET=utf8 COLLATE=utf8_unicode_ci;

--
-- Data for table `craft_relations`
--

INSERT INTO `craft_relations` (`id`, `fieldId`, `sourceId`, `sourceLocale`, `targetId`, `sortOrder`, `dateCreated`, `dateUpdated`, `uid`) VALUES ('112', '30', '59', NULL, '41', '1', '2015-01-02 20:24:24', '2015-01-02 20:24:24', '1d1d6284-593d-4fa8-8f3e-4e1189e66a0f');
INSERT INTO `craft_relations` (`id`, `fieldId`, `sourceId`, `sourceLocale`, `targetId`, `sortOrder`, `dateCreated`, `dateUpdated`, `uid`) VALUES ('113', '30', '60', NULL, '41', '1', '2015-01-02 20:24:35', '2015-01-02 20:24:35', 'ddbbe22b-0f9b-466a-b43f-d20e54a494f3');
INSERT INTO `craft_relations` (`id`, `fieldId`, `sourceId`, `sourceLocale`, `targetId`, `sortOrder`, `dateCreated`, `dateUpdated`, `uid`) VALUES ('114', '30', '61', NULL, '53', '1', '2015-01-02 20:25:12', '2015-01-02 20:25:12', 'c6f102d3-dac3-4663-9576-0a44b7ace2df');
INSERT INTO `craft_relations` (`id`, `fieldId`, `sourceId`, `sourceLocale`, `targetId`, `sortOrder`, `dateCreated`, `dateUpdated`, `uid`) VALUES ('115', '30', '63', NULL, '53', '1', '2015-01-02 20:25:54', '2015-01-02 20:25:54', 'de0c2884-284e-42b0-ad70-09870fd71f00');
INSERT INTO `craft_relations` (`id`, `fieldId`, `sourceId`, `sourceLocale`, `targetId`, `sortOrder`, `dateCreated`, `dateUpdated`, `uid`) VALUES ('118', '33', '69', NULL, '67', '1', '2015-01-03 03:03:48', '2015-01-03 03:03:48', 'be913ad8-bd56-43f6-b732-752a895c7c4f');
INSERT INTO `craft_relations` (`id`, `fieldId`, `sourceId`, `sourceLocale`, `targetId`, `sortOrder`, `dateCreated`, `dateUpdated`, `uid`) VALUES ('120', '33', '72', NULL, '70', '1', '2015-01-03 04:17:04', '2015-01-03 04:17:04', '64e5db18-bf30-4826-97e3-e07f02c900a7');
INSERT INTO `craft_relations` (`id`, `fieldId`, `sourceId`, `sourceLocale`, `targetId`, `sortOrder`, `dateCreated`, `dateUpdated`, `uid`) VALUES ('122', '33', '78', NULL, '76', '1', '2015-01-03 04:33:20', '2015-01-03 04:33:20', '64b9ce07-1f3b-4d83-b933-a4129db20e8f');
INSERT INTO `craft_relations` (`id`, `fieldId`, `sourceId`, `sourceLocale`, `targetId`, `sortOrder`, `dateCreated`, `dateUpdated`, `uid`) VALUES ('123', '33', '81', NULL, '79', '1', '2015-01-03 04:36:25', '2015-01-03 04:36:25', '4a33ecd3-f7c2-4c90-8195-0db5de722fd5');
INSERT INTO `craft_relations` (`id`, `fieldId`, `sourceId`, `sourceLocale`, `targetId`, `sortOrder`, `dateCreated`, `dateUpdated`, `uid`) VALUES ('124', '36', '82', NULL, '2', '1', '2015-01-03 06:09:35', '2015-01-03 06:09:35', '2aac7621-6308-42af-97db-60cceac8fb94');
INSERT INTO `craft_relations` (`id`, `fieldId`, `sourceId`, `sourceLocale`, `targetId`, `sortOrder`, `dateCreated`, `dateUpdated`, `uid`) VALUES ('125', '33', '75', NULL, '73', '1', '2015-01-03 15:17:59', '2015-01-03 15:17:59', '718aa1c3-bae7-4fd2-8b1b-7c1c927f2a8f');
INSERT INTO `craft_relations` (`id`, `fieldId`, `sourceId`, `sourceLocale`, `targetId`, `sortOrder`, `dateCreated`, `dateUpdated`, `uid`) VALUES ('145', '40', '95', NULL, '67', '1', '2015-01-03 17:50:35', '2015-01-03 17:50:35', '480e3e3a-7150-4b58-a380-54c6438fffb0');
INSERT INTO `craft_relations` (`id`, `fieldId`, `sourceId`, `sourceLocale`, `targetId`, `sortOrder`, `dateCreated`, `dateUpdated`, `uid`) VALUES ('146', '49', '99', NULL, '23', '1', '2015-01-03 17:50:35', '2015-01-03 17:50:35', '32109dac-50f7-46d1-bfaa-78c839bbd58d');
INSERT INTO `craft_relations` (`id`, `fieldId`, `sourceId`, `sourceLocale`, `targetId`, `sortOrder`, `dateCreated`, `dateUpdated`, `uid`) VALUES ('147', '36', '100', NULL, '93', '1', '2015-01-03 17:51:27', '2015-01-03 17:51:27', '51b4bfcc-01eb-4bce-b32f-d53a4076abd5');
INSERT INTO `craft_relations` (`id`, `fieldId`, `sourceId`, `sourceLocale`, `targetId`, `sortOrder`, `dateCreated`, `dateUpdated`, `uid`) VALUES ('149', '36', '92', NULL, '86', '1', '2015-01-03 17:53:38', '2015-01-03 17:53:38', 'bb8b234e-f744-49f3-b28f-0d5a9995861a');
INSERT INTO `craft_relations` (`id`, `fieldId`, `sourceId`, `sourceLocale`, `targetId`, `sortOrder`, `dateCreated`, `dateUpdated`, `uid`) VALUES ('150', '49', '91', NULL, '3', '1', '2015-01-03 17:55:20', '2015-01-03 17:55:20', '4614d416-afa9-42a1-bb83-f0cd61e84dc8');
INSERT INTO `craft_relations` (`id`, `fieldId`, `sourceId`, `sourceLocale`, `targetId`, `sortOrder`, `dateCreated`, `dateUpdated`, `uid`) VALUES ('151', '49', '91', NULL, '53', '2', '2015-01-03 17:55:20', '2015-01-03 17:55:20', '0d5f7910-4e5f-47a9-ab45-754dce46e820');
INSERT INTO `craft_relations` (`id`, `fieldId`, `sourceId`, `sourceLocale`, `targetId`, `sortOrder`, `dateCreated`, `dateUpdated`, `uid`) VALUES ('152', '40', '88', NULL, '85', '1', '2015-01-03 17:55:20', '2015-01-03 17:55:20', '0afb3ff1-938a-44b4-a8b6-37fa661ad6ca');
INSERT INTO `craft_relations` (`id`, `fieldId`, `sourceId`, `sourceLocale`, `targetId`, `sortOrder`, `dateCreated`, `dateUpdated`, `uid`) VALUES ('181', '18', '111', NULL, '108', '1', '2015-01-04 16:07:31', '2015-01-04 16:07:31', '8e7941a7-adf1-4743-aec8-212b78ff6f79');
INSERT INTO `craft_relations` (`id`, `fieldId`, `sourceId`, `sourceLocale`, `targetId`, `sortOrder`, `dateCreated`, `dateUpdated`, `uid`) VALUES ('182', '51', '109', NULL, '107', '1', '2015-01-04 16:07:31', '2015-01-04 16:07:31', '05befd55-81ad-4d70-8f8e-06f5a34b00ca');
INSERT INTO `craft_relations` (`id`, `fieldId`, `sourceId`, `sourceLocale`, `targetId`, `sortOrder`, `dateCreated`, `dateUpdated`, `uid`) VALUES ('184', '30', '113', NULL, '109', '1', '2015-01-04 16:13:02', '2015-01-04 16:13:02', '6eaee967-f5ac-429d-8cd8-35d9902c42a6');
INSERT INTO `craft_relations` (`id`, `fieldId`, `sourceId`, `sourceLocale`, `targetId`, `sortOrder`, `dateCreated`, `dateUpdated`, `uid`) VALUES ('189', '30', '122', NULL, '116', '1', '2015-01-04 22:18:01', '2015-01-04 22:18:01', '43aaa072-8e95-4df5-a914-b39e329f6d42');
INSERT INTO `craft_relations` (`id`, `fieldId`, `sourceId`, `sourceLocale`, `targetId`, `sortOrder`, `dateCreated`, `dateUpdated`, `uid`) VALUES ('190', '30', '123', NULL, '116', '1', '2015-01-04 22:19:53', '2015-01-04 22:19:53', '730782f1-832e-4762-818f-c9b37c45df1d');
INSERT INTO `craft_relations` (`id`, `fieldId`, `sourceId`, `sourceLocale`, `targetId`, `sortOrder`, `dateCreated`, `dateUpdated`, `uid`) VALUES ('191', '33', '66', NULL, '64', '1', '2015-01-04 22:58:39', '2015-01-04 22:58:39', '271f5999-b15a-4934-b64a-ec7966a2a319');
INSERT INTO `craft_relations` (`id`, `fieldId`, `sourceId`, `sourceLocale`, `targetId`, `sortOrder`, `dateCreated`, `dateUpdated`, `uid`) VALUES ('196', '30', '133', NULL, '130', '1', '2015-01-10 15:08:49', '2015-01-10 15:08:49', '3bd02f08-01e3-4b6f-9eba-9aa676038130');
INSERT INTO `craft_relations` (`id`, `fieldId`, `sourceId`, `sourceLocale`, `targetId`, `sortOrder`, `dateCreated`, `dateUpdated`, `uid`) VALUES ('197', '30', '134', NULL, '125', '1', '2015-01-10 15:09:01', '2015-01-10 15:09:01', '06d58f73-6d00-4443-92a3-fdf746fa86f6');
INSERT INTO `craft_relations` (`id`, `fieldId`, `sourceId`, `sourceLocale`, `targetId`, `sortOrder`, `dateCreated`, `dateUpdated`, `uid`) VALUES ('199', '51', '130', NULL, '129', '1', '2015-01-10 18:24:05', '2015-01-10 18:24:05', '9ba305d3-c3c8-4660-a3cc-641c895cc00d');
INSERT INTO `craft_relations` (`id`, `fieldId`, `sourceId`, `sourceLocale`, `targetId`, `sortOrder`, `dateCreated`, `dateUpdated`, `uid`) VALUES ('200', '51', '116', NULL, '115', '1', '2015-01-10 18:28:49', '2015-01-10 18:28:49', '785cb8f8-2c86-40fd-8a0a-85665c22c7d9');
INSERT INTO `craft_relations` (`id`, `fieldId`, `sourceId`, `sourceLocale`, `targetId`, `sortOrder`, `dateCreated`, `dateUpdated`, `uid`) VALUES ('201', '51', '125', NULL, '124', '1', '2015-01-10 18:31:49', '2015-01-10 18:31:49', 'ff383902-22ea-476f-b5cc-f41e0198257e');
INSERT INTO `craft_relations` (`id`, `fieldId`, `sourceId`, `sourceLocale`, `targetId`, `sortOrder`, `dateCreated`, `dateUpdated`, `uid`) VALUES ('202', '18', '50', NULL, '49', '1', '2015-01-10 18:47:00', '2015-01-10 18:47:00', 'ce8f2c88-fd26-4ad4-ad87-d798811a72b8');
INSERT INTO `craft_relations` (`id`, `fieldId`, `sourceId`, `sourceLocale`, `targetId`, `sortOrder`, `dateCreated`, `dateUpdated`, `uid`) VALUES ('203', '18', '43', NULL, '45', '1', '2015-01-10 18:47:01', '2015-01-10 18:47:01', '8021303b-f873-417b-b252-f53d7ce177d3');
INSERT INTO `craft_relations` (`id`, `fieldId`, `sourceId`, `sourceLocale`, `targetId`, `sortOrder`, `dateCreated`, `dateUpdated`, `uid`) VALUES ('204', '18', '43', NULL, '51', '2', '2015-01-10 18:47:01', '2015-01-10 18:47:01', 'ebb58e0e-a40a-4a1f-9a60-b8217c09019b');
INSERT INTO `craft_relations` (`id`, `fieldId`, `sourceId`, `sourceLocale`, `targetId`, `sortOrder`, `dateCreated`, `dateUpdated`, `uid`) VALUES ('205', '18', '43', NULL, '52', '3', '2015-01-10 18:47:01', '2015-01-10 18:47:01', 'dd7fd5f0-008e-403c-9c7c-abed3268758b');
INSERT INTO `craft_relations` (`id`, `fieldId`, `sourceId`, `sourceLocale`, `targetId`, `sortOrder`, `dateCreated`, `dateUpdated`, `uid`) VALUES ('209', '51', '41', NULL, '45', '1', '2015-01-10 18:47:01', '2015-01-10 18:47:01', 'a054db50-c555-4715-9d4e-ae79d6c906f9');
INSERT INTO `craft_relations` (`id`, `fieldId`, `sourceId`, `sourceLocale`, `targetId`, `sortOrder`, `dateCreated`, `dateUpdated`, `uid`) VALUES ('212', '51', '53', NULL, '108', '1', '2015-01-11 16:23:29', '2015-01-11 16:23:29', 'd4687802-712b-45e4-9fd5-6b3d937f7244');
INSERT INTO `craft_relations` (`id`, `fieldId`, `sourceId`, `sourceLocale`, `targetId`, `sortOrder`, `dateCreated`, `dateUpdated`, `uid`) VALUES ('213', '36', '142', NULL, '138', '1', '2015-01-11 16:32:42', '2015-01-11 16:32:42', 'b9534f51-d1e3-490c-8e60-7f5660cc224c');
INSERT INTO `craft_relations` (`id`, `fieldId`, `sourceId`, `sourceLocale`, `targetId`, `sortOrder`, `dateCreated`, `dateUpdated`, `uid`) VALUES ('214', '36', '146', NULL, '144', '1', '2015-01-11 17:07:38', '2015-01-11 17:07:38', '9a77ea7e-21d0-44eb-8a8e-1de8100a5d67');
INSERT INTO `craft_relations` (`id`, `fieldId`, `sourceId`, `sourceLocale`, `targetId`, `sortOrder`, `dateCreated`, `dateUpdated`, `uid`) VALUES ('215', '61', '149', NULL, '148', '1', '2015-01-11 21:38:26', '2015-01-11 21:38:26', 'ce8f400c-69d5-4c4a-b7a7-6628589fb109');
INSERT INTO `craft_relations` (`id`, `fieldId`, `sourceId`, `sourceLocale`, `targetId`, `sortOrder`, `dateCreated`, `dateUpdated`, `uid`) VALUES ('216', '61', '153', NULL, '152', '1', '2015-01-11 21:49:47', '2015-01-11 21:49:47', '573df147-f375-4815-9b86-8b910ed734a3');
INSERT INTO `craft_relations` (`id`, `fieldId`, `sourceId`, `sourceLocale`, `targetId`, `sortOrder`, `dateCreated`, `dateUpdated`, `uid`) VALUES ('217', '30', '154', NULL, '130', '1', '2015-01-12 00:16:27', '2015-01-12 00:16:27', '571d84f7-87dc-46eb-b8d1-b58ff56040dd');
INSERT INTO `craft_relations` (`id`, `fieldId`, `sourceId`, `sourceLocale`, `targetId`, `sortOrder`, `dateCreated`, `dateUpdated`, `uid`) VALUES ('218', '61', '157', NULL, '156', '1', '2015-01-13 01:27:46', '2015-01-13 01:27:46', '79269d81-3f11-46f5-b68c-94f9ccb9d29b');
INSERT INTO `craft_relations` (`id`, `fieldId`, `sourceId`, `sourceLocale`, `targetId`, `sortOrder`, `dateCreated`, `dateUpdated`, `uid`) VALUES ('219', '61', '160', NULL, '159', '1', '2015-01-13 01:31:34', '2015-01-13 01:31:34', '29103dc4-27e6-4a43-b160-cd2ab345df65');
INSERT INTO `craft_relations` (`id`, `fieldId`, `sourceId`, `sourceLocale`, `targetId`, `sortOrder`, `dateCreated`, `dateUpdated`, `uid`) VALUES ('220', '61', '163', NULL, '162', '1', '2015-01-13 01:35:53', '2015-01-13 01:35:53', 'a5c4e80a-7c86-48e3-9775-1a31b12c22c8');
INSERT INTO `craft_relations` (`id`, `fieldId`, `sourceId`, `sourceLocale`, `targetId`, `sortOrder`, `dateCreated`, `dateUpdated`, `uid`) VALUES ('228', '36', '174', NULL, '164', '1', '2015-01-13 02:13:25', '2015-01-13 02:13:25', '6ef38466-c861-49a0-b9ee-be03c2bf5d23');
INSERT INTO `craft_relations` (`id`, `fieldId`, `sourceId`, `sourceLocale`, `targetId`, `sortOrder`, `dateCreated`, `dateUpdated`, `uid`) VALUES ('274', '40', '173', NULL, '169', '1', '2015-01-15 18:10:29', '2015-01-15 18:10:29', '3259ef18-b91b-494f-b380-a2bbe4ac649b');
INSERT INTO `craft_relations` (`id`, `fieldId`, `sourceId`, `sourceLocale`, `targetId`, `sortOrder`, `dateCreated`, `dateUpdated`, `uid`) VALUES ('275', '40', '173', NULL, '170', '2', '2015-01-15 18:10:29', '2015-01-15 18:10:29', 'e37e2c69-b9ee-488b-8ed7-b2c569061880');
INSERT INTO `craft_relations` (`id`, `fieldId`, `sourceId`, `sourceLocale`, `targetId`, `sortOrder`, `dateCreated`, `dateUpdated`, `uid`) VALUES ('276', '40', '173', NULL, '172', '3', '2015-01-15 18:10:29', '2015-01-15 18:10:29', '55bac62f-ed19-4555-9b8e-3a4620fddb0e');
INSERT INTO `craft_relations` (`id`, `fieldId`, `sourceId`, `sourceLocale`, `targetId`, `sortOrder`, `dateCreated`, `dateUpdated`, `uid`) VALUES ('277', '65', '168', NULL, '109', '1', '2015-01-15 18:10:30', '2015-01-15 18:10:30', 'f564828c-e0df-4506-8a54-47c35331dbee');
INSERT INTO `craft_relations` (`id`, `fieldId`, `sourceId`, `sourceLocale`, `targetId`, `sortOrder`, `dateCreated`, `dateUpdated`, `uid`) VALUES ('287', '70', '191', NULL, '188', '1', '2015-01-19 21:57:46', '2015-01-19 21:57:46', 'a32e4de4-9ea6-4e1f-b7d8-a19d0c7c5eee');
INSERT INTO `craft_relations` (`id`, `fieldId`, `sourceId`, `sourceLocale`, `targetId`, `sortOrder`, `dateCreated`, `dateUpdated`, `uid`) VALUES ('288', '70', '191', NULL, '189', '2', '2015-01-19 21:57:46', '2015-01-19 21:57:46', '07aa8f2b-4ca6-4c08-9077-ed1ec9eedafe');
INSERT INTO `craft_relations` (`id`, `fieldId`, `sourceId`, `sourceLocale`, `targetId`, `sortOrder`, `dateCreated`, `dateUpdated`, `uid`) VALUES ('289', '70', '191', NULL, '190', '3', '2015-01-19 21:57:46', '2015-01-19 21:57:46', '2e151ee5-19c1-4f97-af74-4a4d98999187');
INSERT INTO `craft_relations` (`id`, `fieldId`, `sourceId`, `sourceLocale`, `targetId`, `sortOrder`, `dateCreated`, `dateUpdated`, `uid`) VALUES ('296', '70', '200', NULL, '207', '1', '2015-01-20 01:20:06', '2015-01-20 01:20:06', '85df67c7-efe3-43fe-978e-832e6fe3ebef');
INSERT INTO `craft_relations` (`id`, `fieldId`, `sourceId`, `sourceLocale`, `targetId`, `sortOrder`, `dateCreated`, `dateUpdated`, `uid`) VALUES ('297', '70', '200', NULL, '208', '2', '2015-01-20 01:20:06', '2015-01-20 01:20:06', '358e539c-b169-4dc3-9607-f33403e338cb');
INSERT INTO `craft_relations` (`id`, `fieldId`, `sourceId`, `sourceLocale`, `targetId`, `sortOrder`, `dateCreated`, `dateUpdated`, `uid`) VALUES ('298', '70', '200', NULL, '209', '3', '2015-01-20 01:20:06', '2015-01-20 01:20:06', '00a5473a-a135-415c-97fe-eda63fdb0308');
INSERT INTO `craft_relations` (`id`, `fieldId`, `sourceId`, `sourceLocale`, `targetId`, `sortOrder`, `dateCreated`, `dateUpdated`, `uid`) VALUES ('299', '70', '200', NULL, '210', '4', '2015-01-20 01:20:06', '2015-01-20 01:20:06', '480d6620-702f-4d70-9849-039149965394');
INSERT INTO `craft_relations` (`id`, `fieldId`, `sourceId`, `sourceLocale`, `targetId`, `sortOrder`, `dateCreated`, `dateUpdated`, `uid`) VALUES ('300', '70', '200', NULL, '211', '5', '2015-01-20 01:20:06', '2015-01-20 01:20:06', '3411a983-203f-46c5-86ff-0ededbcf3b77');
INSERT INTO `craft_relations` (`id`, `fieldId`, `sourceId`, `sourceLocale`, `targetId`, `sortOrder`, `dateCreated`, `dateUpdated`, `uid`) VALUES ('304', '70', '184', NULL, '213', '1', '2015-01-20 01:51:22', '2015-01-20 01:51:22', 'aa66d55e-ddf6-4127-81cd-09b5b1a7f9f2');
INSERT INTO `craft_relations` (`id`, `fieldId`, `sourceId`, `sourceLocale`, `targetId`, `sortOrder`, `dateCreated`, `dateUpdated`, `uid`) VALUES ('305', '70', '184', NULL, '214', '2', '2015-01-20 01:51:22', '2015-01-20 01:51:22', '8db4c6d0-7ff2-4639-858d-1c7216bc8876');
INSERT INTO `craft_relations` (`id`, `fieldId`, `sourceId`, `sourceLocale`, `targetId`, `sortOrder`, `dateCreated`, `dateUpdated`, `uid`) VALUES ('306', '70', '184', NULL, '215', '3', '2015-01-20 01:51:22', '2015-01-20 01:51:22', 'd067c277-ecb0-4d6c-98ca-d9652dd8878d');
INSERT INTO `craft_relations` (`id`, `fieldId`, `sourceId`, `sourceLocale`, `targetId`, `sortOrder`, `dateCreated`, `dateUpdated`, `uid`) VALUES ('307', '74', '183', NULL, '41', '1', '2015-01-20 01:51:22', '2015-01-20 01:51:22', '035f0b0b-cc49-4164-817f-138e21e1ee05');
INSERT INTO `craft_relations` (`id`, `fieldId`, `sourceId`, `sourceLocale`, `targetId`, `sortOrder`, `dateCreated`, `dateUpdated`, `uid`) VALUES ('314', '70', '221', NULL, '216', '1', '2015-01-20 02:04:16', '2015-01-20 02:04:16', 'ce81a92d-7b80-4e5c-ae5a-0dfdda103e7b');
INSERT INTO `craft_relations` (`id`, `fieldId`, `sourceId`, `sourceLocale`, `targetId`, `sortOrder`, `dateCreated`, `dateUpdated`, `uid`) VALUES ('315', '70', '221', NULL, '218', '2', '2015-01-20 02:04:16', '2015-01-20 02:04:16', '9e3aed29-fdce-4c5b-9e8c-dde658c460dd');
INSERT INTO `craft_relations` (`id`, `fieldId`, `sourceId`, `sourceLocale`, `targetId`, `sortOrder`, `dateCreated`, `dateUpdated`, `uid`) VALUES ('316', '70', '221', NULL, '220', '3', '2015-01-20 02:04:16', '2015-01-20 02:04:16', 'bbf38d19-ff27-4073-bf11-796c96f56c91');
INSERT INTO `craft_relations` (`id`, `fieldId`, `sourceId`, `sourceLocale`, `targetId`, `sortOrder`, `dateCreated`, `dateUpdated`, `uid`) VALUES ('318', '70', '226', NULL, '222', '1', '2015-01-20 02:15:22', '2015-01-20 02:15:22', '63ce9320-6d7c-4bf3-bd58-2ff77af9adbb');
INSERT INTO `craft_relations` (`id`, `fieldId`, `sourceId`, `sourceLocale`, `targetId`, `sortOrder`, `dateCreated`, `dateUpdated`, `uid`) VALUES ('325', '70', '237', NULL, '229', '1', '2015-01-20 02:29:57', '2015-01-20 02:29:57', 'd8cd4063-ef60-47e6-bd04-13fab358fea4');
INSERT INTO `craft_relations` (`id`, `fieldId`, `sourceId`, `sourceLocale`, `targetId`, `sortOrder`, `dateCreated`, `dateUpdated`, `uid`) VALUES ('326', '70', '237', NULL, '228', '2', '2015-01-20 02:29:57', '2015-01-20 02:29:57', 'f02c5d7b-0692-4532-8ea7-2f7b256d7e54');
INSERT INTO `craft_relations` (`id`, `fieldId`, `sourceId`, `sourceLocale`, `targetId`, `sortOrder`, `dateCreated`, `dateUpdated`, `uid`) VALUES ('327', '70', '237', NULL, '230', '3', '2015-01-20 02:29:57', '2015-01-20 02:29:57', '4facc317-d367-4605-b89c-1f838c4bf2b4');
INSERT INTO `craft_relations` (`id`, `fieldId`, `sourceId`, `sourceLocale`, `targetId`, `sortOrder`, `dateCreated`, `dateUpdated`, `uid`) VALUES ('328', '70', '237', NULL, '231', '4', '2015-01-20 02:29:57', '2015-01-20 02:29:57', '3c401dd0-5ba0-4032-9e13-af5aecae3aec');
INSERT INTO `craft_relations` (`id`, `fieldId`, `sourceId`, `sourceLocale`, `targetId`, `sortOrder`, `dateCreated`, `dateUpdated`, `uid`) VALUES ('329', '70', '237', NULL, '232', '5', '2015-01-20 02:29:57', '2015-01-20 02:29:57', 'e5d05da5-5052-40b6-80b4-773787495c2f');
INSERT INTO `craft_relations` (`id`, `fieldId`, `sourceId`, `sourceLocale`, `targetId`, `sortOrder`, `dateCreated`, `dateUpdated`, `uid`) VALUES ('330', '70', '237', NULL, '233', '6', '2015-01-20 02:29:57', '2015-01-20 02:29:57', 'f7b9033e-44b6-4098-a801-0763874fb038');



DROP TABLE IF EXISTS `craft_routes`;


--
-- Schema for table `craft_routes`
--
CREATE TABLE `craft_routes` (
  `id` int(11) NOT NULL AUTO_INCREMENT,
  `locale` char(12) COLLATE utf8_unicode_ci DEFAULT NULL,
  `urlParts` varchar(255) COLLATE utf8_unicode_ci NOT NULL,
  `urlPattern` varchar(255) COLLATE utf8_unicode_ci NOT NULL,
  `template` varchar(255) COLLATE utf8_unicode_ci NOT NULL,
  `sortOrder` tinyint(4) DEFAULT NULL,
  `dateCreated` datetime NOT NULL,
  `dateUpdated` datetime NOT NULL,
  `uid` char(36) COLLATE utf8_unicode_ci NOT NULL DEFAULT '0',
  PRIMARY KEY (`id`),
  UNIQUE KEY `craft_routes_urlPattern_unq_idx` (`urlPattern`),
  KEY `craft_routes_locale_idx` (`locale`)
) ENGINE=InnoDB AUTO_INCREMENT=2 DEFAULT CHARSET=utf8 COLLATE=utf8_unicode_ci;

--
-- Data for table `craft_routes`
--

INSERT INTO `craft_routes` (`id`, `locale`, `urlParts`, `urlPattern`, `template`, `sortOrder`, `dateCreated`, `dateUpdated`, `uid`) VALUES ('1', NULL, '{\"1\":[\"page\",\"\\\\d+\"]}', '(?P<page>\\d+)', 'page.html', '1', '2015-01-03 07:09:47', '2015-01-03 07:09:47', '0e42d57d-822d-4270-bbf7-1367d1807749');



DROP TABLE IF EXISTS `craft_searchindex`;


--
-- Schema for table `craft_searchindex`
--
CREATE TABLE `craft_searchindex` (
  `elementId` int(11) NOT NULL,
  `attribute` varchar(25) COLLATE utf8_unicode_ci NOT NULL,
  `fieldId` int(11) NOT NULL,
  `locale` char(12) COLLATE utf8_unicode_ci NOT NULL,
  `keywords` text COLLATE utf8_unicode_ci NOT NULL,
  PRIMARY KEY (`elementId`,`attribute`,`fieldId`,`locale`),
  FULLTEXT KEY `craft_searchindex_keywords_idx` (`keywords`)
) ENGINE=MyISAM DEFAULT CHARSET=utf8 COLLATE=utf8_unicode_ci;

--
-- Data for table `craft_searchindex`
--

INSERT INTO `craft_searchindex` (`elementId`, `attribute`, `fieldId`, `locale`, `keywords`) VALUES ('1', 'username', '0', 'en_us', ' icgadmin ');
INSERT INTO `craft_searchindex` (`elementId`, `attribute`, `fieldId`, `locale`, `keywords`) VALUES ('1', 'firstname', '0', 'en_us', '');
INSERT INTO `craft_searchindex` (`elementId`, `attribute`, `fieldId`, `locale`, `keywords`) VALUES ('1', 'lastname', '0', 'en_us', '');
INSERT INTO `craft_searchindex` (`elementId`, `attribute`, `fieldId`, `locale`, `keywords`) VALUES ('1', 'fullname', '0', 'en_us', '');
INSERT INTO `craft_searchindex` (`elementId`, `attribute`, `fieldId`, `locale`, `keywords`) VALUES ('1', 'email', '0', 'en_us', ' bobmarteal gmail com ');
INSERT INTO `craft_searchindex` (`elementId`, `attribute`, `fieldId`, `locale`, `keywords`) VALUES ('1', 'slug', '0', 'en_us', '');
INSERT INTO `craft_searchindex` (`elementId`, `attribute`, `fieldId`, `locale`, `keywords`) VALUES ('2', 'field', '1', 'en_us', ' connecting kids with nature ');
INSERT INTO `craft_searchindex` (`elementId`, `attribute`, `fieldId`, `locale`, `keywords`) VALUES ('2', 'field', '2', 'en_us', ' everything we do at the ithaca children s garden is done with one goal in mind to inspire the next generation of environmental stewards we know the best way to do that is to get more children outside with hands on experiences having fun in the natural world come visit and discover icg for yourself bring your family and friends register your child for a program become a member volunteer or make a financial gift online together we are better ');
INSERT INTO `craft_searchindex` (`elementId`, `attribute`, `fieldId`, `locale`, `keywords`) VALUES ('2', 'slug', '0', 'en_us', ' homepage ');
INSERT INTO `craft_searchindex` (`elementId`, `attribute`, `fieldId`, `locale`, `keywords`) VALUES ('2', 'title', '0', 'en_us', ' homepage ');
INSERT INTO `craft_searchindex` (`elementId`, `attribute`, `fieldId`, `locale`, `keywords`) VALUES ('3', 'field', '2', 'en_us', ' craft is the cms that s powering ontherocks dev it s beautiful powerful flexible and easy to use and it s made by pixel tonic we can t wait to dive in and see what it s capable of this is even more captivating content which you couldn t see on the news index page because it was entered after a page break and the news index template only likes to show the content on the first page craft a nice alternative to word if you re making a website ');
INSERT INTO `craft_searchindex` (`elementId`, `attribute`, `fieldId`, `locale`, `keywords`) VALUES ('3', 'field', '3', 'en_us', '');
INSERT INTO `craft_searchindex` (`elementId`, `attribute`, `fieldId`, `locale`, `keywords`) VALUES ('3', 'slug', '0', 'en_us', ' we just installed craft ');
INSERT INTO `craft_searchindex` (`elementId`, `attribute`, `fieldId`, `locale`, `keywords`) VALUES ('3', 'title', '0', 'en_us', ' we just installed craft and boy does it rawk ');
INSERT INTO `craft_searchindex` (`elementId`, `attribute`, `fieldId`, `locale`, `keywords`) VALUES ('64', 'filename', '0', 'en_us', ' boy onion jpg ');
INSERT INTO `craft_searchindex` (`elementId`, `attribute`, `fieldId`, `locale`, `keywords`) VALUES ('4', 'field', '1', 'en_us', ' first global heading ');
INSERT INTO `craft_searchindex` (`elementId`, `attribute`, `fieldId`, `locale`, `keywords`) VALUES ('4', 'field', '2', 'en_us', ' wth are globals how are they different from singles and entries play work field trip ');
INSERT INTO `craft_searchindex` (`elementId`, `attribute`, `fieldId`, `locale`, `keywords`) VALUES ('4', 'field', '3', 'en_us', '');
INSERT INTO `craft_searchindex` (`elementId`, `attribute`, `fieldId`, `locale`, `keywords`) VALUES ('4', 'slug', '0', 'en_us', '');
INSERT INTO `craft_searchindex` (`elementId`, `attribute`, `fieldId`, `locale`, `keywords`) VALUES ('5', 'filename', '0', 'en_us', ' nlh44 1 jpg ');
INSERT INTO `craft_searchindex` (`elementId`, `attribute`, `fieldId`, `locale`, `keywords`) VALUES ('5', 'extension', '0', 'en_us', ' jpg ');
INSERT INTO `craft_searchindex` (`elementId`, `attribute`, `fieldId`, `locale`, `keywords`) VALUES ('5', 'kind', '0', 'en_us', ' image ');
INSERT INTO `craft_searchindex` (`elementId`, `attribute`, `fieldId`, `locale`, `keywords`) VALUES ('5', 'slug', '0', 'en_us', '');
INSERT INTO `craft_searchindex` (`elementId`, `attribute`, `fieldId`, `locale`, `keywords`) VALUES ('5', 'title', '0', 'en_us', ' nlh44 1 ');
INSERT INTO `craft_searchindex` (`elementId`, `attribute`, `fieldId`, `locale`, `keywords`) VALUES ('6', 'filename', '0', 'en_us', ' nlh44 1_1 jpg ');
INSERT INTO `craft_searchindex` (`elementId`, `attribute`, `fieldId`, `locale`, `keywords`) VALUES ('6', 'extension', '0', 'en_us', ' jpg ');
INSERT INTO `craft_searchindex` (`elementId`, `attribute`, `fieldId`, `locale`, `keywords`) VALUES ('6', 'kind', '0', 'en_us', ' image ');
INSERT INTO `craft_searchindex` (`elementId`, `attribute`, `fieldId`, `locale`, `keywords`) VALUES ('6', 'slug', '0', 'en_us', '');
INSERT INTO `craft_searchindex` (`elementId`, `attribute`, `fieldId`, `locale`, `keywords`) VALUES ('6', 'title', '0', 'en_us', ' nlh44 1 1 ');
INSERT INTO `craft_searchindex` (`elementId`, `attribute`, `fieldId`, `locale`, `keywords`) VALUES ('41', 'field', '16', 'en_us', ' bob marteal left cras justo odio dapibus ac facilisis in egestas eget quam is this not updating honaz 2 sed posuere consectetur est at lobortis donec id elit non mi porta gravida at eget metus praesent commodo cursus magna vel scelerisque nisl consectetur et praesent commodo cursus magna vel scelerisque nisl consectetur et integer posuere erat a ante venenatis dapibus posuere velit aliquet nulla vitae elit libero a pharetra augue praesent commodo cursus magna vel scelerisque nisl consectetur et cum sociis natoque penatibus et magnis dis parturient montes nascetur ridiculus mus lorem ipsum dolor sit amet consectetur adipiscing elit cast video blmg honaz 1 ');
INSERT INTO `craft_searchindex` (`elementId`, `attribute`, `fieldId`, `locale`, `keywords`) VALUES ('41', 'field', '13', 'en_us', '');
INSERT INTO `craft_searchindex` (`elementId`, `attribute`, `fieldId`, `locale`, `keywords`) VALUES ('54', 'field', '17', 'en_us', ' nullam id dolor id nibh ultricies vehicula ut id elit vivamus sagittis lacus vel augue laoreet rutrum faucibus dolor auctor aenean eu leo quam pellentesque ornare sem lacinia quam venenatis vestibulum vivamus sagittis lacus vel augue laoreet rutrum faucibus dolor auctor maecenas sed diam eget risus varius blandit sit amet non magna donec id elit non mi porta gravida at eget metus maecenas sed diam eget risus varius blandit sit amet non magna etiam porta sem malesuada magna mollis euismod aenean lacinia bibendum nulla sed consectetur cras mattis consectetur purus sit amet fermentum duis mollis est non commodo luctus nisi erat porttitor ligula eget lacinia odio sem nec elit lorem ipsum dolor sit amet consectetur adipiscing elit curabitur blandit tempus porttitor vivamus sagittis lacus vel augue laoreet rutrum faucibus dolor auctor donec id elit non mi porta gravida at eget metus donec sed odio dui donec id elit non mi porta gravida at eget metus ');
INSERT INTO `craft_searchindex` (`elementId`, `attribute`, `fieldId`, `locale`, `keywords`) VALUES ('16', 'filename', '0', 'en_us', ' black hole jpg ');
INSERT INTO `craft_searchindex` (`elementId`, `attribute`, `fieldId`, `locale`, `keywords`) VALUES ('16', 'extension', '0', 'en_us', ' jpg ');
INSERT INTO `craft_searchindex` (`elementId`, `attribute`, `fieldId`, `locale`, `keywords`) VALUES ('16', 'kind', '0', 'en_us', ' image ');
INSERT INTO `craft_searchindex` (`elementId`, `attribute`, `fieldId`, `locale`, `keywords`) VALUES ('16', 'slug', '0', 'en_us', '');
INSERT INTO `craft_searchindex` (`elementId`, `attribute`, `fieldId`, `locale`, `keywords`) VALUES ('16', 'title', '0', 'en_us', ' black hole ');
INSERT INTO `craft_searchindex` (`elementId`, `attribute`, `fieldId`, `locale`, `keywords`) VALUES ('17', 'filename', '0', 'en_us', ' strogatz jpg ');
INSERT INTO `craft_searchindex` (`elementId`, `attribute`, `fieldId`, `locale`, `keywords`) VALUES ('17', 'extension', '0', 'en_us', ' jpg ');
INSERT INTO `craft_searchindex` (`elementId`, `attribute`, `fieldId`, `locale`, `keywords`) VALUES ('17', 'kind', '0', 'en_us', ' image ');
INSERT INTO `craft_searchindex` (`elementId`, `attribute`, `fieldId`, `locale`, `keywords`) VALUES ('17', 'slug', '0', 'en_us', '');
INSERT INTO `craft_searchindex` (`elementId`, `attribute`, `fieldId`, `locale`, `keywords`) VALUES ('17', 'title', '0', 'en_us', ' strogatz ');
INSERT INTO `craft_searchindex` (`elementId`, `attribute`, `fieldId`, `locale`, `keywords`) VALUES ('18', 'filename', '0', 'en_us', ' my story icon jpg ');
INSERT INTO `craft_searchindex` (`elementId`, `attribute`, `fieldId`, `locale`, `keywords`) VALUES ('18', 'extension', '0', 'en_us', ' jpg ');
INSERT INTO `craft_searchindex` (`elementId`, `attribute`, `fieldId`, `locale`, `keywords`) VALUES ('18', 'kind', '0', 'en_us', ' image ');
INSERT INTO `craft_searchindex` (`elementId`, `attribute`, `fieldId`, `locale`, `keywords`) VALUES ('18', 'slug', '0', 'en_us', '');
INSERT INTO `craft_searchindex` (`elementId`, `attribute`, `fieldId`, `locale`, `keywords`) VALUES ('18', 'title', '0', 'en_us', ' my story icon ');
INSERT INTO `craft_searchindex` (`elementId`, `attribute`, `fieldId`, `locale`, `keywords`) VALUES ('193', 'slug', '0', 'en_us', '');
INSERT INTO `craft_searchindex` (`elementId`, `attribute`, `fieldId`, `locale`, `keywords`) VALUES ('20', 'filename', '0', 'en_us', ' philosophy jpg ');
INSERT INTO `craft_searchindex` (`elementId`, `attribute`, `fieldId`, `locale`, `keywords`) VALUES ('20', 'extension', '0', 'en_us', ' jpg ');
INSERT INTO `craft_searchindex` (`elementId`, `attribute`, `fieldId`, `locale`, `keywords`) VALUES ('20', 'kind', '0', 'en_us', ' image ');
INSERT INTO `craft_searchindex` (`elementId`, `attribute`, `fieldId`, `locale`, `keywords`) VALUES ('20', 'slug', '0', 'en_us', '');
INSERT INTO `craft_searchindex` (`elementId`, `attribute`, `fieldId`, `locale`, `keywords`) VALUES ('20', 'title', '0', 'en_us', ' philosophy ');
INSERT INTO `craft_searchindex` (`elementId`, `attribute`, `fieldId`, `locale`, `keywords`) VALUES ('21', 'filename', '0', 'en_us', ' fukuyama jpg ');
INSERT INTO `craft_searchindex` (`elementId`, `attribute`, `fieldId`, `locale`, `keywords`) VALUES ('21', 'extension', '0', 'en_us', ' jpg ');
INSERT INTO `craft_searchindex` (`elementId`, `attribute`, `fieldId`, `locale`, `keywords`) VALUES ('21', 'kind', '0', 'en_us', ' image ');
INSERT INTO `craft_searchindex` (`elementId`, `attribute`, `fieldId`, `locale`, `keywords`) VALUES ('21', 'slug', '0', 'en_us', '');
INSERT INTO `craft_searchindex` (`elementId`, `attribute`, `fieldId`, `locale`, `keywords`) VALUES ('21', 'title', '0', 'en_us', ' fukuyama ');
INSERT INTO `craft_searchindex` (`elementId`, `attribute`, `fieldId`, `locale`, `keywords`) VALUES ('22', 'filename', '0', 'en_us', ' casts jpg ');
INSERT INTO `craft_searchindex` (`elementId`, `attribute`, `fieldId`, `locale`, `keywords`) VALUES ('22', 'extension', '0', 'en_us', ' jpg ');
INSERT INTO `craft_searchindex` (`elementId`, `attribute`, `fieldId`, `locale`, `keywords`) VALUES ('22', 'kind', '0', 'en_us', ' image ');
INSERT INTO `craft_searchindex` (`elementId`, `attribute`, `fieldId`, `locale`, `keywords`) VALUES ('22', 'slug', '0', 'en_us', '');
INSERT INTO `craft_searchindex` (`elementId`, `attribute`, `fieldId`, `locale`, `keywords`) VALUES ('22', 'title', '0', 'en_us', ' casts ');
INSERT INTO `craft_searchindex` (`elementId`, `attribute`, `fieldId`, `locale`, `keywords`) VALUES ('23', 'field', '1', 'en_us', '');
INSERT INTO `craft_searchindex` (`elementId`, `attribute`, `fieldId`, `locale`, `keywords`) VALUES ('23', 'field', '2', 'en_us', ' morbi leo risus porta ac consectetur ac vestibulum at eros donec sed odio dui nullam id dolor id nibh ultricies vehicula ut id elit cras mattis consectetur purus sit amet fermentum nullam quis risus eget urna mollis ornare vel eu leo curabitur blandit tempus porttitor curabitur blandit tempus porttitor ');
INSERT INTO `craft_searchindex` (`elementId`, `attribute`, `fieldId`, `locale`, `keywords`) VALUES ('23', 'field', '5', 'en_us', ' casts fukuyama philosophy ');
INSERT INTO `craft_searchindex` (`elementId`, `attribute`, `fieldId`, `locale`, `keywords`) VALUES ('23', 'slug', '0', 'en_us', ' troll house ');
INSERT INTO `craft_searchindex` (`elementId`, `attribute`, `fieldId`, `locale`, `keywords`) VALUES ('23', 'title', '0', 'en_us', ' the troll house ');
INSERT INTO `craft_searchindex` (`elementId`, `attribute`, `fieldId`, `locale`, `keywords`) VALUES ('53', 'field', '21', 'en_us', ' 2015 01 16 2015 03 11 2015 02 12 ');
INSERT INTO `craft_searchindex` (`elementId`, `attribute`, `fieldId`, `locale`, `keywords`) VALUES ('53', 'field', '14', 'en_us', ' come join us as we ramble the wetlands of america ');
INSERT INTO `craft_searchindex` (`elementId`, `attribute`, `fieldId`, `locale`, `keywords`) VALUES ('53', 'field', '16', 'en_us', ' nullam id dolor id nibh ultricies vehicula ut id elit vivamus sagittis lacus vel augue laoreet rutrum faucibus dolor auctor aenean eu leo quam pellentesque ornare sem lacinia quam venenatis vestibulum vivamus sagittis lacus vel augue laoreet rutrum faucibus dolor auctor maecenas sed diam eget risus varius blandit sit amet non magna donec id elit non mi porta gravida at eget metus maecenas sed diam eget risus varius blandit sit amet non magna etiam porta sem malesuada magna mollis euismod aenean lacinia bibendum nulla sed consectetur cras mattis consectetur purus sit amet fermentum duis mollis est non commodo luctus nisi erat porttitor ligula eget lacinia odio sem nec elit lorem ipsum dolor sit amet consectetur adipiscing elit curabitur blandit tempus porttitor vivamus sagittis lacus vel augue laoreet rutrum faucibus dolor auctor donec id elit non mi porta gravida at eget metus donec sed odio dui donec id elit non mi porta gravida at eget metus ');
INSERT INTO `craft_searchindex` (`elementId`, `attribute`, `fieldId`, `locale`, `keywords`) VALUES ('132', 'field', '55', 'en_us', ' 2015 05 26 ');
INSERT INTO `craft_searchindex` (`elementId`, `attribute`, `fieldId`, `locale`, `keywords`) VALUES ('53', 'slug', '0', 'en_us', ' bonkers ville rambling ');
INSERT INTO `craft_searchindex` (`elementId`, `attribute`, `fieldId`, `locale`, `keywords`) VALUES ('53', 'title', '0', 'en_us', ' bonkers ville rambling ');
INSERT INTO `craft_searchindex` (`elementId`, `attribute`, `fieldId`, `locale`, `keywords`) VALUES ('118', 'field', '56', 'en_us', ' mondays ');
INSERT INTO `craft_searchindex` (`elementId`, `attribute`, `fieldId`, `locale`, `keywords`) VALUES ('57', 'slug', '0', 'en_us', '');
INSERT INTO `craft_searchindex` (`elementId`, `attribute`, `fieldId`, `locale`, `keywords`) VALUES ('35', 'title', '0', 'en_us', ' school ');
INSERT INTO `craft_searchindex` (`elementId`, `attribute`, `fieldId`, `locale`, `keywords`) VALUES ('35', 'slug', '0', 'en_us', ' school ');
INSERT INTO `craft_searchindex` (`elementId`, `attribute`, `fieldId`, `locale`, `keywords`) VALUES ('57', 'field', '22', 'en_us', ' 2015 02 12 ');
INSERT INTO `craft_searchindex` (`elementId`, `attribute`, `fieldId`, `locale`, `keywords`) VALUES ('56', 'slug', '0', 'en_us', '');
INSERT INTO `craft_searchindex` (`elementId`, `attribute`, `fieldId`, `locale`, `keywords`) VALUES ('56', 'field', '22', 'en_us', ' 2015 03 11 ');
INSERT INTO `craft_searchindex` (`elementId`, `attribute`, `fieldId`, `locale`, `keywords`) VALUES ('55', 'slug', '0', 'en_us', '');
INSERT INTO `craft_searchindex` (`elementId`, `attribute`, `fieldId`, `locale`, `keywords`) VALUES ('55', 'field', '22', 'en_us', ' 2015 01 16 ');
INSERT INTO `craft_searchindex` (`elementId`, `attribute`, `fieldId`, `locale`, `keywords`) VALUES ('53', 'field', '23', 'en_us', ' after school family ');
INSERT INTO `craft_searchindex` (`elementId`, `attribute`, `fieldId`, `locale`, `keywords`) VALUES ('54', 'slug', '0', 'en_us', '');
INSERT INTO `craft_searchindex` (`elementId`, `attribute`, `fieldId`, `locale`, `keywords`) VALUES ('36', 'slug', '0', 'en_us', ' after school ');
INSERT INTO `craft_searchindex` (`elementId`, `attribute`, `fieldId`, `locale`, `keywords`) VALUES ('36', 'title', '0', 'en_us', ' after school ');
INSERT INTO `craft_searchindex` (`elementId`, `attribute`, `fieldId`, `locale`, `keywords`) VALUES ('37', 'slug', '0', 'en_us', ' adult education ');
INSERT INTO `craft_searchindex` (`elementId`, `attribute`, `fieldId`, `locale`, `keywords`) VALUES ('37', 'title', '0', 'en_us', ' adult education ');
INSERT INTO `craft_searchindex` (`elementId`, `attribute`, `fieldId`, `locale`, `keywords`) VALUES ('38', 'slug', '0', 'en_us', ' summer camp ');
INSERT INTO `craft_searchindex` (`elementId`, `attribute`, `fieldId`, `locale`, `keywords`) VALUES ('38', 'title', '0', 'en_us', ' summer camp ');
INSERT INTO `craft_searchindex` (`elementId`, `attribute`, `fieldId`, `locale`, `keywords`) VALUES ('39', 'slug', '0', 'en_us', ' family ');
INSERT INTO `craft_searchindex` (`elementId`, `attribute`, `fieldId`, `locale`, `keywords`) VALUES ('39', 'title', '0', 'en_us', ' family ');
INSERT INTO `craft_searchindex` (`elementId`, `attribute`, `fieldId`, `locale`, `keywords`) VALUES ('40', 'slug', '0', 'en_us', ' drop off ');
INSERT INTO `craft_searchindex` (`elementId`, `attribute`, `fieldId`, `locale`, `keywords`) VALUES ('40', 'title', '0', 'en_us', ' drop off ');
INSERT INTO `craft_searchindex` (`elementId`, `attribute`, `fieldId`, `locale`, `keywords`) VALUES ('41', 'field', '21', 'en_us', ' 2014 12 11 2014 12 13 2014 12 25 2015 01 06 ');
INSERT INTO `craft_searchindex` (`elementId`, `attribute`, `fieldId`, `locale`, `keywords`) VALUES ('41', 'field', '23', 'en_us', ' school adult education drop off ');
INSERT INTO `craft_searchindex` (`elementId`, `attribute`, `fieldId`, `locale`, `keywords`) VALUES ('41', 'field', '14', 'en_us', ' there once was a scary troll that ate all the good boys and girls ');
INSERT INTO `craft_searchindex` (`elementId`, `attribute`, `fieldId`, `locale`, `keywords`) VALUES ('41', 'slug', '0', 'en_us', ' little troll monsters ');
INSERT INTO `craft_searchindex` (`elementId`, `attribute`, `fieldId`, `locale`, `keywords`) VALUES ('41', 'title', '0', 'en_us', ' little troll monsters ');
INSERT INTO `craft_searchindex` (`elementId`, `attribute`, `fieldId`, `locale`, `keywords`) VALUES ('42', 'field', '17', 'en_us', ' sed posuere consectetur est at lobortis donec id elit non mi porta gravida at eget metus praesent commodo cursus magna vel scelerisque nisl consectetur et praesent commodo cursus magna vel scelerisque nisl consectetur et integer posuere erat a ante venenatis dapibus posuere velit aliquet nulla vitae elit libero a pharetra augue praesent commodo cursus magna vel scelerisque nisl consectetur et cum sociis natoque penatibus et magnis dis parturient montes nascetur ridiculus mus lorem ipsum dolor sit amet consectetur adipiscing elit ');
INSERT INTO `craft_searchindex` (`elementId`, `attribute`, `fieldId`, `locale`, `keywords`) VALUES ('42', 'slug', '0', 'en_us', '');
INSERT INTO `craft_searchindex` (`elementId`, `attribute`, `fieldId`, `locale`, `keywords`) VALUES ('43', 'field', '18', 'en_us', ' cast video blmg honaz 1 ');
INSERT INTO `craft_searchindex` (`elementId`, `attribute`, `fieldId`, `locale`, `keywords`) VALUES ('43', 'slug', '0', 'en_us', '');
INSERT INTO `craft_searchindex` (`elementId`, `attribute`, `fieldId`, `locale`, `keywords`) VALUES ('44', 'field', '22', 'en_us', ' 2014 12 11 ');
INSERT INTO `craft_searchindex` (`elementId`, `attribute`, `fieldId`, `locale`, `keywords`) VALUES ('44', 'slug', '0', 'en_us', '');
INSERT INTO `craft_searchindex` (`elementId`, `attribute`, `fieldId`, `locale`, `keywords`) VALUES ('45', 'filename', '0', 'en_us', ' cast video jpg ');
INSERT INTO `craft_searchindex` (`elementId`, `attribute`, `fieldId`, `locale`, `keywords`) VALUES ('45', 'extension', '0', 'en_us', ' jpg ');
INSERT INTO `craft_searchindex` (`elementId`, `attribute`, `fieldId`, `locale`, `keywords`) VALUES ('45', 'kind', '0', 'en_us', ' image ');
INSERT INTO `craft_searchindex` (`elementId`, `attribute`, `fieldId`, `locale`, `keywords`) VALUES ('45', 'slug', '0', 'en_us', '');
INSERT INTO `craft_searchindex` (`elementId`, `attribute`, `fieldId`, `locale`, `keywords`) VALUES ('45', 'title', '0', 'en_us', ' cast video ');
INSERT INTO `craft_searchindex` (`elementId`, `attribute`, `fieldId`, `locale`, `keywords`) VALUES ('46', 'field', '19', 'en_us', ' cras justo odio dapibus ac facilisis in egestas eget quam is this not updating ');
INSERT INTO `craft_searchindex` (`elementId`, `attribute`, `fieldId`, `locale`, `keywords`) VALUES ('46', 'slug', '0', 'en_us', '');
INSERT INTO `craft_searchindex` (`elementId`, `attribute`, `fieldId`, `locale`, `keywords`) VALUES ('47', 'field', '22', 'en_us', ' 2014 12 25 ');
INSERT INTO `craft_searchindex` (`elementId`, `attribute`, `fieldId`, `locale`, `keywords`) VALUES ('47', 'slug', '0', 'en_us', '');
INSERT INTO `craft_searchindex` (`elementId`, `attribute`, `fieldId`, `locale`, `keywords`) VALUES ('56', 'field', '55', 'en_us', '');
INSERT INTO `craft_searchindex` (`elementId`, `attribute`, `fieldId`, `locale`, `keywords`) VALUES ('49', 'filename', '0', 'en_us', ' honaz 2 jpg ');
INSERT INTO `craft_searchindex` (`elementId`, `attribute`, `fieldId`, `locale`, `keywords`) VALUES ('49', 'extension', '0', 'en_us', ' jpg ');
INSERT INTO `craft_searchindex` (`elementId`, `attribute`, `fieldId`, `locale`, `keywords`) VALUES ('49', 'kind', '0', 'en_us', ' image ');
INSERT INTO `craft_searchindex` (`elementId`, `attribute`, `fieldId`, `locale`, `keywords`) VALUES ('49', 'slug', '0', 'en_us', '');
INSERT INTO `craft_searchindex` (`elementId`, `attribute`, `fieldId`, `locale`, `keywords`) VALUES ('49', 'title', '0', 'en_us', ' honaz 2 ');
INSERT INTO `craft_searchindex` (`elementId`, `attribute`, `fieldId`, `locale`, `keywords`) VALUES ('50', 'field', '18', 'en_us', ' honaz 2 ');
INSERT INTO `craft_searchindex` (`elementId`, `attribute`, `fieldId`, `locale`, `keywords`) VALUES ('50', 'slug', '0', 'en_us', '');
INSERT INTO `craft_searchindex` (`elementId`, `attribute`, `fieldId`, `locale`, `keywords`) VALUES ('50', 'field', '24', 'en_us', ' left ');
INSERT INTO `craft_searchindex` (`elementId`, `attribute`, `fieldId`, `locale`, `keywords`) VALUES ('43', 'field', '24', 'en_us', ' right ');
INSERT INTO `craft_searchindex` (`elementId`, `attribute`, `fieldId`, `locale`, `keywords`) VALUES ('51', 'filename', '0', 'en_us', ' bulb lab jpg ');
INSERT INTO `craft_searchindex` (`elementId`, `attribute`, `fieldId`, `locale`, `keywords`) VALUES ('51', 'extension', '0', 'en_us', ' jpg ');
INSERT INTO `craft_searchindex` (`elementId`, `attribute`, `fieldId`, `locale`, `keywords`) VALUES ('51', 'kind', '0', 'en_us', ' image ');
INSERT INTO `craft_searchindex` (`elementId`, `attribute`, `fieldId`, `locale`, `keywords`) VALUES ('51', 'slug', '0', 'en_us', ' bulb lab ');
INSERT INTO `craft_searchindex` (`elementId`, `attribute`, `fieldId`, `locale`, `keywords`) VALUES ('51', 'title', '0', 'en_us', ' blmg ');
INSERT INTO `craft_searchindex` (`elementId`, `attribute`, `fieldId`, `locale`, `keywords`) VALUES ('52', 'filename', '0', 'en_us', ' honaz 1 jpg ');
INSERT INTO `craft_searchindex` (`elementId`, `attribute`, `fieldId`, `locale`, `keywords`) VALUES ('52', 'extension', '0', 'en_us', ' jpg ');
INSERT INTO `craft_searchindex` (`elementId`, `attribute`, `fieldId`, `locale`, `keywords`) VALUES ('52', 'kind', '0', 'en_us', ' image ');
INSERT INTO `craft_searchindex` (`elementId`, `attribute`, `fieldId`, `locale`, `keywords`) VALUES ('52', 'slug', '0', 'en_us', ' honaz 1 ');
INSERT INTO `craft_searchindex` (`elementId`, `attribute`, `fieldId`, `locale`, `keywords`) VALUES ('52', 'title', '0', 'en_us', ' honaz 1 ');
INSERT INTO `craft_searchindex` (`elementId`, `attribute`, `fieldId`, `locale`, `keywords`) VALUES ('46', 'field', '26', 'en_us', ' bob marteal ');
INSERT INTO `craft_searchindex` (`elementId`, `attribute`, `fieldId`, `locale`, `keywords`) VALUES ('46', 'field', '27', 'en_us', ' left ');
INSERT INTO `craft_searchindex` (`elementId`, `attribute`, `fieldId`, `locale`, `keywords`) VALUES ('50', 'field', '25', 'en_us', '');
INSERT INTO `craft_searchindex` (`elementId`, `attribute`, `fieldId`, `locale`, `keywords`) VALUES ('43', 'field', '25', 'en_us', '');
INSERT INTO `craft_searchindex` (`elementId`, `attribute`, `fieldId`, `locale`, `keywords`) VALUES ('59', 'field', '28', 'en_us', ' 2014 12 11 ');
INSERT INTO `craft_searchindex` (`elementId`, `attribute`, `fieldId`, `locale`, `keywords`) VALUES ('59', 'slug', '0', 'en_us', ' little troll monsters 1 ');
INSERT INTO `craft_searchindex` (`elementId`, `attribute`, `fieldId`, `locale`, `keywords`) VALUES ('59', 'title', '0', 'en_us', ' little troll monsters 12 11 ');
INSERT INTO `craft_searchindex` (`elementId`, `attribute`, `fieldId`, `locale`, `keywords`) VALUES ('132', 'field', '56', 'en_us', ' tuesdays ');
INSERT INTO `craft_searchindex` (`elementId`, `attribute`, `fieldId`, `locale`, `keywords`) VALUES ('118', 'field', '55', 'en_us', ' 2015 02 23 ');
INSERT INTO `craft_searchindex` (`elementId`, `attribute`, `fieldId`, `locale`, `keywords`) VALUES ('59', 'field', '30', 'en_us', ' little troll monsters ');
INSERT INTO `craft_searchindex` (`elementId`, `attribute`, `fieldId`, `locale`, `keywords`) VALUES ('59', 'field', '29', 'en_us', ' 2014 12 11 ');
INSERT INTO `craft_searchindex` (`elementId`, `attribute`, `fieldId`, `locale`, `keywords`) VALUES ('60', 'field', '30', 'en_us', ' little troll monsters ');
INSERT INTO `craft_searchindex` (`elementId`, `attribute`, `fieldId`, `locale`, `keywords`) VALUES ('60', 'field', '29', 'en_us', ' 2015 02 18 ');
INSERT INTO `craft_searchindex` (`elementId`, `attribute`, `fieldId`, `locale`, `keywords`) VALUES ('60', 'slug', '0', 'en_us', ' little troll monsters 2 ');
INSERT INTO `craft_searchindex` (`elementId`, `attribute`, `fieldId`, `locale`, `keywords`) VALUES ('60', 'title', '0', 'en_us', ' little troll monsters 2 18 ');
INSERT INTO `craft_searchindex` (`elementId`, `attribute`, `fieldId`, `locale`, `keywords`) VALUES ('61', 'field', '30', 'en_us', ' bonkers ville rambling ');
INSERT INTO `craft_searchindex` (`elementId`, `attribute`, `fieldId`, `locale`, `keywords`) VALUES ('61', 'field', '29', 'en_us', ' 2015 01 16 ');
INSERT INTO `craft_searchindex` (`elementId`, `attribute`, `fieldId`, `locale`, `keywords`) VALUES ('61', 'slug', '0', 'en_us', ' bonkers ville rambling 1 16 ');
INSERT INTO `craft_searchindex` (`elementId`, `attribute`, `fieldId`, `locale`, `keywords`) VALUES ('61', 'title', '0', 'en_us', ' bonkers ville rambling 1 16 ');
INSERT INTO `craft_searchindex` (`elementId`, `attribute`, `fieldId`, `locale`, `keywords`) VALUES ('62', 'field', '30', 'en_us', '');
INSERT INTO `craft_searchindex` (`elementId`, `attribute`, `fieldId`, `locale`, `keywords`) VALUES ('62', 'field', '29', 'en_us', ' 2015 02 12 ');
INSERT INTO `craft_searchindex` (`elementId`, `attribute`, `fieldId`, `locale`, `keywords`) VALUES ('62', 'slug', '0', 'en_us', ' bonkers ville rambling 2 12 ');
INSERT INTO `craft_searchindex` (`elementId`, `attribute`, `fieldId`, `locale`, `keywords`) VALUES ('62', 'title', '0', 'en_us', ' bonkers ville rambling 2 12 ');
INSERT INTO `craft_searchindex` (`elementId`, `attribute`, `fieldId`, `locale`, `keywords`) VALUES ('63', 'field', '30', 'en_us', ' bonkers ville rambling ');
INSERT INTO `craft_searchindex` (`elementId`, `attribute`, `fieldId`, `locale`, `keywords`) VALUES ('63', 'field', '29', 'en_us', ' 2015 03 11 ');
INSERT INTO `craft_searchindex` (`elementId`, `attribute`, `fieldId`, `locale`, `keywords`) VALUES ('63', 'slug', '0', 'en_us', ' bonkers ville rambling 3 11 ');
INSERT INTO `craft_searchindex` (`elementId`, `attribute`, `fieldId`, `locale`, `keywords`) VALUES ('63', 'title', '0', 'en_us', ' bonkers ville rambling 3 11 ');
INSERT INTO `craft_searchindex` (`elementId`, `attribute`, `fieldId`, `locale`, `keywords`) VALUES ('70', 'filename', '0', 'en_us', ' wildflower garden jpg ');
INSERT INTO `craft_searchindex` (`elementId`, `attribute`, `fieldId`, `locale`, `keywords`) VALUES ('70', 'extension', '0', 'en_us', ' jpg ');
INSERT INTO `craft_searchindex` (`elementId`, `attribute`, `fieldId`, `locale`, `keywords`) VALUES ('70', 'kind', '0', 'en_us', ' image ');
INSERT INTO `craft_searchindex` (`elementId`, `attribute`, `fieldId`, `locale`, `keywords`) VALUES ('70', 'slug', '0', 'en_us', ' wildflower garden ');
INSERT INTO `craft_searchindex` (`elementId`, `attribute`, `fieldId`, `locale`, `keywords`) VALUES ('70', 'title', '0', 'en_us', ' wildflower garden ');
INSERT INTO `craft_searchindex` (`elementId`, `attribute`, `fieldId`, `locale`, `keywords`) VALUES ('71', 'field', '31', 'en_us', ' the garden has several features designed to enchant and enlighten children of all ages wildflower garden the_garden the garden ');
INSERT INTO `craft_searchindex` (`elementId`, `attribute`, `fieldId`, `locale`, `keywords`) VALUES ('71', 'slug', '0', 'en_us', ' the garden ');
INSERT INTO `craft_searchindex` (`elementId`, `attribute`, `fieldId`, `locale`, `keywords`) VALUES ('71', 'title', '0', 'en_us', ' the garden ');
INSERT INTO `craft_searchindex` (`elementId`, `attribute`, `fieldId`, `locale`, `keywords`) VALUES ('72', 'field', '32', 'en_us', ' the garden ');
INSERT INTO `craft_searchindex` (`elementId`, `attribute`, `fieldId`, `locale`, `keywords`) VALUES ('72', 'field', '33', 'en_us', ' wildflower garden ');
INSERT INTO `craft_searchindex` (`elementId`, `attribute`, `fieldId`, `locale`, `keywords`) VALUES ('72', 'field', '34', 'en_us', ' the garden has several features designed to enchant and enlighten children of all ages ');
INSERT INTO `craft_searchindex` (`elementId`, `attribute`, `fieldId`, `locale`, `keywords`) VALUES ('72', 'field', '35', 'en_us', ' the_garden ');
INSERT INTO `craft_searchindex` (`elementId`, `attribute`, `fieldId`, `locale`, `keywords`) VALUES ('72', 'slug', '0', 'en_us', '');
INSERT INTO `craft_searchindex` (`elementId`, `attribute`, `fieldId`, `locale`, `keywords`) VALUES ('73', 'filename', '0', 'en_us', ' fire and ice jpg ');
INSERT INTO `craft_searchindex` (`elementId`, `attribute`, `fieldId`, `locale`, `keywords`) VALUES ('73', 'extension', '0', 'en_us', ' jpg ');
INSERT INTO `craft_searchindex` (`elementId`, `attribute`, `fieldId`, `locale`, `keywords`) VALUES ('73', 'kind', '0', 'en_us', ' image ');
INSERT INTO `craft_searchindex` (`elementId`, `attribute`, `fieldId`, `locale`, `keywords`) VALUES ('73', 'slug', '0', 'en_us', ' fire and ice ');
INSERT INTO `craft_searchindex` (`elementId`, `attribute`, `fieldId`, `locale`, `keywords`) VALUES ('73', 'title', '0', 'en_us', ' fire and ice ');
INSERT INTO `craft_searchindex` (`elementId`, `attribute`, `fieldId`, `locale`, `keywords`) VALUES ('74', 'field', '31', 'en_us', ' fire and ice festival is awesome make ice sculptures drink hot coco from a cauldron and enjoy winter with friends fire and ice events ');
INSERT INTO `craft_searchindex` (`elementId`, `attribute`, `fieldId`, `locale`, `keywords`) VALUES ('64', 'extension', '0', 'en_us', ' jpg ');
INSERT INTO `craft_searchindex` (`elementId`, `attribute`, `fieldId`, `locale`, `keywords`) VALUES ('64', 'kind', '0', 'en_us', ' image ');
INSERT INTO `craft_searchindex` (`elementId`, `attribute`, `fieldId`, `locale`, `keywords`) VALUES ('64', 'slug', '0', 'en_us', ' boy onion ');
INSERT INTO `craft_searchindex` (`elementId`, `attribute`, `fieldId`, `locale`, `keywords`) VALUES ('64', 'title', '0', 'en_us', ' boy onion ');
INSERT INTO `craft_searchindex` (`elementId`, `attribute`, `fieldId`, `locale`, `keywords`) VALUES ('65', 'field', '31', 'en_us', ' innovative researched based education programs for kids schools and families boy onion programs education ');
INSERT INTO `craft_searchindex` (`elementId`, `attribute`, `fieldId`, `locale`, `keywords`) VALUES ('65', 'slug', '0', 'en_us', ' programs ');
INSERT INTO `craft_searchindex` (`elementId`, `attribute`, `fieldId`, `locale`, `keywords`) VALUES ('65', 'title', '0', 'en_us', ' education ');
INSERT INTO `craft_searchindex` (`elementId`, `attribute`, `fieldId`, `locale`, `keywords`) VALUES ('66', 'field', '32', 'en_us', ' education ');
INSERT INTO `craft_searchindex` (`elementId`, `attribute`, `fieldId`, `locale`, `keywords`) VALUES ('66', 'field', '33', 'en_us', ' boy onion ');
INSERT INTO `craft_searchindex` (`elementId`, `attribute`, `fieldId`, `locale`, `keywords`) VALUES ('66', 'field', '34', 'en_us', ' innovative researched based education programs for kids schools and families ');
INSERT INTO `craft_searchindex` (`elementId`, `attribute`, `fieldId`, `locale`, `keywords`) VALUES ('66', 'field', '35', 'en_us', ' programs ');
INSERT INTO `craft_searchindex` (`elementId`, `attribute`, `fieldId`, `locale`, `keywords`) VALUES ('66', 'slug', '0', 'en_us', '');
INSERT INTO `craft_searchindex` (`elementId`, `attribute`, `fieldId`, `locale`, `keywords`) VALUES ('67', 'filename', '0', 'en_us', ' honaz jpg ');
INSERT INTO `craft_searchindex` (`elementId`, `attribute`, `fieldId`, `locale`, `keywords`) VALUES ('67', 'extension', '0', 'en_us', ' jpg ');
INSERT INTO `craft_searchindex` (`elementId`, `attribute`, `fieldId`, `locale`, `keywords`) VALUES ('67', 'kind', '0', 'en_us', ' image ');
INSERT INTO `craft_searchindex` (`elementId`, `attribute`, `fieldId`, `locale`, `keywords`) VALUES ('67', 'slug', '0', 'en_us', ' honaz ');
INSERT INTO `craft_searchindex` (`elementId`, `attribute`, `fieldId`, `locale`, `keywords`) VALUES ('67', 'title', '0', 'en_us', ' honaz ');
INSERT INTO `craft_searchindex` (`elementId`, `attribute`, `fieldId`, `locale`, `keywords`) VALUES ('68', 'field', '31', 'en_us', ' the first hands on adventure playground in the united states honaz hands on nature anarchy zone ');
INSERT INTO `craft_searchindex` (`elementId`, `attribute`, `fieldId`, `locale`, `keywords`) VALUES ('68', 'slug', '0', 'en_us', ' honaz ');
INSERT INTO `craft_searchindex` (`elementId`, `attribute`, `fieldId`, `locale`, `keywords`) VALUES ('68', 'title', '0', 'en_us', ' honaz ');
INSERT INTO `craft_searchindex` (`elementId`, `attribute`, `fieldId`, `locale`, `keywords`) VALUES ('69', 'field', '32', 'en_us', ' hands on nature anarchy zone ');
INSERT INTO `craft_searchindex` (`elementId`, `attribute`, `fieldId`, `locale`, `keywords`) VALUES ('69', 'field', '33', 'en_us', ' honaz ');
INSERT INTO `craft_searchindex` (`elementId`, `attribute`, `fieldId`, `locale`, `keywords`) VALUES ('69', 'field', '34', 'en_us', ' the first hands on adventure playground in the united states ');
INSERT INTO `craft_searchindex` (`elementId`, `attribute`, `fieldId`, `locale`, `keywords`) VALUES ('69', 'field', '35', 'en_us', '');
INSERT INTO `craft_searchindex` (`elementId`, `attribute`, `fieldId`, `locale`, `keywords`) VALUES ('69', 'slug', '0', 'en_us', '');
INSERT INTO `craft_searchindex` (`elementId`, `attribute`, `fieldId`, `locale`, `keywords`) VALUES ('74', 'slug', '0', 'en_us', ' fire and ice festival ');
INSERT INTO `craft_searchindex` (`elementId`, `attribute`, `fieldId`, `locale`, `keywords`) VALUES ('74', 'title', '0', 'en_us', ' fire and ice festival ');
INSERT INTO `craft_searchindex` (`elementId`, `attribute`, `fieldId`, `locale`, `keywords`) VALUES ('75', 'field', '32', 'en_us', ' events ');
INSERT INTO `craft_searchindex` (`elementId`, `attribute`, `fieldId`, `locale`, `keywords`) VALUES ('75', 'field', '33', 'en_us', ' fire and ice ');
INSERT INTO `craft_searchindex` (`elementId`, `attribute`, `fieldId`, `locale`, `keywords`) VALUES ('75', 'field', '34', 'en_us', ' fire and ice festival is awesome make ice sculptures drink hot coco from a cauldron and enjoy winter with friends ');
INSERT INTO `craft_searchindex` (`elementId`, `attribute`, `fieldId`, `locale`, `keywords`) VALUES ('75', 'field', '35', 'en_us', '');
INSERT INTO `craft_searchindex` (`elementId`, `attribute`, `fieldId`, `locale`, `keywords`) VALUES ('75', 'slug', '0', 'en_us', '');
INSERT INTO `craft_searchindex` (`elementId`, `attribute`, `fieldId`, `locale`, `keywords`) VALUES ('76', 'filename', '0', 'en_us', ' kids and chicken jpg ');
INSERT INTO `craft_searchindex` (`elementId`, `attribute`, `fieldId`, `locale`, `keywords`) VALUES ('76', 'extension', '0', 'en_us', ' jpg ');
INSERT INTO `craft_searchindex` (`elementId`, `attribute`, `fieldId`, `locale`, `keywords`) VALUES ('76', 'kind', '0', 'en_us', ' image ');
INSERT INTO `craft_searchindex` (`elementId`, `attribute`, `fieldId`, `locale`, `keywords`) VALUES ('76', 'slug', '0', 'en_us', ' kids and chicken ');
INSERT INTO `craft_searchindex` (`elementId`, `attribute`, `fieldId`, `locale`, `keywords`) VALUES ('76', 'title', '0', 'en_us', ' kids and chicken ');
INSERT INTO `craft_searchindex` (`elementId`, `attribute`, `fieldId`, `locale`, `keywords`) VALUES ('77', 'field', '31', 'en_us', ' follow the latest news for education programs and garden happenings on the blog kids and chicken news from the blog ');
INSERT INTO `craft_searchindex` (`elementId`, `attribute`, `fieldId`, `locale`, `keywords`) VALUES ('77', 'slug', '0', 'en_us', ' blog ');
INSERT INTO `craft_searchindex` (`elementId`, `attribute`, `fieldId`, `locale`, `keywords`) VALUES ('77', 'title', '0', 'en_us', ' blog ');
INSERT INTO `craft_searchindex` (`elementId`, `attribute`, `fieldId`, `locale`, `keywords`) VALUES ('78', 'field', '32', 'en_us', ' from the blog ');
INSERT INTO `craft_searchindex` (`elementId`, `attribute`, `fieldId`, `locale`, `keywords`) VALUES ('78', 'field', '33', 'en_us', ' kids and chicken ');
INSERT INTO `craft_searchindex` (`elementId`, `attribute`, `fieldId`, `locale`, `keywords`) VALUES ('78', 'field', '34', 'en_us', ' follow the latest news for education programs and garden happenings on the blog ');
INSERT INTO `craft_searchindex` (`elementId`, `attribute`, `fieldId`, `locale`, `keywords`) VALUES ('78', 'field', '35', 'en_us', ' news ');
INSERT INTO `craft_searchindex` (`elementId`, `attribute`, `fieldId`, `locale`, `keywords`) VALUES ('78', 'slug', '0', 'en_us', '');
INSERT INTO `craft_searchindex` (`elementId`, `attribute`, `fieldId`, `locale`, `keywords`) VALUES ('79', 'filename', '0', 'en_us', ' tadpole pond jpg ');
INSERT INTO `craft_searchindex` (`elementId`, `attribute`, `fieldId`, `locale`, `keywords`) VALUES ('79', 'extension', '0', 'en_us', ' jpg ');
INSERT INTO `craft_searchindex` (`elementId`, `attribute`, `fieldId`, `locale`, `keywords`) VALUES ('79', 'kind', '0', 'en_us', ' image ');
INSERT INTO `craft_searchindex` (`elementId`, `attribute`, `fieldId`, `locale`, `keywords`) VALUES ('79', 'slug', '0', 'en_us', ' tadpole pond ');
INSERT INTO `craft_searchindex` (`elementId`, `attribute`, `fieldId`, `locale`, `keywords`) VALUES ('79', 'title', '0', 'en_us', ' tadpole pond ');
INSERT INTO `craft_searchindex` (`elementId`, `attribute`, `fieldId`, `locale`, `keywords`) VALUES ('80', 'field', '31', 'en_us', ' volunteers are always welcome pushing mulch or reading to children is always fun and rewarding tadpole pond volunteer ');
INSERT INTO `craft_searchindex` (`elementId`, `attribute`, `fieldId`, `locale`, `keywords`) VALUES ('80', 'slug', '0', 'en_us', ' volunteer ');
INSERT INTO `craft_searchindex` (`elementId`, `attribute`, `fieldId`, `locale`, `keywords`) VALUES ('80', 'title', '0', 'en_us', ' volunteer ');
INSERT INTO `craft_searchindex` (`elementId`, `attribute`, `fieldId`, `locale`, `keywords`) VALUES ('81', 'field', '32', 'en_us', ' volunteer ');
INSERT INTO `craft_searchindex` (`elementId`, `attribute`, `fieldId`, `locale`, `keywords`) VALUES ('81', 'field', '33', 'en_us', ' tadpole pond ');
INSERT INTO `craft_searchindex` (`elementId`, `attribute`, `fieldId`, `locale`, `keywords`) VALUES ('81', 'field', '34', 'en_us', ' volunteers are always welcome pushing mulch or reading to children is always fun and rewarding ');
INSERT INTO `craft_searchindex` (`elementId`, `attribute`, `fieldId`, `locale`, `keywords`) VALUES ('81', 'field', '35', 'en_us', '');
INSERT INTO `craft_searchindex` (`elementId`, `attribute`, `fieldId`, `locale`, `keywords`) VALUES ('81', 'slug', '0', 'en_us', '');
INSERT INTO `craft_searchindex` (`elementId`, `attribute`, `fieldId`, `locale`, `keywords`) VALUES ('82', 'field', '36', 'en_us', ' homepage ');
INSERT INTO `craft_searchindex` (`elementId`, `attribute`, `fieldId`, `locale`, `keywords`) VALUES ('82', 'field', '37', 'en_us', '');
INSERT INTO `craft_searchindex` (`elementId`, `attribute`, `fieldId`, `locale`, `keywords`) VALUES ('82', 'slug', '0', 'en_us', ' home ');
INSERT INTO `craft_searchindex` (`elementId`, `attribute`, `fieldId`, `locale`, `keywords`) VALUES ('82', 'title', '0', 'en_us', ' home ');
INSERT INTO `craft_searchindex` (`elementId`, `attribute`, `fieldId`, `locale`, `keywords`) VALUES ('83', 'field', '36', 'en_us', '');
INSERT INTO `craft_searchindex` (`elementId`, `attribute`, `fieldId`, `locale`, `keywords`) VALUES ('83', 'field', '37', 'en_us', ' programs ');
INSERT INTO `craft_searchindex` (`elementId`, `attribute`, `fieldId`, `locale`, `keywords`) VALUES ('83', 'slug', '0', 'en_us', ' programs ');
INSERT INTO `craft_searchindex` (`elementId`, `attribute`, `fieldId`, `locale`, `keywords`) VALUES ('83', 'title', '0', 'en_us', ' education ');
INSERT INTO `craft_searchindex` (`elementId`, `attribute`, `fieldId`, `locale`, `keywords`) VALUES ('84', 'field', '36', 'en_us', '');
INSERT INTO `craft_searchindex` (`elementId`, `attribute`, `fieldId`, `locale`, `keywords`) VALUES ('84', 'field', '37', 'en_us', ' news ');
INSERT INTO `craft_searchindex` (`elementId`, `attribute`, `fieldId`, `locale`, `keywords`) VALUES ('84', 'slug', '0', 'en_us', ' blog ');
INSERT INTO `craft_searchindex` (`elementId`, `attribute`, `fieldId`, `locale`, `keywords`) VALUES ('84', 'title', '0', 'en_us', ' blog ');
INSERT INTO `craft_searchindex` (`elementId`, `attribute`, `fieldId`, `locale`, `keywords`) VALUES ('85', 'filename', '0', 'en_us', ' girl tossing salad jpg ');
INSERT INTO `craft_searchindex` (`elementId`, `attribute`, `fieldId`, `locale`, `keywords`) VALUES ('85', 'extension', '0', 'en_us', ' jpg ');
INSERT INTO `craft_searchindex` (`elementId`, `attribute`, `fieldId`, `locale`, `keywords`) VALUES ('85', 'kind', '0', 'en_us', ' image ');
INSERT INTO `craft_searchindex` (`elementId`, `attribute`, `fieldId`, `locale`, `keywords`) VALUES ('85', 'slug', '0', 'en_us', '');
INSERT INTO `craft_searchindex` (`elementId`, `attribute`, `fieldId`, `locale`, `keywords`) VALUES ('85', 'title', '0', 'en_us', ' girl tossing salad ');
INSERT INTO `craft_searchindex` (`elementId`, `attribute`, `fieldId`, `locale`, `keywords`) VALUES ('86', 'field', '38', 'en_us', ' related entries we just installed craft and boy does it rawk bonkers ville rambling the ithaca children s garden icg is both a place and a program located on the cayuga waterfront trail minutes from downtown ithaca icg has spent over a decade now building a three acre public children s garden as well as developing implementing and evaluating a wide range of educational programs for children teens and the community icg works in coordination with cornell cooperative extension to bring outstanding educational programming to the residents of tompkins county and beyond our mutual commitment is to accessibility inclusion and promoting stewardship of the natural environment through hands on garden based learning the icg holds educational programs throughout the year with the majority occurring during the growing season between april and october during june july and august programs run nearly every tuesday wednesday thursday and saturday at the garden some of these programs are free drop in programs while others such as our salad farmers program and summer camps require registration and fees we provide scholarships for those who would be unable to participate without making salad at summer camp girl tossing salad left happy mother right curabitur blandit tempus porttitor cras mattis consectetur purus sit amet fermentum vestibulum id ligula porta felis euismod semper left welcome to icg ');
INSERT INTO `craft_searchindex` (`elementId`, `attribute`, `fieldId`, `locale`, `keywords`) VALUES ('86', 'slug', '0', 'en_us', ' about ');
INSERT INTO `craft_searchindex` (`elementId`, `attribute`, `fieldId`, `locale`, `keywords`) VALUES ('86', 'title', '0', 'en_us', ' what is the ithaca children s garden ');
INSERT INTO `craft_searchindex` (`elementId`, `attribute`, `fieldId`, `locale`, `keywords`) VALUES ('87', 'field', '39', 'en_us', ' the ithaca children s garden icg is both a place and a program located on the cayuga waterfront trail minutes from downtown ithaca icg has spent over a decade now building a three acre public children s garden as well as developing implementing and evaluating a wide range of educational programs for children teens and the community icg works in coordination with cornell cooperative extension to bring outstanding educational programming to the residents of tompkins county and beyond our mutual commitment is to accessibility inclusion and promoting stewardship of the natural environment through hands on garden based learning the icg holds educational programs throughout the year with the majority occurring during the growing season between april and october during june july and august programs run nearly every tuesday wednesday thursday and saturday at the garden some of these programs are free drop in programs while others such as our salad farmers program and summer camps require registration and fees we provide scholarships for those who would be unable to participate without ');
INSERT INTO `craft_searchindex` (`elementId`, `attribute`, `fieldId`, `locale`, `keywords`) VALUES ('87', 'slug', '0', 'en_us', '');
INSERT INTO `craft_searchindex` (`elementId`, `attribute`, `fieldId`, `locale`, `keywords`) VALUES ('88', 'field', '40', 'en_us', ' girl tossing salad ');
INSERT INTO `craft_searchindex` (`elementId`, `attribute`, `fieldId`, `locale`, `keywords`) VALUES ('88', 'field', '41', 'en_us', ' making salad at summer camp ');
INSERT INTO `craft_searchindex` (`elementId`, `attribute`, `fieldId`, `locale`, `keywords`) VALUES ('88', 'field', '42', 'en_us', ' left ');
INSERT INTO `craft_searchindex` (`elementId`, `attribute`, `fieldId`, `locale`, `keywords`) VALUES ('88', 'slug', '0', 'en_us', '');
INSERT INTO `craft_searchindex` (`elementId`, `attribute`, `fieldId`, `locale`, `keywords`) VALUES ('89', 'field', '43', 'en_us', ' curabitur blandit tempus porttitor cras mattis consectetur purus sit amet fermentum vestibulum id ligula porta felis euismod semper ');
INSERT INTO `craft_searchindex` (`elementId`, `attribute`, `fieldId`, `locale`, `keywords`) VALUES ('89', 'field', '44', 'en_us', ' happy mother ');
INSERT INTO `craft_searchindex` (`elementId`, `attribute`, `fieldId`, `locale`, `keywords`) VALUES ('89', 'field', '45', 'en_us', ' right ');
INSERT INTO `craft_searchindex` (`elementId`, `attribute`, `fieldId`, `locale`, `keywords`) VALUES ('89', 'slug', '0', 'en_us', '');
INSERT INTO `craft_searchindex` (`elementId`, `attribute`, `fieldId`, `locale`, `keywords`) VALUES ('90', 'field', '46', 'en_us', ' welcome to icg ');
INSERT INTO `craft_searchindex` (`elementId`, `attribute`, `fieldId`, `locale`, `keywords`) VALUES ('90', 'field', '47', 'en_us', '');
INSERT INTO `craft_searchindex` (`elementId`, `attribute`, `fieldId`, `locale`, `keywords`) VALUES ('90', 'field', '48', 'en_us', ' left ');
INSERT INTO `craft_searchindex` (`elementId`, `attribute`, `fieldId`, `locale`, `keywords`) VALUES ('90', 'slug', '0', 'en_us', '');
INSERT INTO `craft_searchindex` (`elementId`, `attribute`, `fieldId`, `locale`, `keywords`) VALUES ('91', 'field', '49', 'en_us', ' we just installed craft and boy does it rawk bonkers ville rambling ');
INSERT INTO `craft_searchindex` (`elementId`, `attribute`, `fieldId`, `locale`, `keywords`) VALUES ('91', 'slug', '0', 'en_us', '');
INSERT INTO `craft_searchindex` (`elementId`, `attribute`, `fieldId`, `locale`, `keywords`) VALUES ('91', 'field', '50', 'en_us', ' related entries ');
INSERT INTO `craft_searchindex` (`elementId`, `attribute`, `fieldId`, `locale`, `keywords`) VALUES ('92', 'field', '36', 'en_us', ' about ');
INSERT INTO `craft_searchindex` (`elementId`, `attribute`, `fieldId`, `locale`, `keywords`) VALUES ('92', 'slug', '0', 'en_us', ' about ');
INSERT INTO `craft_searchindex` (`elementId`, `attribute`, `fieldId`, `locale`, `keywords`) VALUES ('92', 'title', '0', 'en_us', ' about ');
INSERT INTO `craft_searchindex` (`elementId`, `attribute`, `fieldId`, `locale`, `keywords`) VALUES ('93', 'field', '38', 'en_us', ' help us create a magical place in our communitythanks to loyal support from individuals like you icg s garden and programs are thriving and thousands of children have squished their toes in mud scooped tadpoles plucked fresh peas and beans off the vine cared for chickens and played played played honaz honaz right we believe every child deserves these experiences individual gifts are a critical part of our operating budget your support helps us reach more youth with rich nature experiences ever deepening their love of the outdoors and while we re at it we make a little magic for their childhood memory banks too your generous gift makes our critical work possible magic doesn t just happen it favors the well trained staff and well kept garden and that takes vision energy and your support thank you for your generosity one love left giving to icg makes me feel good about the universe left mud day international mud day ithaca children s garden from kai on vimeo related links troll house ');
INSERT INTO `craft_searchindex` (`elementId`, `attribute`, `fieldId`, `locale`, `keywords`) VALUES ('93', 'slug', '0', 'en_us', ' giving to the garden ');
INSERT INTO `craft_searchindex` (`elementId`, `attribute`, `fieldId`, `locale`, `keywords`) VALUES ('93', 'title', '0', 'en_us', ' giving to the garden ');
INSERT INTO `craft_searchindex` (`elementId`, `attribute`, `fieldId`, `locale`, `keywords`) VALUES ('94', 'field', '39', 'en_us', ' help us create a magical place in our communitythanks to loyal support from individuals like you icg s garden and programs are thriving and thousands of children have squished their toes in mud scooped tadpoles plucked fresh peas and beans off the vine cared for chickens and played played played ');
INSERT INTO `craft_searchindex` (`elementId`, `attribute`, `fieldId`, `locale`, `keywords`) VALUES ('94', 'slug', '0', 'en_us', '');
INSERT INTO `craft_searchindex` (`elementId`, `attribute`, `fieldId`, `locale`, `keywords`) VALUES ('95', 'field', '40', 'en_us', ' honaz ');
INSERT INTO `craft_searchindex` (`elementId`, `attribute`, `fieldId`, `locale`, `keywords`) VALUES ('95', 'field', '41', 'en_us', ' honaz ');
INSERT INTO `craft_searchindex` (`elementId`, `attribute`, `fieldId`, `locale`, `keywords`) VALUES ('95', 'field', '42', 'en_us', ' right ');
INSERT INTO `craft_searchindex` (`elementId`, `attribute`, `fieldId`, `locale`, `keywords`) VALUES ('95', 'slug', '0', 'en_us', '');
INSERT INTO `craft_searchindex` (`elementId`, `attribute`, `fieldId`, `locale`, `keywords`) VALUES ('96', 'field', '39', 'en_us', ' we believe every child deserves these experiences individual gifts are a critical part of our operating budget your support helps us reach more youth with rich nature experiences ever deepening their love of the outdoors and while we re at it we make a little magic for their childhood memory banks too your generous gift makes our critical work possible magic doesn t just happen it favors the well trained staff and well kept garden and that takes vision energy and your support thank you for your generosity ');
INSERT INTO `craft_searchindex` (`elementId`, `attribute`, `fieldId`, `locale`, `keywords`) VALUES ('96', 'slug', '0', 'en_us', '');
INSERT INTO `craft_searchindex` (`elementId`, `attribute`, `fieldId`, `locale`, `keywords`) VALUES ('97', 'field', '43', 'en_us', ' giving to icg makes me feel good about the universe ');
INSERT INTO `craft_searchindex` (`elementId`, `attribute`, `fieldId`, `locale`, `keywords`) VALUES ('97', 'field', '44', 'en_us', ' one love ');
INSERT INTO `craft_searchindex` (`elementId`, `attribute`, `fieldId`, `locale`, `keywords`) VALUES ('97', 'field', '45', 'en_us', ' left ');
INSERT INTO `craft_searchindex` (`elementId`, `attribute`, `fieldId`, `locale`, `keywords`) VALUES ('97', 'slug', '0', 'en_us', '');
INSERT INTO `craft_searchindex` (`elementId`, `attribute`, `fieldId`, `locale`, `keywords`) VALUES ('98', 'field', '46', 'en_us', ' mud day ');
INSERT INTO `craft_searchindex` (`elementId`, `attribute`, `fieldId`, `locale`, `keywords`) VALUES ('98', 'field', '47', 'en_us', ' international mud day ithaca children s garden from kai on vimeo ');
INSERT INTO `craft_searchindex` (`elementId`, `attribute`, `fieldId`, `locale`, `keywords`) VALUES ('98', 'field', '48', 'en_us', ' left ');
INSERT INTO `craft_searchindex` (`elementId`, `attribute`, `fieldId`, `locale`, `keywords`) VALUES ('98', 'slug', '0', 'en_us', '');
INSERT INTO `craft_searchindex` (`elementId`, `attribute`, `fieldId`, `locale`, `keywords`) VALUES ('99', 'field', '50', 'en_us', ' related links ');
INSERT INTO `craft_searchindex` (`elementId`, `attribute`, `fieldId`, `locale`, `keywords`) VALUES ('99', 'field', '49', 'en_us', ' troll house ');
INSERT INTO `craft_searchindex` (`elementId`, `attribute`, `fieldId`, `locale`, `keywords`) VALUES ('99', 'slug', '0', 'en_us', '');
INSERT INTO `craft_searchindex` (`elementId`, `attribute`, `fieldId`, `locale`, `keywords`) VALUES ('100', 'field', '36', 'en_us', ' giving to the garden ');
INSERT INTO `craft_searchindex` (`elementId`, `attribute`, `fieldId`, `locale`, `keywords`) VALUES ('100', 'slug', '0', 'en_us', ' giving ');
INSERT INTO `craft_searchindex` (`elementId`, `attribute`, `fieldId`, `locale`, `keywords`) VALUES ('100', 'title', '0', 'en_us', ' giving ');
INSERT INTO `craft_searchindex` (`elementId`, `attribute`, `fieldId`, `locale`, `keywords`) VALUES ('41', 'field', '51', 'en_us', ' cast video ');
INSERT INTO `craft_searchindex` (`elementId`, `attribute`, `fieldId`, `locale`, `keywords`) VALUES ('53', 'field', '52', 'en_us', ' under5 ');
INSERT INTO `craft_searchindex` (`elementId`, `attribute`, `fieldId`, `locale`, `keywords`) VALUES ('53', 'field', '51', 'en_us', ' bonfire ');
INSERT INTO `craft_searchindex` (`elementId`, `attribute`, `fieldId`, `locale`, `keywords`) VALUES ('53', 'field', '54', 'en_us', '');
INSERT INTO `craft_searchindex` (`elementId`, `attribute`, `fieldId`, `locale`, `keywords`) VALUES ('53', 'field', '53', 'en_us', ' summer ');
INSERT INTO `craft_searchindex` (`elementId`, `attribute`, `fieldId`, `locale`, `keywords`) VALUES ('53', 'field', '20', 'en_us', '');
INSERT INTO `craft_searchindex` (`elementId`, `attribute`, `fieldId`, `locale`, `keywords`) VALUES ('41', 'field', '52', 'en_us', ' under5 ');
INSERT INTO `craft_searchindex` (`elementId`, `attribute`, `fieldId`, `locale`, `keywords`) VALUES ('41', 'field', '54', 'en_us', ' yes ');
INSERT INTO `craft_searchindex` (`elementId`, `attribute`, `fieldId`, `locale`, `keywords`) VALUES ('41', 'field', '53', 'en_us', ' winter ');
INSERT INTO `craft_searchindex` (`elementId`, `attribute`, `fieldId`, `locale`, `keywords`) VALUES ('41', 'field', '20', 'en_us', '');
INSERT INTO `craft_searchindex` (`elementId`, `attribute`, `fieldId`, `locale`, `keywords`) VALUES ('107', 'filename', '0', 'en_us', ' fire and ice jpg ');
INSERT INTO `craft_searchindex` (`elementId`, `attribute`, `fieldId`, `locale`, `keywords`) VALUES ('107', 'extension', '0', 'en_us', ' jpg ');
INSERT INTO `craft_searchindex` (`elementId`, `attribute`, `fieldId`, `locale`, `keywords`) VALUES ('107', 'kind', '0', 'en_us', ' image ');
INSERT INTO `craft_searchindex` (`elementId`, `attribute`, `fieldId`, `locale`, `keywords`) VALUES ('107', 'slug', '0', 'en_us', '');
INSERT INTO `craft_searchindex` (`elementId`, `attribute`, `fieldId`, `locale`, `keywords`) VALUES ('107', 'title', '0', 'en_us', ' fire and ice ');
INSERT INTO `craft_searchindex` (`elementId`, `attribute`, `fieldId`, `locale`, `keywords`) VALUES ('108', 'filename', '0', 'en_us', ' bonfire jpg ');
INSERT INTO `craft_searchindex` (`elementId`, `attribute`, `fieldId`, `locale`, `keywords`) VALUES ('108', 'extension', '0', 'en_us', ' jpg ');
INSERT INTO `craft_searchindex` (`elementId`, `attribute`, `fieldId`, `locale`, `keywords`) VALUES ('108', 'kind', '0', 'en_us', ' image ');
INSERT INTO `craft_searchindex` (`elementId`, `attribute`, `fieldId`, `locale`, `keywords`) VALUES ('108', 'slug', '0', 'en_us', '');
INSERT INTO `craft_searchindex` (`elementId`, `attribute`, `fieldId`, `locale`, `keywords`) VALUES ('108', 'title', '0', 'en_us', ' bonfire ');
INSERT INTO `craft_searchindex` (`elementId`, `attribute`, `fieldId`, `locale`, `keywords`) VALUES ('109', 'field', '16', 'en_us', ' icg s annual festival of fire ice brings fun art and creativity to the coldest and snowiest time of the year with an outdoor extravaganza for all ages to enjoy hands on activities include fire sculptures ice sculptures sledding hot chocolate snow fort and den building the famous ice laboratory food coloring snow mound mural all with bonfires fire performance drumming and hot cocoa in a giant cauldron on site yes bring your own frozen ice creations and we ll add it to the collaborative fun bring some cash for a hot meal and firey icey treats be sure to dress for the weather and join us at the ithaca children s garden hands on nature anarcy zone 500 people attended in 2013 come be part of the tradition bonfirell at f i 2013 bonfire ');
INSERT INTO `craft_searchindex` (`elementId`, `attribute`, `fieldId`, `locale`, `keywords`) VALUES ('109', 'field', '21', 'en_us', ' 2015 02 07 ');
INSERT INTO `craft_searchindex` (`elementId`, `attribute`, `fieldId`, `locale`, `keywords`) VALUES ('109', 'field', '23', 'en_us', '');
INSERT INTO `craft_searchindex` (`elementId`, `attribute`, `fieldId`, `locale`, `keywords`) VALUES ('109', 'field', '52', 'en_us', ' allages ');
INSERT INTO `craft_searchindex` (`elementId`, `attribute`, `fieldId`, `locale`, `keywords`) VALUES ('109', 'field', '54', 'en_us', ' yes ');
INSERT INTO `craft_searchindex` (`elementId`, `attribute`, `fieldId`, `locale`, `keywords`) VALUES ('109', 'field', '14', 'en_us', ' fire ice brings fun art and creativity to the coldest and snowiest time of the year with an outdoor extravaganza for all ages to enjoy ');
INSERT INTO `craft_searchindex` (`elementId`, `attribute`, `fieldId`, `locale`, `keywords`) VALUES ('109', 'field', '53', 'en_us', ' winter ');
INSERT INTO `craft_searchindex` (`elementId`, `attribute`, `fieldId`, `locale`, `keywords`) VALUES ('109', 'field', '20', 'en_us', ' family ');
INSERT INTO `craft_searchindex` (`elementId`, `attribute`, `fieldId`, `locale`, `keywords`) VALUES ('109', 'field', '51', 'en_us', ' fire and ice ');
INSERT INTO `craft_searchindex` (`elementId`, `attribute`, `fieldId`, `locale`, `keywords`) VALUES ('109', 'slug', '0', 'en_us', ' festival of fire and ice ');
INSERT INTO `craft_searchindex` (`elementId`, `attribute`, `fieldId`, `locale`, `keywords`) VALUES ('109', 'title', '0', 'en_us', ' festival of fire and ice ');
INSERT INTO `craft_searchindex` (`elementId`, `attribute`, `fieldId`, `locale`, `keywords`) VALUES ('110', 'field', '17', 'en_us', ' icg s annual festival of fire ice brings fun art and creativity to the coldest and snowiest time of the year with an outdoor extravaganza for all ages to enjoy hands on activities include fire sculptures ice sculptures sledding hot chocolate snow fort and den building the famous ice laboratory food coloring snow mound mural all with bonfires fire performance drumming and hot cocoa in a giant cauldron on site yes bring your own frozen ice creations and we ll add it to the collaborative fun bring some cash for a hot meal and firey icey treats be sure to dress for the weather and join us at the ithaca children s garden hands on nature anarcy zone 500 people attended in 2013 come be part of the tradition ');
INSERT INTO `craft_searchindex` (`elementId`, `attribute`, `fieldId`, `locale`, `keywords`) VALUES ('110', 'slug', '0', 'en_us', '');
INSERT INTO `craft_searchindex` (`elementId`, `attribute`, `fieldId`, `locale`, `keywords`) VALUES ('111', 'field', '18', 'en_us', ' bonfire ');
INSERT INTO `craft_searchindex` (`elementId`, `attribute`, `fieldId`, `locale`, `keywords`) VALUES ('111', 'field', '25', 'en_us', ' bonfirell at f i 2013 ');
INSERT INTO `craft_searchindex` (`elementId`, `attribute`, `fieldId`, `locale`, `keywords`) VALUES ('111', 'slug', '0', 'en_us', '');
INSERT INTO `craft_searchindex` (`elementId`, `attribute`, `fieldId`, `locale`, `keywords`) VALUES ('112', 'field', '22', 'en_us', ' 2015 02 07 ');
INSERT INTO `craft_searchindex` (`elementId`, `attribute`, `fieldId`, `locale`, `keywords`) VALUES ('112', 'slug', '0', 'en_us', '');
INSERT INTO `craft_searchindex` (`elementId`, `attribute`, `fieldId`, `locale`, `keywords`) VALUES ('113', 'field', '30', 'en_us', ' festival of fire and ice ');
INSERT INTO `craft_searchindex` (`elementId`, `attribute`, `fieldId`, `locale`, `keywords`) VALUES ('113', 'field', '29', 'en_us', ' 2015 02 07 ');
INSERT INTO `craft_searchindex` (`elementId`, `attribute`, `fieldId`, `locale`, `keywords`) VALUES ('113', 'slug', '0', 'en_us', ' fire and ice ');
INSERT INTO `craft_searchindex` (`elementId`, `attribute`, `fieldId`, `locale`, `keywords`) VALUES ('113', 'title', '0', 'en_us', ' fire and ice 2 7 14 ');
INSERT INTO `craft_searchindex` (`elementId`, `attribute`, `fieldId`, `locale`, `keywords`) VALUES ('116', 'field', '16', 'en_us', ' chase your cabin fever away with icg join us for stories of the natural world in winter and the promise of spring then dig in to a great hands on project ');
INSERT INTO `craft_searchindex` (`elementId`, `attribute`, `fieldId`, `locale`, `keywords`) VALUES ('115', 'filename', '0', 'en_us', ' sprouts junk png ');
INSERT INTO `craft_searchindex` (`elementId`, `attribute`, `fieldId`, `locale`, `keywords`) VALUES ('115', 'extension', '0', 'en_us', ' png ');
INSERT INTO `craft_searchindex` (`elementId`, `attribute`, `fieldId`, `locale`, `keywords`) VALUES ('115', 'kind', '0', 'en_us', ' image ');
INSERT INTO `craft_searchindex` (`elementId`, `attribute`, `fieldId`, `locale`, `keywords`) VALUES ('115', 'slug', '0', 'en_us', ' sprouts junk ');
INSERT INTO `craft_searchindex` (`elementId`, `attribute`, `fieldId`, `locale`, `keywords`) VALUES ('115', 'title', '0', 'en_us', ' sprouts junk ');
INSERT INTO `craft_searchindex` (`elementId`, `attribute`, `fieldId`, `locale`, `keywords`) VALUES ('116', 'field', '21', 'en_us', ' 2015 01 05 mondays 2015 02 23 ');
INSERT INTO `craft_searchindex` (`elementId`, `attribute`, `fieldId`, `locale`, `keywords`) VALUES ('116', 'field', '23', 'en_us', '');
INSERT INTO `craft_searchindex` (`elementId`, `attribute`, `fieldId`, `locale`, `keywords`) VALUES ('116', 'field', '52', 'en_us', ' under5 ');
INSERT INTO `craft_searchindex` (`elementId`, `attribute`, `fieldId`, `locale`, `keywords`) VALUES ('116', 'field', '54', 'en_us', '');
INSERT INTO `craft_searchindex` (`elementId`, `attribute`, `fieldId`, `locale`, `keywords`) VALUES ('116', 'field', '14', 'en_us', ' chase your cabin fever away with icg join us for stories of the natural world in winter and the promise of spring then dig in to a great hands on project ');
INSERT INTO `craft_searchindex` (`elementId`, `attribute`, `fieldId`, `locale`, `keywords`) VALUES ('116', 'field', '53', 'en_us', ' winter ');
INSERT INTO `craft_searchindex` (`elementId`, `attribute`, `fieldId`, `locale`, `keywords`) VALUES ('116', 'field', '20', 'en_us', '');
INSERT INTO `craft_searchindex` (`elementId`, `attribute`, `fieldId`, `locale`, `keywords`) VALUES ('116', 'field', '51', 'en_us', ' sprouts junk ');
INSERT INTO `craft_searchindex` (`elementId`, `attribute`, `fieldId`, `locale`, `keywords`) VALUES ('116', 'slug', '0', 'en_us', ' winter sprouts ');
INSERT INTO `craft_searchindex` (`elementId`, `attribute`, `fieldId`, `locale`, `keywords`) VALUES ('116', 'title', '0', 'en_us', ' winter sprouts ');
INSERT INTO `craft_searchindex` (`elementId`, `attribute`, `fieldId`, `locale`, `keywords`) VALUES ('117', 'field', '17', 'en_us', ' chase your cabin fever away with icg join us for stories of the natural world in winter and the promise of spring then dig in to a great hands on project ');
INSERT INTO `craft_searchindex` (`elementId`, `attribute`, `fieldId`, `locale`, `keywords`) VALUES ('117', 'slug', '0', 'en_us', '');
INSERT INTO `craft_searchindex` (`elementId`, `attribute`, `fieldId`, `locale`, `keywords`) VALUES ('118', 'field', '22', 'en_us', ' 2015 01 05 ');
INSERT INTO `craft_searchindex` (`elementId`, `attribute`, `fieldId`, `locale`, `keywords`) VALUES ('118', 'slug', '0', 'en_us', '');
INSERT INTO `craft_searchindex` (`elementId`, `attribute`, `fieldId`, `locale`, `keywords`) VALUES ('128', 'field', '56', 'en_us', '');
INSERT INTO `craft_searchindex` (`elementId`, `attribute`, `fieldId`, `locale`, `keywords`) VALUES ('128', 'field', '55', 'en_us', ' 2015 02 20 ');
INSERT INTO `craft_searchindex` (`elementId`, `attribute`, `fieldId`, `locale`, `keywords`) VALUES ('122', 'field', '30', 'en_us', ' winter sprouts ');
INSERT INTO `craft_searchindex` (`elementId`, `attribute`, `fieldId`, `locale`, `keywords`) VALUES ('122', 'field', '29', 'en_us', ' 2015 01 05 ');
INSERT INTO `craft_searchindex` (`elementId`, `attribute`, `fieldId`, `locale`, `keywords`) VALUES ('122', 'slug', '0', 'en_us', ' winter sprouts 1 5 ');
INSERT INTO `craft_searchindex` (`elementId`, `attribute`, `fieldId`, `locale`, `keywords`) VALUES ('122', 'title', '0', 'en_us', ' winter sprouts 1 5 ');
INSERT INTO `craft_searchindex` (`elementId`, `attribute`, `fieldId`, `locale`, `keywords`) VALUES ('123', 'field', '30', 'en_us', ' winter sprouts ');
INSERT INTO `craft_searchindex` (`elementId`, `attribute`, `fieldId`, `locale`, `keywords`) VALUES ('123', 'field', '29', 'en_us', ' 2015 01 12 ');
INSERT INTO `craft_searchindex` (`elementId`, `attribute`, `fieldId`, `locale`, `keywords`) VALUES ('123', 'slug', '0', 'en_us', ' winter sprouts 1 12 ');
INSERT INTO `craft_searchindex` (`elementId`, `attribute`, `fieldId`, `locale`, `keywords`) VALUES ('123', 'title', '0', 'en_us', ' winter sprouts 1 12 ');
INSERT INTO `craft_searchindex` (`elementId`, `attribute`, `fieldId`, `locale`, `keywords`) VALUES ('124', 'filename', '0', 'en_us', ' screen shot 2015 01 10 at 9 48 51 am png ');
INSERT INTO `craft_searchindex` (`elementId`, `attribute`, `fieldId`, `locale`, `keywords`) VALUES ('124', 'extension', '0', 'en_us', ' png ');
INSERT INTO `craft_searchindex` (`elementId`, `attribute`, `fieldId`, `locale`, `keywords`) VALUES ('124', 'kind', '0', 'en_us', ' image ');
INSERT INTO `craft_searchindex` (`elementId`, `attribute`, `fieldId`, `locale`, `keywords`) VALUES ('124', 'slug', '0', 'en_us', '');
INSERT INTO `craft_searchindex` (`elementId`, `attribute`, `fieldId`, `locale`, `keywords`) VALUES ('124', 'title', '0', 'en_us', ' screen shot 2015 01 10 at 9 48 51 am ');
INSERT INTO `craft_searchindex` (`elementId`, `attribute`, `fieldId`, `locale`, `keywords`) VALUES ('125', 'field', '16', 'en_us', ' we ll spend the morning building snow forts creating ice art and cooking over the fire then we ll walk over to the classrooms greenstar for indoor experiments and nature art in the afternoon special program notesfor grades 1st 3rdm f feb 16 209 00am 4 00pm early drop off starts at 8 30amregistration requiredprogram registration fee self determined sliding scale = $230 280 members $215early bird registration deadline january 15th = $195 members $180sibling discount = 10% off each additional child registered from same familyscholarships available conact icg for more information ');
INSERT INTO `craft_searchindex` (`elementId`, `attribute`, `fieldId`, `locale`, `keywords`) VALUES ('125', 'field', '21', 'en_us', ' 2015 02 16 2015 02 20 ');
INSERT INTO `craft_searchindex` (`elementId`, `attribute`, `fieldId`, `locale`, `keywords`) VALUES ('125', 'field', '23', 'en_us', '');
INSERT INTO `craft_searchindex` (`elementId`, `attribute`, `fieldId`, `locale`, `keywords`) VALUES ('125', 'field', '52', 'en_us', ' 6 12 ');
INSERT INTO `craft_searchindex` (`elementId`, `attribute`, `fieldId`, `locale`, `keywords`) VALUES ('125', 'field', '54', 'en_us', '');
INSERT INTO `craft_searchindex` (`elementId`, `attribute`, `fieldId`, `locale`, `keywords`) VALUES ('125', 'field', '14', 'en_us', ' we ll spend the morning building snow forts creating ice art and cooking over the fire then we ll walk over to the classrooms greenstar for indoor experiments and nature art in the afternoon ');
INSERT INTO `craft_searchindex` (`elementId`, `attribute`, `fieldId`, `locale`, `keywords`) VALUES ('125', 'field', '53', 'en_us', ' winter ');
INSERT INTO `craft_searchindex` (`elementId`, `attribute`, `fieldId`, `locale`, `keywords`) VALUES ('125', 'field', '20', 'en_us', ' school break ');
INSERT INTO `craft_searchindex` (`elementId`, `attribute`, `fieldId`, `locale`, `keywords`) VALUES ('125', 'field', '51', 'en_us', ' screen shot 2015 01 10 at 9 48 51 am ');
INSERT INTO `craft_searchindex` (`elementId`, `attribute`, `fieldId`, `locale`, `keywords`) VALUES ('125', 'slug', '0', 'en_us', ' natures play corps winter play lab ');
INSERT INTO `craft_searchindex` (`elementId`, `attribute`, `fieldId`, `locale`, `keywords`) VALUES ('125', 'title', '0', 'en_us', ' nature s play corps winter play lab ');
INSERT INTO `craft_searchindex` (`elementId`, `attribute`, `fieldId`, `locale`, `keywords`) VALUES ('126', 'field', '17', 'en_us', ' we ll spend the morning building snow forts creating ice art and cooking over the fire then we ll walk over to the classrooms greenstar for indoor experiments and nature art in the afternoon ');
INSERT INTO `craft_searchindex` (`elementId`, `attribute`, `fieldId`, `locale`, `keywords`) VALUES ('126', 'slug', '0', 'en_us', '');
INSERT INTO `craft_searchindex` (`elementId`, `attribute`, `fieldId`, `locale`, `keywords`) VALUES ('127', 'field', '17', 'en_us', ' special program notesfor grades 1st 3rdm f feb 16 209 00am 4 00pm early drop off starts at 8 30amregistration requiredprogram registration fee self determined sliding scale = $230 280 members $215early bird registration deadline january 15th = $195 members $180sibling discount = 10% off each additional child registered from same familyscholarships available conact icg for more information ');
INSERT INTO `craft_searchindex` (`elementId`, `attribute`, `fieldId`, `locale`, `keywords`) VALUES ('127', 'slug', '0', 'en_us', '');
INSERT INTO `craft_searchindex` (`elementId`, `attribute`, `fieldId`, `locale`, `keywords`) VALUES ('128', 'field', '22', 'en_us', ' 2015 02 16 ');
INSERT INTO `craft_searchindex` (`elementId`, `attribute`, `fieldId`, `locale`, `keywords`) VALUES ('128', 'slug', '0', 'en_us', '');
INSERT INTO `craft_searchindex` (`elementId`, `attribute`, `fieldId`, `locale`, `keywords`) VALUES ('129', 'filename', '0', 'en_us', ' screen shot 2015 01 10 at 9 54 16 am png ');
INSERT INTO `craft_searchindex` (`elementId`, `attribute`, `fieldId`, `locale`, `keywords`) VALUES ('129', 'extension', '0', 'en_us', ' png ');
INSERT INTO `craft_searchindex` (`elementId`, `attribute`, `fieldId`, `locale`, `keywords`) VALUES ('129', 'kind', '0', 'en_us', ' image ');
INSERT INTO `craft_searchindex` (`elementId`, `attribute`, `fieldId`, `locale`, `keywords`) VALUES ('129', 'slug', '0', 'en_us', '');
INSERT INTO `craft_searchindex` (`elementId`, `attribute`, `fieldId`, `locale`, `keywords`) VALUES ('129', 'title', '0', 'en_us', ' screen shot 2015 01 10 at 9 54 16 am ');
INSERT INTO `craft_searchindex` (`elementId`, `attribute`, `fieldId`, `locale`, `keywords`) VALUES ('130', 'field', '16', 'en_us', ' enchanted spring welcomes children 3 to 5 years old to explore with us at ithaca children s garden spend your mornings full of imagination exploration and curiosity enchanted spring is a fun play based educational program designed to help pre school age children connect with and develop a love for their natural world lessons are nature focused and child centered and take place in icg s vegetable garden wetland habitat wildflower meadow outdoor kitchen and hands on nature anarchy zone parents may choose to stay and play or drop off special program notesspace is limited and pre registration is required self determined sliding scale $80 100icg members $70 ');
INSERT INTO `craft_searchindex` (`elementId`, `attribute`, `fieldId`, `locale`, `keywords`) VALUES ('130', 'field', '21', 'en_us', ' 2015 05 05 tuesdays 2015 05 26 ');
INSERT INTO `craft_searchindex` (`elementId`, `attribute`, `fieldId`, `locale`, `keywords`) VALUES ('130', 'field', '23', 'en_us', '');
INSERT INTO `craft_searchindex` (`elementId`, `attribute`, `fieldId`, `locale`, `keywords`) VALUES ('130', 'field', '52', 'en_us', ' under5 ');
INSERT INTO `craft_searchindex` (`elementId`, `attribute`, `fieldId`, `locale`, `keywords`) VALUES ('130', 'field', '54', 'en_us', '');
INSERT INTO `craft_searchindex` (`elementId`, `attribute`, `fieldId`, `locale`, `keywords`) VALUES ('130', 'field', '14', 'en_us', ' enchanted spring welcomes children 3 to 5 years old to explore with us at ithaca children s garden spend your mornings full of imagination exploration and curiosity ');
INSERT INTO `craft_searchindex` (`elementId`, `attribute`, `fieldId`, `locale`, `keywords`) VALUES ('130', 'field', '53', 'en_us', ' spring ');
INSERT INTO `craft_searchindex` (`elementId`, `attribute`, `fieldId`, `locale`, `keywords`) VALUES ('130', 'field', '20', 'en_us', ' camp ');
INSERT INTO `craft_searchindex` (`elementId`, `attribute`, `fieldId`, `locale`, `keywords`) VALUES ('130', 'field', '51', 'en_us', ' screen shot 2015 01 10 at 9 54 16 am ');
INSERT INTO `craft_searchindex` (`elementId`, `attribute`, `fieldId`, `locale`, `keywords`) VALUES ('130', 'slug', '0', 'en_us', ' enchanted spring for preschoolers ');
INSERT INTO `craft_searchindex` (`elementId`, `attribute`, `fieldId`, `locale`, `keywords`) VALUES ('130', 'title', '0', 'en_us', ' enchanted spring for preschoolers ');
INSERT INTO `craft_searchindex` (`elementId`, `attribute`, `fieldId`, `locale`, `keywords`) VALUES ('131', 'field', '17', 'en_us', ' enchanted spring welcomes children 3 to 5 years old to explore with us at ithaca children s garden spend your mornings full of imagination exploration and curiosity enchanted spring is a fun play based educational program designed to help pre school age children connect with and develop a love for their natural world lessons are nature focused and child centered and take place in icg s vegetable garden wetland habitat wildflower meadow outdoor kitchen and hands on nature anarchy zone parents may choose to stay and play or drop off special program notesspace is limited and pre registration is required self determined sliding scale $80 100icg members $70 ');
INSERT INTO `craft_searchindex` (`elementId`, `attribute`, `fieldId`, `locale`, `keywords`) VALUES ('131', 'slug', '0', 'en_us', '');
INSERT INTO `craft_searchindex` (`elementId`, `attribute`, `fieldId`, `locale`, `keywords`) VALUES ('132', 'field', '22', 'en_us', ' 2015 05 05 ');
INSERT INTO `craft_searchindex` (`elementId`, `attribute`, `fieldId`, `locale`, `keywords`) VALUES ('132', 'slug', '0', 'en_us', '');
INSERT INTO `craft_searchindex` (`elementId`, `attribute`, `fieldId`, `locale`, `keywords`) VALUES ('133', 'field', '30', 'en_us', ' enchanted spring for preschoolers ');
INSERT INTO `craft_searchindex` (`elementId`, `attribute`, `fieldId`, `locale`, `keywords`) VALUES ('133', 'field', '29', 'en_us', ' 2015 05 05 ');
INSERT INTO `craft_searchindex` (`elementId`, `attribute`, `fieldId`, `locale`, `keywords`) VALUES ('133', 'slug', '0', 'en_us', ' enchanted spring for preschoolers ');
INSERT INTO `craft_searchindex` (`elementId`, `attribute`, `fieldId`, `locale`, `keywords`) VALUES ('133', 'title', '0', 'en_us', ' enchanted spring for preschoolers 6 6 ');
INSERT INTO `craft_searchindex` (`elementId`, `attribute`, `fieldId`, `locale`, `keywords`) VALUES ('134', 'field', '30', 'en_us', ' nature s play corps winter play lab ');
INSERT INTO `craft_searchindex` (`elementId`, `attribute`, `fieldId`, `locale`, `keywords`) VALUES ('134', 'field', '29', 'en_us', ' 2015 02 16 ');
INSERT INTO `craft_searchindex` (`elementId`, `attribute`, `fieldId`, `locale`, `keywords`) VALUES ('134', 'slug', '0', 'en_us', ' natures play corps winter play lab ');
INSERT INTO `craft_searchindex` (`elementId`, `attribute`, `fieldId`, `locale`, `keywords`) VALUES ('134', 'title', '0', 'en_us', ' nature s play corps winter play lab 2 16 ');
INSERT INTO `craft_searchindex` (`elementId`, `attribute`, `fieldId`, `locale`, `keywords`) VALUES ('44', 'field', '55', 'en_us', ' 2014 12 13 ');
INSERT INTO `craft_searchindex` (`elementId`, `attribute`, `fieldId`, `locale`, `keywords`) VALUES ('44', 'field', '56', 'en_us', '');
INSERT INTO `craft_searchindex` (`elementId`, `attribute`, `fieldId`, `locale`, `keywords`) VALUES ('47', 'field', '55', 'en_us', ' 2015 01 06 ');
INSERT INTO `craft_searchindex` (`elementId`, `attribute`, `fieldId`, `locale`, `keywords`) VALUES ('47', 'field', '56', 'en_us', '');
INSERT INTO `craft_searchindex` (`elementId`, `attribute`, `fieldId`, `locale`, `keywords`) VALUES ('56', 'field', '56', 'en_us', '');
INSERT INTO `craft_searchindex` (`elementId`, `attribute`, `fieldId`, `locale`, `keywords`) VALUES ('55', 'field', '56', 'en_us', '');
INSERT INTO `craft_searchindex` (`elementId`, `attribute`, `fieldId`, `locale`, `keywords`) VALUES ('55', 'field', '55', 'en_us', '');
INSERT INTO `craft_searchindex` (`elementId`, `attribute`, `fieldId`, `locale`, `keywords`) VALUES ('57', 'field', '55', 'en_us', '');
INSERT INTO `craft_searchindex` (`elementId`, `attribute`, `fieldId`, `locale`, `keywords`) VALUES ('57', 'field', '56', 'en_us', '');
INSERT INTO `craft_searchindex` (`elementId`, `attribute`, `fieldId`, `locale`, `keywords`) VALUES ('136', 'filename', '0', 'en_us', ' bulb lab pano small jpg ');
INSERT INTO `craft_searchindex` (`elementId`, `attribute`, `fieldId`, `locale`, `keywords`) VALUES ('136', 'extension', '0', 'en_us', ' jpg ');
INSERT INTO `craft_searchindex` (`elementId`, `attribute`, `fieldId`, `locale`, `keywords`) VALUES ('136', 'kind', '0', 'en_us', ' image ');
INSERT INTO `craft_searchindex` (`elementId`, `attribute`, `fieldId`, `locale`, `keywords`) VALUES ('136', 'slug', '0', 'en_us', '');
INSERT INTO `craft_searchindex` (`elementId`, `attribute`, `fieldId`, `locale`, `keywords`) VALUES ('136', 'title', '0', 'en_us', ' bulb lab pano small ');
INSERT INTO `craft_searchindex` (`elementId`, `attribute`, `fieldId`, `locale`, `keywords`) VALUES ('137', 'filename', '0', 'en_us', ' honaz pano small_1 jpg ');
INSERT INTO `craft_searchindex` (`elementId`, `attribute`, `fieldId`, `locale`, `keywords`) VALUES ('137', 'extension', '0', 'en_us', ' jpg ');
INSERT INTO `craft_searchindex` (`elementId`, `attribute`, `fieldId`, `locale`, `keywords`) VALUES ('137', 'kind', '0', 'en_us', ' image ');
INSERT INTO `craft_searchindex` (`elementId`, `attribute`, `fieldId`, `locale`, `keywords`) VALUES ('137', 'slug', '0', 'en_us', '');
INSERT INTO `craft_searchindex` (`elementId`, `attribute`, `fieldId`, `locale`, `keywords`) VALUES ('137', 'title', '0', 'en_us', ' honaz pano small 1 ');
INSERT INTO `craft_searchindex` (`elementId`, `attribute`, `fieldId`, `locale`, `keywords`) VALUES ('138', 'field', '38', 'en_us', ' ithaca children s garden is a very special place designed and developed in harmony with the natural and cultural landscape of the region the ithaca children s garden is uniquely ithaca built by and for the community using local materials designers and artisans you won t find a garden like it elsewhere ithaca is obviously a beautiful place and children have a lot of access to wonderful parts of nature here says rusty keeler author of natural playscapes father and owner of earthplay but the children s garden is the one place that says this is for kids it s a place that belongs to kids a place to grow up in bulb labyrinth memorial garden bulbs symbolize hope and the cycle of life labyrinths have been used for centuries by many cultures around the world to promote healing and meditation the garden is designed to be a beautiful uplifting sensory garden that celebrates the natural rhythms of the seasons hands on nature anarchy zone we all know that children need fun opportunities to get outside and connect with nature in hands on and bodies on ways using all their senses the hands on anarchy zone invites visitors to take it to the next level and dig for worms play with water sand and clay plant trees build forts out of straw bales and stumps cook food and more and in the process get muddy wet and dirty wild exploring their connection to nature visit the hand on nature anarchy zone flowing from gaia s natural wetlands habitat bird habitat garden and wildflower meadow at the south end through an ecological edible garden and urban agriculture center to the north meadow the ithaca children s garden is ever growing visit early and often and take part in community events based on nature and the land planning a visit to ithaca children s garden check out our programs and events or drop us a line and let us know how we can help visited the garden recently or have a memory you d like to share contact us or post on our facebook page icg is a grassroots organization and relies on support from many community partners including individuals families businesses and organizations ');
INSERT INTO `craft_searchindex` (`elementId`, `attribute`, `fieldId`, `locale`, `keywords`) VALUES ('138', 'slug', '0', 'en_us', ' the garden ');
INSERT INTO `craft_searchindex` (`elementId`, `attribute`, `fieldId`, `locale`, `keywords`) VALUES ('138', 'title', '0', 'en_us', ' the garden ');
INSERT INTO `craft_searchindex` (`elementId`, `attribute`, `fieldId`, `locale`, `keywords`) VALUES ('139', 'field', '39', 'en_us', ' ithaca children s garden is a very special place designed and developed in harmony with the natural and cultural landscape of the region the ithaca children s garden is uniquely ithaca built by and for the community using local materials designers and artisans you won t find a garden like it elsewhere ithaca is obviously a beautiful place and children have a lot of access to wonderful parts of nature here says rusty keeler author of natural playscapes father and owner of earthplay but the children s garden is the one place that says this is for kids it s a place that belongs to kids a place to grow up in ');
INSERT INTO `craft_searchindex` (`elementId`, `attribute`, `fieldId`, `locale`, `keywords`) VALUES ('139', 'slug', '0', 'en_us', '');
INSERT INTO `craft_searchindex` (`elementId`, `attribute`, `fieldId`, `locale`, `keywords`) VALUES ('140', 'field', '39', 'en_us', ' bulb labyrinth memorial garden bulbs symbolize hope and the cycle of life labyrinths have been used for centuries by many cultures around the world to promote healing and meditation the garden is designed to be a beautiful uplifting sensory garden that celebrates the natural rhythms of the seasons ');
INSERT INTO `craft_searchindex` (`elementId`, `attribute`, `fieldId`, `locale`, `keywords`) VALUES ('140', 'slug', '0', 'en_us', '');
INSERT INTO `craft_searchindex` (`elementId`, `attribute`, `fieldId`, `locale`, `keywords`) VALUES ('141', 'field', '39', 'en_us', ' hands on nature anarchy zone we all know that children need fun opportunities to get outside and connect with nature in hands on and bodies on ways using all their senses the hands on anarchy zone invites visitors to take it to the next level and dig for worms play with water sand and clay plant trees build forts out of straw bales and stumps cook food and more and in the process get muddy wet and dirty wild exploring their connection to nature visit the hand on nature anarchy zone flowing from gaia s natural wetlands habitat bird habitat garden and wildflower meadow at the south end through an ecological edible garden and urban agriculture center to the north meadow the ithaca children s garden is ever growing visit early and often and take part in community events based on nature and the land planning a visit to ithaca children s garden check out our programs and events or drop us a line and let us know how we can help visited the garden recently or have a memory you d like to share contact us or post on our facebook page icg is a grassroots organization and relies on support from many community partners including individuals families businesses and organizations ');
INSERT INTO `craft_searchindex` (`elementId`, `attribute`, `fieldId`, `locale`, `keywords`) VALUES ('141', 'slug', '0', 'en_us', '');
INSERT INTO `craft_searchindex` (`elementId`, `attribute`, `fieldId`, `locale`, `keywords`) VALUES ('142', 'field', '36', 'en_us', ' the garden ');
INSERT INTO `craft_searchindex` (`elementId`, `attribute`, `fieldId`, `locale`, `keywords`) VALUES ('142', 'slug', '0', 'en_us', ' the garden ');
INSERT INTO `craft_searchindex` (`elementId`, `attribute`, `fieldId`, `locale`, `keywords`) VALUES ('142', 'title', '0', 'en_us', ' the garden ');
INSERT INTO `craft_searchindex` (`elementId`, `attribute`, `fieldId`, `locale`, `keywords`) VALUES ('138', 'field', '59', 'en_us', ' the master plancheck out our project page to see what is in the works for future development at the garden projects currently being developed include the bulb labyrinth memorial garden perimeter fence hands on nature anarchy zone and carbon neutral eco education building ');
INSERT INTO `craft_searchindex` (`elementId`, `attribute`, `fieldId`, `locale`, `keywords`) VALUES ('143', 'field', '60', 'en_us', ' the master plancheck out our project page to see what is in the works for future development at the garden projects currently being developed include the bulb labyrinth memorial garden perimeter fence hands on nature anarchy zone and carbon neutral eco education building ');
INSERT INTO `craft_searchindex` (`elementId`, `attribute`, `fieldId`, `locale`, `keywords`) VALUES ('143', 'slug', '0', 'en_us', '');
INSERT INTO `craft_searchindex` (`elementId`, `attribute`, `fieldId`, `locale`, `keywords`) VALUES ('144', 'field', '38', 'en_us', ' we all know that children need fun opportunities to get outside and connect with nature in hands on and bodies on ways using all their senses but did you know that children who play outside are more likely to become adults who care about the environment icg s mission is to cultivate environmental stewardship and we believe the best way to do that is getting kids outside having fun in the natural world the hands on nature anarchy zone invites visitors to take it to the next level and dig for worms play with water sand and clay build forts out of straw bales and stumps climb trees and more and in the process get muddy wet and dirty while exploring their connection to nature a lockable storage shed houses tools and materials to be used during each program locust logs straw bales topsoil river clay cardboard sand boulders etc invite children to play create destruct work together work alone solve problems and have fun get ready for a playful summer at icg s hands on nature anarchy zone three weeks ofnature play corp summer camp trained playworkers special thursday morning zone into nature program adventure play days local artists and build leaders all come together in the anarchy zone to help provide your child with one of the most essential ingredients of a healthy childhood child directed free play featured on the katie couric show and recognized on npr the hands on nature anarchy zone integrates models of nature play adventure playgrounds city farms from germany scandinavia and the uk and works with international play experts to train our playworkers ithaca children s garden is the first example in the us of integrating playwork and nature based learning into a children s garden setting seed funding was provided by us fish wildlife service usfws in 2012 and 2013 2014 funding was provided by usfws and park foundation in partnership with rusty keeler of earthplay international mud day and the festival of fire ice are hands on nature anarchy zone events funded with grants by the tompkins county tourism program ');
INSERT INTO `craft_searchindex` (`elementId`, `attribute`, `fieldId`, `locale`, `keywords`) VALUES ('144', 'field', '59', 'en_us', '');
INSERT INTO `craft_searchindex` (`elementId`, `attribute`, `fieldId`, `locale`, `keywords`) VALUES ('144', 'slug', '0', 'en_us', ' hands on nature anarchy zone ');
INSERT INTO `craft_searchindex` (`elementId`, `attribute`, `fieldId`, `locale`, `keywords`) VALUES ('144', 'title', '0', 'en_us', ' hands on nature anarchy zone ');
INSERT INTO `craft_searchindex` (`elementId`, `attribute`, `fieldId`, `locale`, `keywords`) VALUES ('145', 'field', '39', 'en_us', ' we all know that children need fun opportunities to get outside and connect with nature in hands on and bodies on ways using all their senses but did you know that children who play outside are more likely to become adults who care about the environment icg s mission is to cultivate environmental stewardship and we believe the best way to do that is getting kids outside having fun in the natural world the hands on nature anarchy zone invites visitors to take it to the next level and dig for worms play with water sand and clay build forts out of straw bales and stumps climb trees and more and in the process get muddy wet and dirty while exploring their connection to nature a lockable storage shed houses tools and materials to be used during each program locust logs straw bales topsoil river clay cardboard sand boulders etc invite children to play create destruct work together work alone solve problems and have fun get ready for a playful summer at icg s hands on nature anarchy zone three weeks ofnature play corp summer camp trained playworkers special thursday morning zone into nature program adventure play days local artists and build leaders all come together in the anarchy zone to help provide your child with one of the most essential ingredients of a healthy childhood child directed free play featured on the katie couric show and recognized on npr the hands on nature anarchy zone integrates models of nature play adventure playgrounds city farms from germany scandinavia and the uk and works with international play experts to train our playworkers ithaca children s garden is the first example in the us of integrating playwork and nature based learning into a children s garden setting seed funding was provided by us fish wildlife service usfws in 2012 and 2013 2014 funding was provided by usfws and park foundation in partnership with rusty keeler of earthplay international mud day and the festival of fire ice are hands on nature anarchy zone events funded with grants by the tompkins county tourism program ');
INSERT INTO `craft_searchindex` (`elementId`, `attribute`, `fieldId`, `locale`, `keywords`) VALUES ('145', 'slug', '0', 'en_us', '');
INSERT INTO `craft_searchindex` (`elementId`, `attribute`, `fieldId`, `locale`, `keywords`) VALUES ('146', 'field', '36', 'en_us', ' hands on nature anarchy zone ');
INSERT INTO `craft_searchindex` (`elementId`, `attribute`, `fieldId`, `locale`, `keywords`) VALUES ('146', 'slug', '0', 'en_us', ' honaz ');
INSERT INTO `craft_searchindex` (`elementId`, `attribute`, `fieldId`, `locale`, `keywords`) VALUES ('146', 'title', '0', 'en_us', ' honaz ');
INSERT INTO `craft_searchindex` (`elementId`, `attribute`, `fieldId`, `locale`, `keywords`) VALUES ('149', 'title', '0', 'en_us', ' kids on ropes in honaz ');
INSERT INTO `craft_searchindex` (`elementId`, `attribute`, `fieldId`, `locale`, `keywords`) VALUES ('149', 'slug', '0', 'en_us', ' kids on ropes in honaz ');
INSERT INTO `craft_searchindex` (`elementId`, `attribute`, `fieldId`, `locale`, `keywords`) VALUES ('149', 'field', '61', 'en_us', ' ropes ');
INSERT INTO `craft_searchindex` (`elementId`, `attribute`, `fieldId`, `locale`, `keywords`) VALUES ('148', 'filename', '0', 'en_us', ' ropes jpg ');
INSERT INTO `craft_searchindex` (`elementId`, `attribute`, `fieldId`, `locale`, `keywords`) VALUES ('148', 'extension', '0', 'en_us', ' jpg ');
INSERT INTO `craft_searchindex` (`elementId`, `attribute`, `fieldId`, `locale`, `keywords`) VALUES ('148', 'kind', '0', 'en_us', ' image ');
INSERT INTO `craft_searchindex` (`elementId`, `attribute`, `fieldId`, `locale`, `keywords`) VALUES ('148', 'slug', '0', 'en_us', ' ropes ');
INSERT INTO `craft_searchindex` (`elementId`, `attribute`, `fieldId`, `locale`, `keywords`) VALUES ('148', 'title', '0', 'en_us', ' ropes ');
INSERT INTO `craft_searchindex` (`elementId`, `attribute`, `fieldId`, `locale`, `keywords`) VALUES ('154', 'field', '29', 'en_us', ' 2015 02 08 ');
INSERT INTO `craft_searchindex` (`elementId`, `attribute`, `fieldId`, `locale`, `keywords`) VALUES ('154', 'field', '30', 'en_us', ' enchanted spring for preschoolers ');
INSERT INTO `craft_searchindex` (`elementId`, `attribute`, `fieldId`, `locale`, `keywords`) VALUES ('153', 'title', '0', 'en_us', ' bubbles ');
INSERT INTO `craft_searchindex` (`elementId`, `attribute`, `fieldId`, `locale`, `keywords`) VALUES ('153', 'field', '61', 'en_us', ' bubbles ');
INSERT INTO `craft_searchindex` (`elementId`, `attribute`, `fieldId`, `locale`, `keywords`) VALUES ('152', 'filename', '0', 'en_us', ' bubbles jpg ');
INSERT INTO `craft_searchindex` (`elementId`, `attribute`, `fieldId`, `locale`, `keywords`) VALUES ('152', 'extension', '0', 'en_us', ' jpg ');
INSERT INTO `craft_searchindex` (`elementId`, `attribute`, `fieldId`, `locale`, `keywords`) VALUES ('152', 'kind', '0', 'en_us', ' image ');
INSERT INTO `craft_searchindex` (`elementId`, `attribute`, `fieldId`, `locale`, `keywords`) VALUES ('152', 'slug', '0', 'en_us', ' bubbles ');
INSERT INTO `craft_searchindex` (`elementId`, `attribute`, `fieldId`, `locale`, `keywords`) VALUES ('152', 'title', '0', 'en_us', ' bubbles ');
INSERT INTO `craft_searchindex` (`elementId`, `attribute`, `fieldId`, `locale`, `keywords`) VALUES ('153', 'slug', '0', 'en_us', ' bubbles ');
INSERT INTO `craft_searchindex` (`elementId`, `attribute`, `fieldId`, `locale`, `keywords`) VALUES ('154', 'slug', '0', 'en_us', ' enchanted spring 2 8 ');
INSERT INTO `craft_searchindex` (`elementId`, `attribute`, `fieldId`, `locale`, `keywords`) VALUES ('154', 'title', '0', 'en_us', ' enchanted spring 2 8 ');
INSERT INTO `craft_searchindex` (`elementId`, `attribute`, `fieldId`, `locale`, `keywords`) VALUES ('157', 'title', '0', 'en_us', ' bulb labyrinth from above ');
INSERT INTO `craft_searchindex` (`elementId`, `attribute`, `fieldId`, `locale`, `keywords`) VALUES ('157', 'slug', '0', 'en_us', ' bulb labyrinth from above ');
INSERT INTO `craft_searchindex` (`elementId`, `attribute`, `fieldId`, `locale`, `keywords`) VALUES ('157', 'field', '61', 'en_us', ' bulb lab arial ');
INSERT INTO `craft_searchindex` (`elementId`, `attribute`, `fieldId`, `locale`, `keywords`) VALUES ('156', 'filename', '0', 'en_us', ' bulb lab arial jpg ');
INSERT INTO `craft_searchindex` (`elementId`, `attribute`, `fieldId`, `locale`, `keywords`) VALUES ('156', 'extension', '0', 'en_us', ' jpg ');
INSERT INTO `craft_searchindex` (`elementId`, `attribute`, `fieldId`, `locale`, `keywords`) VALUES ('156', 'kind', '0', 'en_us', ' image ');
INSERT INTO `craft_searchindex` (`elementId`, `attribute`, `fieldId`, `locale`, `keywords`) VALUES ('156', 'slug', '0', 'en_us', ' bulb lab arial ');
INSERT INTO `craft_searchindex` (`elementId`, `attribute`, `fieldId`, `locale`, `keywords`) VALUES ('156', 'title', '0', 'en_us', ' bulb lab arial ');
INSERT INTO `craft_searchindex` (`elementId`, `attribute`, `fieldId`, `locale`, `keywords`) VALUES ('160', 'title', '0', 'en_us', ' kids on the swing ');
INSERT INTO `craft_searchindex` (`elementId`, `attribute`, `fieldId`, `locale`, `keywords`) VALUES ('160', 'slug', '0', 'en_us', ' kids on the swing ');
INSERT INTO `craft_searchindex` (`elementId`, `attribute`, `fieldId`, `locale`, `keywords`) VALUES ('160', 'field', '61', 'en_us', ' kids on swing ');
INSERT INTO `craft_searchindex` (`elementId`, `attribute`, `fieldId`, `locale`, `keywords`) VALUES ('159', 'filename', '0', 'en_us', ' kids on swing jpg ');
INSERT INTO `craft_searchindex` (`elementId`, `attribute`, `fieldId`, `locale`, `keywords`) VALUES ('159', 'extension', '0', 'en_us', ' jpg ');
INSERT INTO `craft_searchindex` (`elementId`, `attribute`, `fieldId`, `locale`, `keywords`) VALUES ('159', 'kind', '0', 'en_us', ' image ');
INSERT INTO `craft_searchindex` (`elementId`, `attribute`, `fieldId`, `locale`, `keywords`) VALUES ('159', 'slug', '0', 'en_us', ' kids on swing ');
INSERT INTO `craft_searchindex` (`elementId`, `attribute`, `fieldId`, `locale`, `keywords`) VALUES ('159', 'title', '0', 'en_us', ' kids on swing ');
INSERT INTO `craft_searchindex` (`elementId`, `attribute`, `fieldId`, `locale`, `keywords`) VALUES ('163', 'title', '0', 'en_us', ' kids on fort in winter ');
INSERT INTO `craft_searchindex` (`elementId`, `attribute`, `fieldId`, `locale`, `keywords`) VALUES ('163', 'slug', '0', 'en_us', ' kids on fort in winter ');
INSERT INTO `craft_searchindex` (`elementId`, `attribute`, `fieldId`, `locale`, `keywords`) VALUES ('163', 'field', '61', 'en_us', ' kids in winter ');
INSERT INTO `craft_searchindex` (`elementId`, `attribute`, `fieldId`, `locale`, `keywords`) VALUES ('162', 'filename', '0', 'en_us', ' kids in winter jpg ');
INSERT INTO `craft_searchindex` (`elementId`, `attribute`, `fieldId`, `locale`, `keywords`) VALUES ('162', 'extension', '0', 'en_us', ' jpg ');
INSERT INTO `craft_searchindex` (`elementId`, `attribute`, `fieldId`, `locale`, `keywords`) VALUES ('162', 'kind', '0', 'en_us', ' image ');
INSERT INTO `craft_searchindex` (`elementId`, `attribute`, `fieldId`, `locale`, `keywords`) VALUES ('162', 'slug', '0', 'en_us', ' kids in winter ');
INSERT INTO `craft_searchindex` (`elementId`, `attribute`, `fieldId`, `locale`, `keywords`) VALUES ('162', 'title', '0', 'en_us', ' kids in winter ');
INSERT INTO `craft_searchindex` (`elementId`, `attribute`, `fieldId`, `locale`, `keywords`) VALUES ('164', 'field', '38', 'en_us', ' jumping in the anarchy zone curiosity driven bark inspection climbing on garden features left play at icg play is an experience neato lorem ipsum dolor sit amet consectetur adipiscing elit vivamus sagittis lacus vel augue laoreet rutrum faucibus dolor auctor duis mollis est non commodo luctus nisi erat porttitor ligula eget lacinia odio sem nec elit praesent commodo cursus magna vel scelerisque nisl consectetur et fusce dapibus tellus ac cursus commodo tortor mauris condimentum nibh ut fermentum massa justo sit amet risus cras justo odio dapibus ac facilisis in egestas eget quam fusce dapibus tellus ac cursus commodo tortor mauris condimentum nibh ut fermentum massa justo sit amet risus morbi leo risus porta ac consectetur ac vestibulum at eros lorem ipsum dolor sit amet consectetur adipiscing elit etiam porta sem malesuada magna mollis euismod nulla vitae elit libero a pharetra augue integer posuere erat a ante venenatis dapibus posuere velit aliquet nullam quis risus eget urna mollis ornare vel eu leo left playing at icg maecenas sed diam eget risus varius blandit sit amet non magna nulla vitae elit libero a pharetra augue vestibulum id ligula porta felis euismod semper cras justo odio dapibus ac facilisis in egestas eget quam vivamus sagittis lacus vel augue laoreet rutrum faucibus dolor auctor catherine zeta jones left maecenas sed diam eget risus varius blandit sit amet non magna nulla vitae elit libero a pharetra augue vestibulum id ligula porta felis euismod semper cras justo odio dapibus ac facilisis in egestas eget quam vivamus sagittis lacus vel augue laoreet rutrum faucibus dolor auctor maecenas sed diam eget risus varius blandit sit amet non magna nulla vitae elit libero a pharetra augue vestibulum id ligula porta felis euismod semper cras justo odio dapibus ac facilisis in egestas eget quam vivamus sagittis lacus vel augue laoreet rutrum faucibus dolor auctor vivamus sagittis lacus vel augue laoreet rutrum faucibus dolor auctor integer posuere erat a ante venenatis dapibus posuere velit aliquet donec sed odio dui nulla vitae elit libero a pharetra augue ');
INSERT INTO `craft_searchindex` (`elementId`, `attribute`, `fieldId`, `locale`, `keywords`) VALUES ('164', 'field', '59', 'en_us', ' other programs festival of fire and ice gaia the turtle some heading aenean lacinia bibendum nulla sed consectetur curabitur blandit tempus porttitor nullam id dolor id nibh ultricies vehicula ut id elit maecenas sed diam eget risus varius blandit sit amet non magna nullam quis risus eget urna mollis ornare vel eu leo donec id elit non mi porta gravida at eget metus ');
INSERT INTO `craft_searchindex` (`elementId`, `attribute`, `fieldId`, `locale`, `keywords`) VALUES ('164', 'slug', '0', 'en_us', ' play ');
INSERT INTO `craft_searchindex` (`elementId`, `attribute`, `fieldId`, `locale`, `keywords`) VALUES ('164', 'title', '0', 'en_us', ' play ');
INSERT INTO `craft_searchindex` (`elementId`, `attribute`, `fieldId`, `locale`, `keywords`) VALUES ('165', 'field', '39', 'en_us', ' play is an experience neato lorem ipsum dolor sit amet consectetur adipiscing elit vivamus sagittis lacus vel augue laoreet rutrum faucibus dolor auctor duis mollis est non commodo luctus nisi erat porttitor ligula eget lacinia odio sem nec elit praesent commodo cursus magna vel scelerisque nisl consectetur et fusce dapibus tellus ac cursus commodo tortor mauris condimentum nibh ut fermentum massa justo sit amet risus cras justo odio dapibus ac facilisis in egestas eget quam fusce dapibus tellus ac cursus commodo tortor mauris condimentum nibh ut fermentum massa justo sit amet risus morbi leo risus porta ac consectetur ac vestibulum at eros lorem ipsum dolor sit amet consectetur adipiscing elit etiam porta sem malesuada magna mollis euismod nulla vitae elit libero a pharetra augue integer posuere erat a ante venenatis dapibus posuere velit aliquet nullam quis risus eget urna mollis ornare vel eu leo ');
INSERT INTO `craft_searchindex` (`elementId`, `attribute`, `fieldId`, `locale`, `keywords`) VALUES ('165', 'slug', '0', 'en_us', '');
INSERT INTO `craft_searchindex` (`elementId`, `attribute`, `fieldId`, `locale`, `keywords`) VALUES ('166', 'field', '43', 'en_us', ' maecenas sed diam eget risus varius blandit sit amet non magna nulla vitae elit libero a pharetra augue vestibulum id ligula porta felis euismod semper cras justo odio dapibus ac facilisis in egestas eget quam vivamus sagittis lacus vel augue laoreet rutrum faucibus dolor auctor ');
INSERT INTO `craft_searchindex` (`elementId`, `attribute`, `fieldId`, `locale`, `keywords`) VALUES ('166', 'field', '44', 'en_us', ' catherine zeta jones ');
INSERT INTO `craft_searchindex` (`elementId`, `attribute`, `fieldId`, `locale`, `keywords`) VALUES ('166', 'field', '45', 'en_us', ' left ');
INSERT INTO `craft_searchindex` (`elementId`, `attribute`, `fieldId`, `locale`, `keywords`) VALUES ('166', 'slug', '0', 'en_us', '');
INSERT INTO `craft_searchindex` (`elementId`, `attribute`, `fieldId`, `locale`, `keywords`) VALUES ('167', 'field', '46', 'en_us', ' playing at icg ');
INSERT INTO `craft_searchindex` (`elementId`, `attribute`, `fieldId`, `locale`, `keywords`) VALUES ('167', 'field', '47', 'en_us', '');
INSERT INTO `craft_searchindex` (`elementId`, `attribute`, `fieldId`, `locale`, `keywords`) VALUES ('167', 'field', '48', 'en_us', ' left ');
INSERT INTO `craft_searchindex` (`elementId`, `attribute`, `fieldId`, `locale`, `keywords`) VALUES ('167', 'slug', '0', 'en_us', '');
INSERT INTO `craft_searchindex` (`elementId`, `attribute`, `fieldId`, `locale`, `keywords`) VALUES ('168', 'field', '65', 'en_us', ' festival of fire and ice gaia the turtle ');
INSERT INTO `craft_searchindex` (`elementId`, `attribute`, `fieldId`, `locale`, `keywords`) VALUES ('168', 'slug', '0', 'en_us', '');
INSERT INTO `craft_searchindex` (`elementId`, `attribute`, `fieldId`, `locale`, `keywords`) VALUES ('169', 'filename', '0', 'en_us', ' jumping jpg ');
INSERT INTO `craft_searchindex` (`elementId`, `attribute`, `fieldId`, `locale`, `keywords`) VALUES ('169', 'extension', '0', 'en_us', ' jpg ');
INSERT INTO `craft_searchindex` (`elementId`, `attribute`, `fieldId`, `locale`, `keywords`) VALUES ('169', 'kind', '0', 'en_us', ' image ');
INSERT INTO `craft_searchindex` (`elementId`, `attribute`, `fieldId`, `locale`, `keywords`) VALUES ('169', 'slug', '0', 'en_us', ' jumping ');
INSERT INTO `craft_searchindex` (`elementId`, `attribute`, `fieldId`, `locale`, `keywords`) VALUES ('169', 'title', '0', 'en_us', ' jumping in the anarchy zone ');
INSERT INTO `craft_searchindex` (`elementId`, `attribute`, `fieldId`, `locale`, `keywords`) VALUES ('170', 'filename', '0', 'en_us', ' looking at bark jpg ');
INSERT INTO `craft_searchindex` (`elementId`, `attribute`, `fieldId`, `locale`, `keywords`) VALUES ('170', 'extension', '0', 'en_us', ' jpg ');
INSERT INTO `craft_searchindex` (`elementId`, `attribute`, `fieldId`, `locale`, `keywords`) VALUES ('170', 'kind', '0', 'en_us', ' image ');
INSERT INTO `craft_searchindex` (`elementId`, `attribute`, `fieldId`, `locale`, `keywords`) VALUES ('170', 'slug', '0', 'en_us', ' looking at bark ');
INSERT INTO `craft_searchindex` (`elementId`, `attribute`, `fieldId`, `locale`, `keywords`) VALUES ('170', 'title', '0', 'en_us', ' curiosity driven bark inspection ');
INSERT INTO `craft_searchindex` (`elementId`, `attribute`, `fieldId`, `locale`, `keywords`) VALUES ('172', 'kind', '0', 'en_us', ' image ');
INSERT INTO `craft_searchindex` (`elementId`, `attribute`, `fieldId`, `locale`, `keywords`) VALUES ('172', 'extension', '0', 'en_us', ' jpg ');
INSERT INTO `craft_searchindex` (`elementId`, `attribute`, `fieldId`, `locale`, `keywords`) VALUES ('172', 'filename', '0', 'en_us', ' on log jpg ');
INSERT INTO `craft_searchindex` (`elementId`, `attribute`, `fieldId`, `locale`, `keywords`) VALUES ('172', 'slug', '0', 'en_us', ' on log ');
INSERT INTO `craft_searchindex` (`elementId`, `attribute`, `fieldId`, `locale`, `keywords`) VALUES ('172', 'title', '0', 'en_us', ' climbing on garden features ');
INSERT INTO `craft_searchindex` (`elementId`, `attribute`, `fieldId`, `locale`, `keywords`) VALUES ('173', 'field', '40', 'en_us', ' jumping in the anarchy zone curiosity driven bark inspection climbing on garden features ');
INSERT INTO `craft_searchindex` (`elementId`, `attribute`, `fieldId`, `locale`, `keywords`) VALUES ('173', 'field', '41', 'en_us', ' play at icg ');
INSERT INTO `craft_searchindex` (`elementId`, `attribute`, `fieldId`, `locale`, `keywords`) VALUES ('173', 'field', '42', 'en_us', ' left ');
INSERT INTO `craft_searchindex` (`elementId`, `attribute`, `fieldId`, `locale`, `keywords`) VALUES ('173', 'slug', '0', 'en_us', '');
INSERT INTO `craft_searchindex` (`elementId`, `attribute`, `fieldId`, `locale`, `keywords`) VALUES ('174', 'field', '36', 'en_us', ' play ');
INSERT INTO `craft_searchindex` (`elementId`, `attribute`, `fieldId`, `locale`, `keywords`) VALUES ('174', 'slug', '0', 'en_us', ' play ');
INSERT INTO `craft_searchindex` (`elementId`, `attribute`, `fieldId`, `locale`, `keywords`) VALUES ('174', 'title', '0', 'en_us', ' play ');
INSERT INTO `craft_searchindex` (`elementId`, `attribute`, `fieldId`, `locale`, `keywords`) VALUES ('168', 'field', '66', 'en_us', ' other programs ');
INSERT INTO `craft_searchindex` (`elementId`, `attribute`, `fieldId`, `locale`, `keywords`) VALUES ('175', 'field', '60', 'en_us', ' some heading aenean lacinia bibendum nulla sed consectetur curabitur blandit tempus porttitor nullam id dolor id nibh ultricies vehicula ut id elit maecenas sed diam eget risus varius blandit sit amet non magna nullam quis risus eget urna mollis ornare vel eu leo donec id elit non mi porta gravida at eget metus ');
INSERT INTO `craft_searchindex` (`elementId`, `attribute`, `fieldId`, `locale`, `keywords`) VALUES ('175', 'slug', '0', 'en_us', '');
INSERT INTO `craft_searchindex` (`elementId`, `attribute`, `fieldId`, `locale`, `keywords`) VALUES ('176', 'field', '39', 'en_us', ' maecenas sed diam eget risus varius blandit sit amet non magna nulla vitae elit libero a pharetra augue vestibulum id ligula porta felis euismod semper cras justo odio dapibus ac facilisis in egestas eget quam vivamus sagittis lacus vel augue laoreet rutrum faucibus dolor auctor vivamus sagittis lacus vel augue laoreet rutrum faucibus dolor auctor integer posuere erat a ante venenatis dapibus posuere velit aliquet donec sed odio dui nulla vitae elit libero a pharetra augue ');
INSERT INTO `craft_searchindex` (`elementId`, `attribute`, `fieldId`, `locale`, `keywords`) VALUES ('176', 'slug', '0', 'en_us', '');
INSERT INTO `craft_searchindex` (`elementId`, `attribute`, `fieldId`, `locale`, `keywords`) VALUES ('177', 'field', '39', 'en_us', ' maecenas sed diam eget risus varius blandit sit amet non magna nulla vitae elit libero a pharetra augue vestibulum id ligula porta felis euismod semper cras justo odio dapibus ac facilisis in egestas eget quam vivamus sagittis lacus vel augue laoreet rutrum faucibus dolor auctor ');
INSERT INTO `craft_searchindex` (`elementId`, `attribute`, `fieldId`, `locale`, `keywords`) VALUES ('177', 'slug', '0', 'en_us', '');
INSERT INTO `craft_searchindex` (`elementId`, `attribute`, `fieldId`, `locale`, `keywords`) VALUES ('178', 'filename', '0', 'en_us', ' whats good ithaca playwork png ');
INSERT INTO `craft_searchindex` (`elementId`, `attribute`, `fieldId`, `locale`, `keywords`) VALUES ('178', 'extension', '0', 'en_us', ' png ');
INSERT INTO `craft_searchindex` (`elementId`, `attribute`, `fieldId`, `locale`, `keywords`) VALUES ('178', 'kind', '0', 'en_us', ' image ');
INSERT INTO `craft_searchindex` (`elementId`, `attribute`, `fieldId`, `locale`, `keywords`) VALUES ('178', 'slug', '0', 'en_us', ' screen shot 2015 01 12 at 11 36 05 pm ');
INSERT INTO `craft_searchindex` (`elementId`, `attribute`, `fieldId`, `locale`, `keywords`) VALUES ('178', 'title', '0', 'en_us', ' what s good ithaca playwork ');
INSERT INTO `craft_searchindex` (`elementId`, `attribute`, `fieldId`, `locale`, `keywords`) VALUES ('179', 'field', '67', 'en_us', ' have you ever wondered what you can do with 1 296 old soda bottles come see icg s greenhouse and find out this unique greenhouse was constructed from hundreds of re used soda bottles its frame is made of locust a naturally rot resistant wood and the bottles are held in with bamboo a renewable building resource this greenhouse is used for hardening off seedlings when they come out of the greenhouse and for children to pot up seedlings in spring to take home even though we call it a greenhouse it is really more of a cold frame because it is unheated and not air tight bottle greenhouse recycled bottle greenhouse bottle greenhouse interior the recycled bottle greenhouse 2010 residents of cornell s keaton house tom brown and locust lumber company ');
INSERT INTO `craft_searchindex` (`elementId`, `attribute`, `fieldId`, `locale`, `keywords`) VALUES ('179', 'field', '72', 'en_us', ' related programs little troll monsters ');
INSERT INTO `craft_searchindex` (`elementId`, `attribute`, `fieldId`, `locale`, `keywords`) VALUES ('179', 'slug', '0', 'en_us', ' recycled bottle greenhouse ');
INSERT INTO `craft_searchindex` (`elementId`, `attribute`, `fieldId`, `locale`, `keywords`) VALUES ('179', 'title', '0', 'en_us', ' recycled bottle greenhouse ');
INSERT INTO `craft_searchindex` (`elementId`, `attribute`, `fieldId`, `locale`, `keywords`) VALUES ('180', 'field', '68', 'en_us', ' have you ever wondered what you can do with 1 296 old soda bottles come see icg s greenhouse and find out ');
INSERT INTO `craft_searchindex` (`elementId`, `attribute`, `fieldId`, `locale`, `keywords`) VALUES ('180', 'slug', '0', 'en_us', '');
INSERT INTO `craft_searchindex` (`elementId`, `attribute`, `fieldId`, `locale`, `keywords`) VALUES ('181', 'field', '69', 'en_us', ' this unique greenhouse was constructed from hundreds of re used soda bottles its frame is made of locust a naturally rot resistant wood and the bottles are held in with bamboo a renewable building resource this greenhouse is used for hardening off seedlings when they come out of the greenhouse and for children to pot up seedlings in spring to take home even though we call it a greenhouse it is really more of a cold frame because it is unheated and not air tight ');
INSERT INTO `craft_searchindex` (`elementId`, `attribute`, `fieldId`, `locale`, `keywords`) VALUES ('181', 'slug', '0', 'en_us', '');
INSERT INTO `craft_searchindex` (`elementId`, `attribute`, `fieldId`, `locale`, `keywords`) VALUES ('182', 'field', '75', 'en_us', ' 2010 residents of cornell s keaton house tom brown and locust lumber company ');
INSERT INTO `craft_searchindex` (`elementId`, `attribute`, `fieldId`, `locale`, `keywords`) VALUES ('182', 'slug', '0', 'en_us', '');
INSERT INTO `craft_searchindex` (`elementId`, `attribute`, `fieldId`, `locale`, `keywords`) VALUES ('183', 'field', '73', 'en_us', ' related programs ');
INSERT INTO `craft_searchindex` (`elementId`, `attribute`, `fieldId`, `locale`, `keywords`) VALUES ('183', 'field', '74', 'en_us', ' little troll monsters ');
INSERT INTO `craft_searchindex` (`elementId`, `attribute`, `fieldId`, `locale`, `keywords`) VALUES ('183', 'slug', '0', 'en_us', '');
INSERT INTO `craft_searchindex` (`elementId`, `attribute`, `fieldId`, `locale`, `keywords`) VALUES ('23', 'field', '67', 'en_us', ' did you know icg is home to a friendly troll whose home is built with straw and a living roof icg s troll house is home to a friendly troll who forages in the hills by day and returns to his cozy home only at night after all the boys and girls are nestled in bed our troll s house is actually a straw bale insulated timber frame structure a perfect example of natural building styles its roof is a green roof which means it is covered in vegetation with the aim of absorbing rainwater increasing insulation and creating a habitat this structure is a feature on icg s green trail and is a well loved hide out and place for gathering small groups of children view of the troll house from across the bioswale troll house parents can sit nearby while children play the troll only comes home at night so feel free to enjoy the cool shade of his home during your visit special thanks to aaron dennis and ej george of tugley wood timberframing lexie hain and marguerite wells of motherplants nursery and all the volunteers who helped build and continue to maintain this magical abode ');
INSERT INTO `craft_searchindex` (`elementId`, `attribute`, `fieldId`, `locale`, `keywords`) VALUES ('23', 'field', '72', 'en_us', '');
INSERT INTO `craft_searchindex` (`elementId`, `attribute`, `fieldId`, `locale`, `keywords`) VALUES ('184', 'field', '70', 'en_us', ' bottle greenhouse recycled bottle greenhouse bottle greenhouse interior ');
INSERT INTO `craft_searchindex` (`elementId`, `attribute`, `fieldId`, `locale`, `keywords`) VALUES ('184', 'field', '71', 'en_us', ' the recycled bottle greenhouse ');
INSERT INTO `craft_searchindex` (`elementId`, `attribute`, `fieldId`, `locale`, `keywords`) VALUES ('184', 'slug', '0', 'en_us', '');
INSERT INTO `craft_searchindex` (`elementId`, `attribute`, `fieldId`, `locale`, `keywords`) VALUES ('185', 'field', '67', 'en_us', ' meet gaia the turtle the larger than life land sculpture who greets visitors at the south entrance to the garden hatched in 2005 gaia has been a landmark favorite play feature and icg s logo ever since why a turtle and wetland habitat garden did you know that every snapping turtle has 13 plates or scutes on its back the snapping turtle s back is a lunar calendar the 13 central shields represent the 13 moons or lunar months in a year the 28 outer shields represent the 28 days in each lunar month cultural heritage many cultures tell wonderful stories about turtles the haudenosaunee iroquois the indigenous peoples of this area used the snapping turtle s back as their calendar to the haudenosaunee the entire world was formed on turtle s back time and seasons are important themes in gardens nature and our own lives learn more about the turtle calendar in joseph burchac s book 13 moons on turtle s back can you find the 13 central scutes and 28 moon plates young friends love to jump off gaia gaia s eye sockets were made with bowling balls natural significance before the inlet was developed in the early 1800 s land along the inlet and icg site were wetland habitats and home to the common snapping turtle and many other animals insects and plants snapping turtles are native to new york state and thrive in the finger lakes region they live in places with slow moving shallow water and lots of plants wetlands are unique ecosystems that are very important to the health of the environment with a wealth of highly specialized plants insects and animals turtles have been around for 230 million years they live for decades and are often a symbol of longevity epf triad foundation bo atkinson ');
INSERT INTO `craft_searchindex` (`elementId`, `attribute`, `fieldId`, `locale`, `keywords`) VALUES ('185', 'field', '72', 'en_us', '');
INSERT INTO `craft_searchindex` (`elementId`, `attribute`, `fieldId`, `locale`, `keywords`) VALUES ('185', 'slug', '0', 'en_us', ' gaia the turtle 1 ');
INSERT INTO `craft_searchindex` (`elementId`, `attribute`, `fieldId`, `locale`, `keywords`) VALUES ('185', 'title', '0', 'en_us', ' gaia the turtle ');
INSERT INTO `craft_searchindex` (`elementId`, `attribute`, `fieldId`, `locale`, `keywords`) VALUES ('186', 'field', '68', 'en_us', ' meet gaia the turtle the larger than life land sculpture who greets visitors at the south entrance to the garden hatched in 2005 gaia has been a landmark favorite play feature and icg s logo ever since ');
INSERT INTO `craft_searchindex` (`elementId`, `attribute`, `fieldId`, `locale`, `keywords`) VALUES ('186', 'slug', '0', 'en_us', '');
INSERT INTO `craft_searchindex` (`elementId`, `attribute`, `fieldId`, `locale`, `keywords`) VALUES ('187', 'field', '69', 'en_us', ' why a turtle and wetland habitat garden did you know that every snapping turtle has 13 plates or scutes on its back the snapping turtle s back is a lunar calendar the 13 central shields represent the 13 moons or lunar months in a year the 28 outer shields represent the 28 days in each lunar month cultural heritage many cultures tell wonderful stories about turtles the haudenosaunee iroquois the indigenous peoples of this area used the snapping turtle s back as their calendar to the haudenosaunee the entire world was formed on turtle s back time and seasons are important themes in gardens nature and our own lives learn more about the turtle calendar in joseph burchac s book 13 moons on turtle s back ');
INSERT INTO `craft_searchindex` (`elementId`, `attribute`, `fieldId`, `locale`, `keywords`) VALUES ('193', 'field', '69', 'en_us', ' natural significance before the inlet was developed in the early 1800 s land along the inlet and icg site were wetland habitats and home to the common snapping turtle and many other animals insects and plants snapping turtles are native to new york state and thrive in the finger lakes region they live in places with slow moving shallow water and lots of plants wetlands are unique ecosystems that are very important to the health of the environment with a wealth of highly specialized plants insects and animals turtles have been around for 230 million years they live for decades and are often a symbol of longevity ');
INSERT INTO `craft_searchindex` (`elementId`, `attribute`, `fieldId`, `locale`, `keywords`) VALUES ('187', 'slug', '0', 'en_us', '');
INSERT INTO `craft_searchindex` (`elementId`, `attribute`, `fieldId`, `locale`, `keywords`) VALUES ('188', 'filename', '0', 'en_us', ' dsc03973 jpg ');
INSERT INTO `craft_searchindex` (`elementId`, `attribute`, `fieldId`, `locale`, `keywords`) VALUES ('188', 'extension', '0', 'en_us', ' jpg ');
INSERT INTO `craft_searchindex` (`elementId`, `attribute`, `fieldId`, `locale`, `keywords`) VALUES ('188', 'kind', '0', 'en_us', ' image ');
INSERT INTO `craft_searchindex` (`elementId`, `attribute`, `fieldId`, `locale`, `keywords`) VALUES ('188', 'slug', '0', 'en_us', ' dsc03973 ');
INSERT INTO `craft_searchindex` (`elementId`, `attribute`, `fieldId`, `locale`, `keywords`) VALUES ('188', 'title', '0', 'en_us', ' can you find the 13 central scutes and 28 moon plates ');
INSERT INTO `craft_searchindex` (`elementId`, `attribute`, `fieldId`, `locale`, `keywords`) VALUES ('189', 'filename', '0', 'en_us', ' img_0145 jpg ');
INSERT INTO `craft_searchindex` (`elementId`, `attribute`, `fieldId`, `locale`, `keywords`) VALUES ('189', 'extension', '0', 'en_us', ' jpg ');
INSERT INTO `craft_searchindex` (`elementId`, `attribute`, `fieldId`, `locale`, `keywords`) VALUES ('189', 'kind', '0', 'en_us', ' image ');
INSERT INTO `craft_searchindex` (`elementId`, `attribute`, `fieldId`, `locale`, `keywords`) VALUES ('189', 'slug', '0', 'en_us', ' img 0145 ');
INSERT INTO `craft_searchindex` (`elementId`, `attribute`, `fieldId`, `locale`, `keywords`) VALUES ('189', 'title', '0', 'en_us', ' young friends love to jump off gaia ');
INSERT INTO `craft_searchindex` (`elementId`, `attribute`, `fieldId`, `locale`, `keywords`) VALUES ('190', 'filename', '0', 'en_us', ' img_0001 jpg ');
INSERT INTO `craft_searchindex` (`elementId`, `attribute`, `fieldId`, `locale`, `keywords`) VALUES ('190', 'extension', '0', 'en_us', ' jpg ');
INSERT INTO `craft_searchindex` (`elementId`, `attribute`, `fieldId`, `locale`, `keywords`) VALUES ('190', 'kind', '0', 'en_us', ' image ');
INSERT INTO `craft_searchindex` (`elementId`, `attribute`, `fieldId`, `locale`, `keywords`) VALUES ('190', 'slug', '0', 'en_us', ' img 0001 ');
INSERT INTO `craft_searchindex` (`elementId`, `attribute`, `fieldId`, `locale`, `keywords`) VALUES ('190', 'title', '0', 'en_us', ' gaia s eye sockets were made with bowling balls ');
INSERT INTO `craft_searchindex` (`elementId`, `attribute`, `fieldId`, `locale`, `keywords`) VALUES ('191', 'field', '70', 'en_us', ' can you find the 13 central scutes and 28 moon plates young friends love to jump off gaia gaia s eye sockets were made with bowling balls ');
INSERT INTO `craft_searchindex` (`elementId`, `attribute`, `fieldId`, `locale`, `keywords`) VALUES ('191', 'field', '71', 'en_us', '');
INSERT INTO `craft_searchindex` (`elementId`, `attribute`, `fieldId`, `locale`, `keywords`) VALUES ('191', 'slug', '0', 'en_us', '');
INSERT INTO `craft_searchindex` (`elementId`, `attribute`, `fieldId`, `locale`, `keywords`) VALUES ('192', 'field', '75', 'en_us', ' epf triad foundation bo atkinson ');
INSERT INTO `craft_searchindex` (`elementId`, `attribute`, `fieldId`, `locale`, `keywords`) VALUES ('192', 'slug', '0', 'en_us', '');
INSERT INTO `craft_searchindex` (`elementId`, `attribute`, `fieldId`, `locale`, `keywords`) VALUES ('194', 'field', '68', 'en_us', ' did you know icg is home to a friendly troll whose home is built with straw and a living roof ');
INSERT INTO `craft_searchindex` (`elementId`, `attribute`, `fieldId`, `locale`, `keywords`) VALUES ('194', 'slug', '0', 'en_us', '');
INSERT INTO `craft_searchindex` (`elementId`, `attribute`, `fieldId`, `locale`, `keywords`) VALUES ('195', 'field', '69', 'en_us', ' icg s troll house is home to a friendly troll who forages in the hills by day and returns to his cozy home only at night after all the boys and girls are nestled in bed our troll s house is actually a straw bale insulated timber frame structure a perfect example of natural building styles its roof is a green roof which means it is covered in vegetation with the aim of absorbing rainwater increasing insulation and creating a habitat this structure is a feature on icg s green trail and is a well loved hide out and place for gathering small groups of children ');
INSERT INTO `craft_searchindex` (`elementId`, `attribute`, `fieldId`, `locale`, `keywords`) VALUES ('195', 'slug', '0', 'en_us', '');
INSERT INTO `craft_searchindex` (`elementId`, `attribute`, `fieldId`, `locale`, `keywords`) VALUES ('196', 'field', '75', 'en_us', ' special thanks to aaron dennis and ej george of tugley wood timberframing lexie hain and marguerite wells of motherplants nursery and all the volunteers who helped build and continue to maintain this magical abode ');
INSERT INTO `craft_searchindex` (`elementId`, `attribute`, `fieldId`, `locale`, `keywords`) VALUES ('196', 'slug', '0', 'en_us', '');
INSERT INTO `craft_searchindex` (`elementId`, `attribute`, `fieldId`, `locale`, `keywords`) VALUES ('197', 'field', '67', 'en_us', ' flap like a bird perch in the bird s nest and explore birds at icg icg s bird garden welcomes children into the bird house where they can flap their wings peer out the birdhouse window dig for delicious worms or perch in the child sized birds nest img 0011 img 0054 img 0056 img 0059 img 2697 a child sized birds nest and beautifully painted birdhouse anchor the bird garden and its diverse plantings children can look for live birds in the garden that match the birds painted on the birdhouse the mural features 17 different bird species including the great blue heron osprey and bald eagle all the birds featured were seen in the garden in may 2011 on an early morning sunrise walk before the rest of the world had woken up sunrise or earlier is a great time to see a different side of icg when the air is alive with a cacophony of nature sounds and the birds are in charge the child sized birdhouse was built by teens as part of our youth horticulture apprentice program in 2010 and painted by artists camille and marika chew in 2011 the beautifully painted birds are adopted as follows ');
INSERT INTO `craft_searchindex` (`elementId`, `attribute`, `fieldId`, `locale`, `keywords`) VALUES ('197', 'field', '72', 'en_us', '');
INSERT INTO `craft_searchindex` (`elementId`, `attribute`, `fieldId`, `locale`, `keywords`) VALUES ('197', 'slug', '0', 'en_us', ' bird garden ');
INSERT INTO `craft_searchindex` (`elementId`, `attribute`, `fieldId`, `locale`, `keywords`) VALUES ('197', 'title', '0', 'en_us', ' bird garden ');
INSERT INTO `craft_searchindex` (`elementId`, `attribute`, `fieldId`, `locale`, `keywords`) VALUES ('198', 'field', '68', 'en_us', ' flap like a bird perch in the bird s nest and explore birds at icg ');
INSERT INTO `craft_searchindex` (`elementId`, `attribute`, `fieldId`, `locale`, `keywords`) VALUES ('198', 'slug', '0', 'en_us', '');
INSERT INTO `craft_searchindex` (`elementId`, `attribute`, `fieldId`, `locale`, `keywords`) VALUES ('199', 'field', '69', 'en_us', ' icg s bird garden welcomes children into the bird house where they can flap their wings peer out the birdhouse window dig for delicious worms or perch in the child sized birds nest ');
INSERT INTO `craft_searchindex` (`elementId`, `attribute`, `fieldId`, `locale`, `keywords`) VALUES ('212', 'field', '69', 'en_us', ' children can look for live birds in the garden that match the birds painted on the birdhouse the mural features 17 different bird species including the great blue heron osprey and bald eagle all the birds featured were seen in the garden in may 2011 on an early morning sunrise walk before the rest of the world had woken up sunrise or earlier is a great time to see a different side of icg when the air is alive with a cacophony of nature sounds and the birds are in charge ');
INSERT INTO `craft_searchindex` (`elementId`, `attribute`, `fieldId`, `locale`, `keywords`) VALUES ('199', 'slug', '0', 'en_us', '');
INSERT INTO `craft_searchindex` (`elementId`, `attribute`, `fieldId`, `locale`, `keywords`) VALUES ('200', 'field', '70', 'en_us', ' img 0011 img 0054 img 0056 img 0059 img 2697 ');
INSERT INTO `craft_searchindex` (`elementId`, `attribute`, `fieldId`, `locale`, `keywords`) VALUES ('200', 'field', '71', 'en_us', ' a child sized birds nest and beautifully painted birdhouse anchor the bird garden and its diverse plantings ');
INSERT INTO `craft_searchindex` (`elementId`, `attribute`, `fieldId`, `locale`, `keywords`) VALUES ('200', 'slug', '0', 'en_us', '');
INSERT INTO `craft_searchindex` (`elementId`, `attribute`, `fieldId`, `locale`, `keywords`) VALUES ('201', 'field', '75', 'en_us', ' the child sized birdhouse was built by teens as part of our youth horticulture apprentice program in 2010 and painted by artists camille and marika chew in 2011 the beautifully painted birds are adopted as follows ');
INSERT INTO `craft_searchindex` (`elementId`, `attribute`, `fieldId`, `locale`, `keywords`) VALUES ('201', 'slug', '0', 'en_us', '');
INSERT INTO `craft_searchindex` (`elementId`, `attribute`, `fieldId`, `locale`, `keywords`) VALUES ('202', 'filename', '0', 'en_us', ' img_0011 jpg ');
INSERT INTO `craft_searchindex` (`elementId`, `attribute`, `fieldId`, `locale`, `keywords`) VALUES ('202', 'extension', '0', 'en_us', ' jpg ');
INSERT INTO `craft_searchindex` (`elementId`, `attribute`, `fieldId`, `locale`, `keywords`) VALUES ('202', 'kind', '0', 'en_us', ' image ');
INSERT INTO `craft_searchindex` (`elementId`, `attribute`, `fieldId`, `locale`, `keywords`) VALUES ('202', 'slug', '0', 'en_us', '');
INSERT INTO `craft_searchindex` (`elementId`, `attribute`, `fieldId`, `locale`, `keywords`) VALUES ('202', 'title', '0', 'en_us', ' img 0011 ');
INSERT INTO `craft_searchindex` (`elementId`, `attribute`, `fieldId`, `locale`, `keywords`) VALUES ('203', 'filename', '0', 'en_us', ' img_0054 jpg ');
INSERT INTO `craft_searchindex` (`elementId`, `attribute`, `fieldId`, `locale`, `keywords`) VALUES ('203', 'extension', '0', 'en_us', ' jpg ');
INSERT INTO `craft_searchindex` (`elementId`, `attribute`, `fieldId`, `locale`, `keywords`) VALUES ('203', 'kind', '0', 'en_us', ' image ');
INSERT INTO `craft_searchindex` (`elementId`, `attribute`, `fieldId`, `locale`, `keywords`) VALUES ('203', 'slug', '0', 'en_us', '');
INSERT INTO `craft_searchindex` (`elementId`, `attribute`, `fieldId`, `locale`, `keywords`) VALUES ('203', 'title', '0', 'en_us', ' img 0054 ');
INSERT INTO `craft_searchindex` (`elementId`, `attribute`, `fieldId`, `locale`, `keywords`) VALUES ('204', 'filename', '0', 'en_us', ' img_0056 jpg ');
INSERT INTO `craft_searchindex` (`elementId`, `attribute`, `fieldId`, `locale`, `keywords`) VALUES ('204', 'extension', '0', 'en_us', ' jpg ');
INSERT INTO `craft_searchindex` (`elementId`, `attribute`, `fieldId`, `locale`, `keywords`) VALUES ('204', 'kind', '0', 'en_us', ' image ');
INSERT INTO `craft_searchindex` (`elementId`, `attribute`, `fieldId`, `locale`, `keywords`) VALUES ('204', 'slug', '0', 'en_us', '');
INSERT INTO `craft_searchindex` (`elementId`, `attribute`, `fieldId`, `locale`, `keywords`) VALUES ('204', 'title', '0', 'en_us', ' img 0056 ');
INSERT INTO `craft_searchindex` (`elementId`, `attribute`, `fieldId`, `locale`, `keywords`) VALUES ('205', 'filename', '0', 'en_us', ' img_0059 jpg ');
INSERT INTO `craft_searchindex` (`elementId`, `attribute`, `fieldId`, `locale`, `keywords`) VALUES ('205', 'extension', '0', 'en_us', ' jpg ');
INSERT INTO `craft_searchindex` (`elementId`, `attribute`, `fieldId`, `locale`, `keywords`) VALUES ('205', 'kind', '0', 'en_us', ' image ');
INSERT INTO `craft_searchindex` (`elementId`, `attribute`, `fieldId`, `locale`, `keywords`) VALUES ('205', 'slug', '0', 'en_us', '');
INSERT INTO `craft_searchindex` (`elementId`, `attribute`, `fieldId`, `locale`, `keywords`) VALUES ('205', 'title', '0', 'en_us', ' img 0059 ');
INSERT INTO `craft_searchindex` (`elementId`, `attribute`, `fieldId`, `locale`, `keywords`) VALUES ('206', 'filename', '0', 'en_us', ' img_2697 jpg ');
INSERT INTO `craft_searchindex` (`elementId`, `attribute`, `fieldId`, `locale`, `keywords`) VALUES ('206', 'extension', '0', 'en_us', ' jpg ');
INSERT INTO `craft_searchindex` (`elementId`, `attribute`, `fieldId`, `locale`, `keywords`) VALUES ('206', 'kind', '0', 'en_us', ' image ');
INSERT INTO `craft_searchindex` (`elementId`, `attribute`, `fieldId`, `locale`, `keywords`) VALUES ('206', 'slug', '0', 'en_us', '');
INSERT INTO `craft_searchindex` (`elementId`, `attribute`, `fieldId`, `locale`, `keywords`) VALUES ('206', 'title', '0', 'en_us', ' img 2697 ');
INSERT INTO `craft_searchindex` (`elementId`, `attribute`, `fieldId`, `locale`, `keywords`) VALUES ('207', 'filename', '0', 'en_us', ' img_0011 jpg ');
INSERT INTO `craft_searchindex` (`elementId`, `attribute`, `fieldId`, `locale`, `keywords`) VALUES ('207', 'extension', '0', 'en_us', ' jpg ');
INSERT INTO `craft_searchindex` (`elementId`, `attribute`, `fieldId`, `locale`, `keywords`) VALUES ('207', 'kind', '0', 'en_us', ' image ');
INSERT INTO `craft_searchindex` (`elementId`, `attribute`, `fieldId`, `locale`, `keywords`) VALUES ('207', 'slug', '0', 'en_us', '');
INSERT INTO `craft_searchindex` (`elementId`, `attribute`, `fieldId`, `locale`, `keywords`) VALUES ('207', 'title', '0', 'en_us', ' img 0011 ');
INSERT INTO `craft_searchindex` (`elementId`, `attribute`, `fieldId`, `locale`, `keywords`) VALUES ('208', 'filename', '0', 'en_us', ' img_0054 jpg ');
INSERT INTO `craft_searchindex` (`elementId`, `attribute`, `fieldId`, `locale`, `keywords`) VALUES ('208', 'extension', '0', 'en_us', ' jpg ');
INSERT INTO `craft_searchindex` (`elementId`, `attribute`, `fieldId`, `locale`, `keywords`) VALUES ('208', 'kind', '0', 'en_us', ' image ');
INSERT INTO `craft_searchindex` (`elementId`, `attribute`, `fieldId`, `locale`, `keywords`) VALUES ('208', 'slug', '0', 'en_us', '');
INSERT INTO `craft_searchindex` (`elementId`, `attribute`, `fieldId`, `locale`, `keywords`) VALUES ('208', 'title', '0', 'en_us', ' img 0054 ');
INSERT INTO `craft_searchindex` (`elementId`, `attribute`, `fieldId`, `locale`, `keywords`) VALUES ('209', 'filename', '0', 'en_us', ' img_0056 jpg ');
INSERT INTO `craft_searchindex` (`elementId`, `attribute`, `fieldId`, `locale`, `keywords`) VALUES ('209', 'extension', '0', 'en_us', ' jpg ');
INSERT INTO `craft_searchindex` (`elementId`, `attribute`, `fieldId`, `locale`, `keywords`) VALUES ('209', 'kind', '0', 'en_us', ' image ');
INSERT INTO `craft_searchindex` (`elementId`, `attribute`, `fieldId`, `locale`, `keywords`) VALUES ('209', 'slug', '0', 'en_us', '');
INSERT INTO `craft_searchindex` (`elementId`, `attribute`, `fieldId`, `locale`, `keywords`) VALUES ('209', 'title', '0', 'en_us', ' img 0056 ');
INSERT INTO `craft_searchindex` (`elementId`, `attribute`, `fieldId`, `locale`, `keywords`) VALUES ('210', 'filename', '0', 'en_us', ' img_0059 jpg ');
INSERT INTO `craft_searchindex` (`elementId`, `attribute`, `fieldId`, `locale`, `keywords`) VALUES ('210', 'extension', '0', 'en_us', ' jpg ');
INSERT INTO `craft_searchindex` (`elementId`, `attribute`, `fieldId`, `locale`, `keywords`) VALUES ('210', 'kind', '0', 'en_us', ' image ');
INSERT INTO `craft_searchindex` (`elementId`, `attribute`, `fieldId`, `locale`, `keywords`) VALUES ('210', 'slug', '0', 'en_us', '');
INSERT INTO `craft_searchindex` (`elementId`, `attribute`, `fieldId`, `locale`, `keywords`) VALUES ('210', 'title', '0', 'en_us', ' img 0059 ');
INSERT INTO `craft_searchindex` (`elementId`, `attribute`, `fieldId`, `locale`, `keywords`) VALUES ('211', 'filename', '0', 'en_us', ' img_2697 jpg ');
INSERT INTO `craft_searchindex` (`elementId`, `attribute`, `fieldId`, `locale`, `keywords`) VALUES ('211', 'extension', '0', 'en_us', ' jpg ');
INSERT INTO `craft_searchindex` (`elementId`, `attribute`, `fieldId`, `locale`, `keywords`) VALUES ('211', 'kind', '0', 'en_us', ' image ');
INSERT INTO `craft_searchindex` (`elementId`, `attribute`, `fieldId`, `locale`, `keywords`) VALUES ('211', 'slug', '0', 'en_us', '');
INSERT INTO `craft_searchindex` (`elementId`, `attribute`, `fieldId`, `locale`, `keywords`) VALUES ('211', 'title', '0', 'en_us', ' img 2697 ');
INSERT INTO `craft_searchindex` (`elementId`, `attribute`, `fieldId`, `locale`, `keywords`) VALUES ('212', 'slug', '0', 'en_us', '');
INSERT INTO `craft_searchindex` (`elementId`, `attribute`, `fieldId`, `locale`, `keywords`) VALUES ('213', 'filename', '0', 'en_us', ' bottle greenhouse jpg ');
INSERT INTO `craft_searchindex` (`elementId`, `attribute`, `fieldId`, `locale`, `keywords`) VALUES ('213', 'extension', '0', 'en_us', ' jpg ');
INSERT INTO `craft_searchindex` (`elementId`, `attribute`, `fieldId`, `locale`, `keywords`) VALUES ('213', 'kind', '0', 'en_us', ' image ');
INSERT INTO `craft_searchindex` (`elementId`, `attribute`, `fieldId`, `locale`, `keywords`) VALUES ('213', 'slug', '0', 'en_us', '');
INSERT INTO `craft_searchindex` (`elementId`, `attribute`, `fieldId`, `locale`, `keywords`) VALUES ('213', 'title', '0', 'en_us', ' bottle greenhouse ');
INSERT INTO `craft_searchindex` (`elementId`, `attribute`, `fieldId`, `locale`, `keywords`) VALUES ('214', 'filename', '0', 'en_us', ' bottle greenhouse2 png ');
INSERT INTO `craft_searchindex` (`elementId`, `attribute`, `fieldId`, `locale`, `keywords`) VALUES ('214', 'extension', '0', 'en_us', ' png ');
INSERT INTO `craft_searchindex` (`elementId`, `attribute`, `fieldId`, `locale`, `keywords`) VALUES ('214', 'kind', '0', 'en_us', ' image ');
INSERT INTO `craft_searchindex` (`elementId`, `attribute`, `fieldId`, `locale`, `keywords`) VALUES ('214', 'slug', '0', 'en_us', ' screen shot 2015 01 18 at 9 19 53 pm ');
INSERT INTO `craft_searchindex` (`elementId`, `attribute`, `fieldId`, `locale`, `keywords`) VALUES ('214', 'title', '0', 'en_us', ' recycled bottle greenhouse ');
INSERT INTO `craft_searchindex` (`elementId`, `attribute`, `fieldId`, `locale`, `keywords`) VALUES ('215', 'filename', '0', 'en_us', ' screen shot 2015 01 19 at 8 27 22 pm png ');
INSERT INTO `craft_searchindex` (`elementId`, `attribute`, `fieldId`, `locale`, `keywords`) VALUES ('215', 'extension', '0', 'en_us', ' png ');
INSERT INTO `craft_searchindex` (`elementId`, `attribute`, `fieldId`, `locale`, `keywords`) VALUES ('215', 'kind', '0', 'en_us', ' image ');
INSERT INTO `craft_searchindex` (`elementId`, `attribute`, `fieldId`, `locale`, `keywords`) VALUES ('215', 'slug', '0', 'en_us', ' screen shot 2015 01 19 at 8 27 22 pm ');
INSERT INTO `craft_searchindex` (`elementId`, `attribute`, `fieldId`, `locale`, `keywords`) VALUES ('215', 'title', '0', 'en_us', ' bottle greenhouse interior ');
INSERT INTO `craft_searchindex` (`elementId`, `attribute`, `fieldId`, `locale`, `keywords`) VALUES ('216', 'filename', '0', 'en_us', ' img_1602 jpg ');
INSERT INTO `craft_searchindex` (`elementId`, `attribute`, `fieldId`, `locale`, `keywords`) VALUES ('216', 'extension', '0', 'en_us', ' jpg ');
INSERT INTO `craft_searchindex` (`elementId`, `attribute`, `fieldId`, `locale`, `keywords`) VALUES ('216', 'kind', '0', 'en_us', ' image ');
INSERT INTO `craft_searchindex` (`elementId`, `attribute`, `fieldId`, `locale`, `keywords`) VALUES ('216', 'slug', '0', 'en_us', ' img 1602 ');
INSERT INTO `craft_searchindex` (`elementId`, `attribute`, `fieldId`, `locale`, `keywords`) VALUES ('216', 'title', '0', 'en_us', ' view of the troll house from across the bioswale ');
INSERT INTO `craft_searchindex` (`elementId`, `attribute`, `fieldId`, `locale`, `keywords`) VALUES ('217', 'filename', '0', 'en_us', ' screen shot 2015 01 18 at 9 19 53 pm png ');
INSERT INTO `craft_searchindex` (`elementId`, `attribute`, `fieldId`, `locale`, `keywords`) VALUES ('217', 'extension', '0', 'en_us', ' png ');
INSERT INTO `craft_searchindex` (`elementId`, `attribute`, `fieldId`, `locale`, `keywords`) VALUES ('217', 'kind', '0', 'en_us', ' image ');
INSERT INTO `craft_searchindex` (`elementId`, `attribute`, `fieldId`, `locale`, `keywords`) VALUES ('217', 'slug', '0', 'en_us', '');
INSERT INTO `craft_searchindex` (`elementId`, `attribute`, `fieldId`, `locale`, `keywords`) VALUES ('217', 'title', '0', 'en_us', ' screen shot 2015 01 18 at 9 19 53 pm ');
INSERT INTO `craft_searchindex` (`elementId`, `attribute`, `fieldId`, `locale`, `keywords`) VALUES ('218', 'filename', '0', 'en_us', ' img_0313 jpg ');
INSERT INTO `craft_searchindex` (`elementId`, `attribute`, `fieldId`, `locale`, `keywords`) VALUES ('218', 'extension', '0', 'en_us', ' jpg ');
INSERT INTO `craft_searchindex` (`elementId`, `attribute`, `fieldId`, `locale`, `keywords`) VALUES ('218', 'kind', '0', 'en_us', ' image ');
INSERT INTO `craft_searchindex` (`elementId`, `attribute`, `fieldId`, `locale`, `keywords`) VALUES ('218', 'slug', '0', 'en_us', ' img 0313 ');
INSERT INTO `craft_searchindex` (`elementId`, `attribute`, `fieldId`, `locale`, `keywords`) VALUES ('218', 'title', '0', 'en_us', ' troll house ');
INSERT INTO `craft_searchindex` (`elementId`, `attribute`, `fieldId`, `locale`, `keywords`) VALUES ('220', 'filename', '0', 'en_us', ' img_4365 jpg ');
INSERT INTO `craft_searchindex` (`elementId`, `attribute`, `fieldId`, `locale`, `keywords`) VALUES ('220', 'extension', '0', 'en_us', ' jpg ');
INSERT INTO `craft_searchindex` (`elementId`, `attribute`, `fieldId`, `locale`, `keywords`) VALUES ('220', 'kind', '0', 'en_us', ' image ');
INSERT INTO `craft_searchindex` (`elementId`, `attribute`, `fieldId`, `locale`, `keywords`) VALUES ('220', 'slug', '0', 'en_us', ' img 4365 ');
INSERT INTO `craft_searchindex` (`elementId`, `attribute`, `fieldId`, `locale`, `keywords`) VALUES ('220', 'title', '0', 'en_us', ' parents can sit nearby while children play ');
INSERT INTO `craft_searchindex` (`elementId`, `attribute`, `fieldId`, `locale`, `keywords`) VALUES ('221', 'field', '70', 'en_us', ' view of the troll house from across the bioswale troll house parents can sit nearby while children play ');
INSERT INTO `craft_searchindex` (`elementId`, `attribute`, `fieldId`, `locale`, `keywords`) VALUES ('221', 'field', '71', 'en_us', ' the troll only comes home at night so feel free to enjoy the cool shade of his home during your visit ');
INSERT INTO `craft_searchindex` (`elementId`, `attribute`, `fieldId`, `locale`, `keywords`) VALUES ('221', 'slug', '0', 'en_us', '');
INSERT INTO `craft_searchindex` (`elementId`, `attribute`, `fieldId`, `locale`, `keywords`) VALUES ('222', 'filename', '0', 'en_us', ' img_0009 jpg ');
INSERT INTO `craft_searchindex` (`elementId`, `attribute`, `fieldId`, `locale`, `keywords`) VALUES ('222', 'extension', '0', 'en_us', ' jpg ');
INSERT INTO `craft_searchindex` (`elementId`, `attribute`, `fieldId`, `locale`, `keywords`) VALUES ('222', 'kind', '0', 'en_us', ' image ');
INSERT INTO `craft_searchindex` (`elementId`, `attribute`, `fieldId`, `locale`, `keywords`) VALUES ('222', 'slug', '0', 'en_us', ' img 0009 ');
INSERT INTO `craft_searchindex` (`elementId`, `attribute`, `fieldId`, `locale`, `keywords`) VALUES ('222', 'title', '0', 'en_us', ' visitors are encouraged to take their time and look closely ');
INSERT INTO `craft_searchindex` (`elementId`, `attribute`, `fieldId`, `locale`, `keywords`) VALUES ('223', 'field', '67', 'en_us', ' do you sometimes like to follow a path to see where it will lead come into the wildflower meadow exit the main path and embark on a journey into a natural meadow full of flowers rushes chicory with statuesque ironweed and false indigo standing at the entrance during certain times of year the wildflower meadow connects the bird garden wetlands and cherry guild at the south end of the enchanted edible forest garden after you visit gaia take the secret pathway down through the bioswale behind the bird house and enter the wildflower meadow on your way to the boardwalk see what kinds of creatures and plants live there visitors are encouraged to take their time and look closely planted and developed in 2006 2007 with principle funding from ithaca garden club ');
INSERT INTO `craft_searchindex` (`elementId`, `attribute`, `fieldId`, `locale`, `keywords`) VALUES ('223', 'field', '72', 'en_us', '');
INSERT INTO `craft_searchindex` (`elementId`, `attribute`, `fieldId`, `locale`, `keywords`) VALUES ('223', 'slug', '0', 'en_us', ' wildflower meadow ');
INSERT INTO `craft_searchindex` (`elementId`, `attribute`, `fieldId`, `locale`, `keywords`) VALUES ('223', 'title', '0', 'en_us', ' wildflower meadow ');
INSERT INTO `craft_searchindex` (`elementId`, `attribute`, `fieldId`, `locale`, `keywords`) VALUES ('224', 'field', '68', 'en_us', ' do you sometimes like to follow a path to see where it will lead ');
INSERT INTO `craft_searchindex` (`elementId`, `attribute`, `fieldId`, `locale`, `keywords`) VALUES ('224', 'slug', '0', 'en_us', '');
INSERT INTO `craft_searchindex` (`elementId`, `attribute`, `fieldId`, `locale`, `keywords`) VALUES ('225', 'field', '69', 'en_us', ' come into the wildflower meadow exit the main path and embark on a journey into a natural meadow full of flowers rushes chicory with statuesque ironweed and false indigo standing at the entrance during certain times of year the wildflower meadow connects the bird garden wetlands and cherry guild at the south end of the enchanted edible forest garden after you visit gaia take the secret pathway down through the bioswale behind the bird house and enter the wildflower meadow on your way to the boardwalk see what kinds of creatures and plants live there ');
INSERT INTO `craft_searchindex` (`elementId`, `attribute`, `fieldId`, `locale`, `keywords`) VALUES ('225', 'slug', '0', 'en_us', '');
INSERT INTO `craft_searchindex` (`elementId`, `attribute`, `fieldId`, `locale`, `keywords`) VALUES ('226', 'field', '70', 'en_us', ' visitors are encouraged to take their time and look closely ');
INSERT INTO `craft_searchindex` (`elementId`, `attribute`, `fieldId`, `locale`, `keywords`) VALUES ('226', 'field', '71', 'en_us', '');
INSERT INTO `craft_searchindex` (`elementId`, `attribute`, `fieldId`, `locale`, `keywords`) VALUES ('226', 'slug', '0', 'en_us', '');
INSERT INTO `craft_searchindex` (`elementId`, `attribute`, `fieldId`, `locale`, `keywords`) VALUES ('227', 'field', '75', 'en_us', ' planted and developed in 2006 2007 with principle funding from ithaca garden club ');
INSERT INTO `craft_searchindex` (`elementId`, `attribute`, `fieldId`, `locale`, `keywords`) VALUES ('227', 'slug', '0', 'en_us', '');
INSERT INTO `craft_searchindex` (`elementId`, `attribute`, `fieldId`, `locale`, `keywords`) VALUES ('228', 'filename', '0', 'en_us', ' img_0117 jpg ');
INSERT INTO `craft_searchindex` (`elementId`, `attribute`, `fieldId`, `locale`, `keywords`) VALUES ('228', 'extension', '0', 'en_us', ' jpg ');
INSERT INTO `craft_searchindex` (`elementId`, `attribute`, `fieldId`, `locale`, `keywords`) VALUES ('228', 'kind', '0', 'en_us', ' image ');
INSERT INTO `craft_searchindex` (`elementId`, `attribute`, `fieldId`, `locale`, `keywords`) VALUES ('228', 'slug', '0', 'en_us', ' img 0117 ');
INSERT INTO `craft_searchindex` (`elementId`, `attribute`, `fieldId`, `locale`, `keywords`) VALUES ('228', 'title', '0', 'en_us', ' crops are planted throughout the growing season ');
INSERT INTO `craft_searchindex` (`elementId`, `attribute`, `fieldId`, `locale`, `keywords`) VALUES ('229', 'filename', '0', 'en_us', ' img_0126 jpg ');
INSERT INTO `craft_searchindex` (`elementId`, `attribute`, `fieldId`, `locale`, `keywords`) VALUES ('229', 'extension', '0', 'en_us', ' jpg ');
INSERT INTO `craft_searchindex` (`elementId`, `attribute`, `fieldId`, `locale`, `keywords`) VALUES ('229', 'kind', '0', 'en_us', ' image ');
INSERT INTO `craft_searchindex` (`elementId`, `attribute`, `fieldId`, `locale`, `keywords`) VALUES ('229', 'slug', '0', 'en_us', ' img 0126 ');
INSERT INTO `craft_searchindex` (`elementId`, `attribute`, `fieldId`, `locale`, `keywords`) VALUES ('229', 'title', '0', 'en_us', ' wide pathways allow easy access for strollers and wheelchairs ');
INSERT INTO `craft_searchindex` (`elementId`, `attribute`, `fieldId`, `locale`, `keywords`) VALUES ('230', 'filename', '0', 'en_us', ' img_0469 jpg ');
INSERT INTO `craft_searchindex` (`elementId`, `attribute`, `fieldId`, `locale`, `keywords`) VALUES ('230', 'extension', '0', 'en_us', ' jpg ');
INSERT INTO `craft_searchindex` (`elementId`, `attribute`, `fieldId`, `locale`, `keywords`) VALUES ('230', 'kind', '0', 'en_us', ' image ');
INSERT INTO `craft_searchindex` (`elementId`, `attribute`, `fieldId`, `locale`, `keywords`) VALUES ('230', 'slug', '0', 'en_us', ' img 0469 ');
INSERT INTO `craft_searchindex` (`elementId`, `attribute`, `fieldId`, `locale`, `keywords`) VALUES ('230', 'title', '0', 'en_us', ' have a seat under our kiwi vine pergola ');
INSERT INTO `craft_searchindex` (`elementId`, `attribute`, `fieldId`, `locale`, `keywords`) VALUES ('231', 'filename', '0', 'en_us', ' img_2826 jpg ');
INSERT INTO `craft_searchindex` (`elementId`, `attribute`, `fieldId`, `locale`, `keywords`) VALUES ('231', 'extension', '0', 'en_us', ' jpg ');
INSERT INTO `craft_searchindex` (`elementId`, `attribute`, `fieldId`, `locale`, `keywords`) VALUES ('231', 'kind', '0', 'en_us', ' image ');
INSERT INTO `craft_searchindex` (`elementId`, `attribute`, `fieldId`, `locale`, `keywords`) VALUES ('231', 'slug', '0', 'en_us', ' img 2826 ');
INSERT INTO `craft_searchindex` (`elementId`, `attribute`, `fieldId`, `locale`, `keywords`) VALUES ('231', 'title', '0', 'en_us', ' all kinds of things grow in icg s kitchen garden ');
INSERT INTO `craft_searchindex` (`elementId`, `attribute`, `fieldId`, `locale`, `keywords`) VALUES ('232', 'filename', '0', 'en_us', ' img_3254 jpg ');
INSERT INTO `craft_searchindex` (`elementId`, `attribute`, `fieldId`, `locale`, `keywords`) VALUES ('232', 'extension', '0', 'en_us', ' jpg ');
INSERT INTO `craft_searchindex` (`elementId`, `attribute`, `fieldId`, `locale`, `keywords`) VALUES ('232', 'kind', '0', 'en_us', ' image ');
INSERT INTO `craft_searchindex` (`elementId`, `attribute`, `fieldId`, `locale`, `keywords`) VALUES ('232', 'slug', '0', 'en_us', ' img 3254 ');
INSERT INTO `craft_searchindex` (`elementId`, `attribute`, `fieldId`, `locale`, `keywords`) VALUES ('232', 'title', '0', 'en_us', ' take a peek at the fruit growing on our espaliered trees ');
INSERT INTO `craft_searchindex` (`elementId`, `attribute`, `fieldId`, `locale`, `keywords`) VALUES ('233', 'filename', '0', 'en_us', ' img_3368 jpg ');
INSERT INTO `craft_searchindex` (`elementId`, `attribute`, `fieldId`, `locale`, `keywords`) VALUES ('233', 'extension', '0', 'en_us', ' jpg ');
INSERT INTO `craft_searchindex` (`elementId`, `attribute`, `fieldId`, `locale`, `keywords`) VALUES ('233', 'kind', '0', 'en_us', ' image ');
INSERT INTO `craft_searchindex` (`elementId`, `attribute`, `fieldId`, `locale`, `keywords`) VALUES ('233', 'slug', '0', 'en_us', ' img 3368 ');
INSERT INTO `craft_searchindex` (`elementId`, `attribute`, `fieldId`, `locale`, `keywords`) VALUES ('233', 'title', '0', 'en_us', ' welcome to the kitchen garden ');
INSERT INTO `craft_searchindex` (`elementId`, `attribute`, `fieldId`, `locale`, `keywords`) VALUES ('234', 'field', '67', 'en_us', ' who knew growing food could be this fun welcome to the kitchen garden the locust pergola in the kitchen garden is designed with 4 wheelchair accessible raised beds planted with different herbs flowers and vegetables each season and benches for seating under the structure the pergola supports hardi kiwi vines that provide shade to visitors look up and see the top bar honey bee hive with viewing window wide pathways allow easy access for strollers and wheelchairs crops are planted throughout the growing season have a seat under our kiwi vine pergola all kinds of things grow in icg s kitchen garden take a peek at the fruit growing on our espaliered trees welcome to the kitchen garden the world of growing food is yours to explore ');
INSERT INTO `craft_searchindex` (`elementId`, `attribute`, `fieldId`, `locale`, `keywords`) VALUES ('234', 'field', '72', 'en_us', '');
INSERT INTO `craft_searchindex` (`elementId`, `attribute`, `fieldId`, `locale`, `keywords`) VALUES ('234', 'slug', '0', 'en_us', ' kitchen garden ');
INSERT INTO `craft_searchindex` (`elementId`, `attribute`, `fieldId`, `locale`, `keywords`) VALUES ('234', 'title', '0', 'en_us', ' kitchen garden ');
INSERT INTO `craft_searchindex` (`elementId`, `attribute`, `fieldId`, `locale`, `keywords`) VALUES ('235', 'field', '68', 'en_us', ' who knew growing food could be this fun ');
INSERT INTO `craft_searchindex` (`elementId`, `attribute`, `fieldId`, `locale`, `keywords`) VALUES ('235', 'slug', '0', 'en_us', '');
INSERT INTO `craft_searchindex` (`elementId`, `attribute`, `fieldId`, `locale`, `keywords`) VALUES ('236', 'field', '69', 'en_us', ' welcome to the kitchen garden the locust pergola in the kitchen garden is designed with 4 wheelchair accessible raised beds planted with different herbs flowers and vegetables each season and benches for seating under the structure the pergola supports hardi kiwi vines that provide shade to visitors look up and see the top bar honey bee hive with viewing window ');
INSERT INTO `craft_searchindex` (`elementId`, `attribute`, `fieldId`, `locale`, `keywords`) VALUES ('236', 'slug', '0', 'en_us', '');
INSERT INTO `craft_searchindex` (`elementId`, `attribute`, `fieldId`, `locale`, `keywords`) VALUES ('237', 'field', '70', 'en_us', ' wide pathways allow easy access for strollers and wheelchairs crops are planted throughout the growing season have a seat under our kiwi vine pergola all kinds of things grow in icg s kitchen garden take a peek at the fruit growing on our espaliered trees welcome to the kitchen garden ');
INSERT INTO `craft_searchindex` (`elementId`, `attribute`, `fieldId`, `locale`, `keywords`) VALUES ('237', 'field', '71', 'en_us', ' the world of growing food is yours to explore ');
INSERT INTO `craft_searchindex` (`elementId`, `attribute`, `fieldId`, `locale`, `keywords`) VALUES ('237', 'slug', '0', 'en_us', '');



DROP TABLE IF EXISTS `craft_sections`;


--
-- Schema for table `craft_sections`
--
CREATE TABLE `craft_sections` (
  `id` int(11) NOT NULL AUTO_INCREMENT,
  `structureId` int(11) DEFAULT NULL,
  `name` varchar(255) COLLATE utf8_unicode_ci NOT NULL,
  `handle` varchar(255) COLLATE utf8_unicode_ci NOT NULL,
  `type` enum('single','channel','structure') COLLATE utf8_unicode_ci NOT NULL DEFAULT 'channel',
  `hasUrls` tinyint(1) unsigned NOT NULL DEFAULT '1',
  `template` varchar(500) COLLATE utf8_unicode_ci DEFAULT NULL,
  `enableVersioning` tinyint(1) unsigned NOT NULL DEFAULT '0',
  `dateCreated` datetime NOT NULL,
  `dateUpdated` datetime NOT NULL,
  `uid` char(36) COLLATE utf8_unicode_ci NOT NULL DEFAULT '0',
  PRIMARY KEY (`id`),
  UNIQUE KEY `craft_sections_name_unq_idx` (`name`),
  UNIQUE KEY `craft_sections_handle_unq_idx` (`handle`),
  KEY `craft_sections_structureId_fk` (`structureId`)
) ENGINE=InnoDB AUTO_INCREMENT=11 DEFAULT CHARSET=utf8 COLLATE=utf8_unicode_ci;

--
-- Data for table `craft_sections`
--

INSERT INTO `craft_sections` (`id`, `structureId`, `name`, `handle`, `type`, `hasUrls`, `template`, `enableVersioning`, `dateCreated`, `dateUpdated`, `uid`) VALUES ('1', NULL, 'Homepage', 'homepage', 'single', '1', 'index', '1', '2014-11-26 00:20:30', '2014-11-26 00:20:30', '0a9f4e33-75bd-404d-ac25-f5451b4eac25');
INSERT INTO `craft_sections` (`id`, `structureId`, `name`, `handle`, `type`, `hasUrls`, `template`, `enableVersioning`, `dateCreated`, `dateUpdated`, `uid`) VALUES ('2', NULL, 'News', 'news', 'channel', '1', 'news/_entry', '1', '2014-11-26 00:20:30', '2014-11-26 00:20:30', '38b0d031-416a-45ca-8efc-d70d6d16496b');
INSERT INTO `craft_sections` (`id`, `structureId`, `name`, `handle`, `type`, `hasUrls`, `template`, `enableVersioning`, `dateCreated`, `dateUpdated`, `uid`) VALUES ('4', NULL, 'Gardens Feature', 'gardens', 'channel', '1', 'gardens/_entry', '1', '2014-12-27 04:42:25', '2015-01-19 02:08:36', 'c70ad06d-70d7-42be-8c2a-a7cbadc42555');
INSERT INTO `craft_sections` (`id`, `structureId`, `name`, `handle`, `type`, `hasUrls`, `template`, `enableVersioning`, `dateCreated`, `dateUpdated`, `uid`) VALUES ('5', NULL, 'Programs and Events', 'programs', 'channel', '1', 'programs/_entry', '1', '2014-12-31 17:58:43', '2015-01-04 15:44:17', '515bb50e-ae44-4dc2-a13f-7cccd6594cdd');
INSERT INTO `craft_sections` (`id`, `structureId`, `name`, `handle`, `type`, `hasUrls`, `template`, `enableVersioning`, `dateCreated`, `dateUpdated`, `uid`) VALUES ('6', '3', 'Related Program and Event Dates', 'dates', 'structure', '1', 'dates/_entry', '1', '2015-01-02 18:38:13', '2015-01-04 15:44:36', '7cce2fb1-003b-4b3d-add1-df284b03f0a7');
INSERT INTO `craft_sections` (`id`, `structureId`, `name`, `handle`, `type`, `hasUrls`, `template`, `enableVersioning`, `dateCreated`, `dateUpdated`, `uid`) VALUES ('7', '4', 'Featured Link Blocks', 'featuredLinkBlocks', 'structure', '1', 'featured-link-blocks/_entry', '1', '2015-01-03 02:45:51', '2015-01-03 02:59:55', '4f01159f-f57e-41bb-ab17-d296102b1208');
INSERT INTO `craft_sections` (`id`, `structureId`, `name`, `handle`, `type`, `hasUrls`, `template`, `enableVersioning`, `dateCreated`, `dateUpdated`, `uid`) VALUES ('8', '5', 'Main Navigation', 'mainNavigation', 'structure', '1', 'main-navigation/_entry', '1', '2015-01-03 06:05:03', '2015-01-03 06:05:03', '11db78fb-4bce-41f7-ba11-a60ef992e09d');
INSERT INTO `craft_sections` (`id`, `structureId`, `name`, `handle`, `type`, `hasUrls`, `template`, `enableVersioning`, `dateCreated`, `dateUpdated`, `uid`) VALUES ('9', '6', 'SinglePage', 'singlepage', 'structure', '1', 'singlepage/_entry', '1', '2015-01-03 15:33:21', '2015-01-03 21:52:29', '4a118b9f-1174-439b-94a2-39cd8a35d910');
INSERT INTO `craft_sections` (`id`, `structureId`, `name`, `handle`, `type`, `hasUrls`, `template`, `enableVersioning`, `dateCreated`, `dateUpdated`, `uid`) VALUES ('10', NULL, 'Panos', 'panos', 'channel', '1', 'panos/_entry', '1', '2015-01-11 21:31:51', '2015-01-11 21:31:51', '2ecc3fbc-98ae-44b7-b4ac-2678198e9362');



DROP TABLE IF EXISTS `craft_sections_i18n`;


--
-- Schema for table `craft_sections_i18n`
--
CREATE TABLE `craft_sections_i18n` (
  `id` int(11) NOT NULL AUTO_INCREMENT,
  `sectionId` int(11) NOT NULL,
  `locale` char(12) COLLATE utf8_unicode_ci NOT NULL,
  `enabledByDefault` tinyint(1) unsigned NOT NULL DEFAULT '1',
  `urlFormat` varchar(255) COLLATE utf8_unicode_ci DEFAULT NULL,
  `nestedUrlFormat` varchar(255) COLLATE utf8_unicode_ci DEFAULT NULL,
  `dateCreated` datetime NOT NULL,
  `dateUpdated` datetime NOT NULL,
  `uid` char(36) COLLATE utf8_unicode_ci NOT NULL DEFAULT '0',
  PRIMARY KEY (`id`),
  UNIQUE KEY `craft_sections_i18n_sectionId_locale_unq_idx` (`sectionId`,`locale`),
  KEY `craft_sections_i18n_locale_fk` (`locale`)
) ENGINE=InnoDB AUTO_INCREMENT=11 DEFAULT CHARSET=utf8 COLLATE=utf8_unicode_ci;

--
-- Data for table `craft_sections_i18n`
--

INSERT INTO `craft_sections_i18n` (`id`, `sectionId`, `locale`, `enabledByDefault`, `urlFormat`, `nestedUrlFormat`, `dateCreated`, `dateUpdated`, `uid`) VALUES ('1', '1', 'en_us', '1', '__home__', NULL, '2014-11-26 00:20:30', '2014-11-26 00:20:30', '8c778406-4435-48dc-ae77-ac1620e32630');
INSERT INTO `craft_sections_i18n` (`id`, `sectionId`, `locale`, `enabledByDefault`, `urlFormat`, `nestedUrlFormat`, `dateCreated`, `dateUpdated`, `uid`) VALUES ('2', '2', 'en_us', '1', 'news/{postDate.year}/{slug}', NULL, '2014-11-26 00:20:30', '2014-11-26 00:20:30', '72d39a09-293e-4e1e-85c5-9087e77d995b');
INSERT INTO `craft_sections_i18n` (`id`, `sectionId`, `locale`, `enabledByDefault`, `urlFormat`, `nestedUrlFormat`, `dateCreated`, `dateUpdated`, `uid`) VALUES ('4', '4', 'en_us', '0', 'gardens/{slug}', NULL, '2014-12-27 04:42:25', '2015-01-19 02:04:08', '3090f378-d889-448e-8ac6-8c2204e18e29');
INSERT INTO `craft_sections_i18n` (`id`, `sectionId`, `locale`, `enabledByDefault`, `urlFormat`, `nestedUrlFormat`, `dateCreated`, `dateUpdated`, `uid`) VALUES ('5', '5', 'en_us', '0', 'programs/{slug}', NULL, '2014-12-31 17:58:43', '2014-12-31 17:58:43', '2086ae4d-ece6-4d39-bf85-8cbc9c5d1c99');
INSERT INTO `craft_sections_i18n` (`id`, `sectionId`, `locale`, `enabledByDefault`, `urlFormat`, `nestedUrlFormat`, `dateCreated`, `dateUpdated`, `uid`) VALUES ('6', '6', 'en_us', '0', 'dates/{slug}', '{parent.uri}/{slug}', '2015-01-02 18:38:13', '2015-01-02 18:44:24', '485c5b85-4254-45ac-b8b1-a102b04fd667');
INSERT INTO `craft_sections_i18n` (`id`, `sectionId`, `locale`, `enabledByDefault`, `urlFormat`, `nestedUrlFormat`, `dateCreated`, `dateUpdated`, `uid`) VALUES ('7', '7', 'en_us', '0', 'featured-link-blocks/{slug}', '{parent.uri}/{slug}', '2015-01-03 02:45:51', '2015-01-03 02:59:55', 'dc32d314-c7ff-4b47-98f3-fdd00cce4731');
INSERT INTO `craft_sections_i18n` (`id`, `sectionId`, `locale`, `enabledByDefault`, `urlFormat`, `nestedUrlFormat`, `dateCreated`, `dateUpdated`, `uid`) VALUES ('8', '8', 'en_us', '0', 'main-navigation/{slug}', '{parent.uri}/{slug}', '2015-01-03 06:05:03', '2015-01-03 06:05:03', 'e83fc123-ec34-42e3-bcdf-62245cc7477e');
INSERT INTO `craft_sections_i18n` (`id`, `sectionId`, `locale`, `enabledByDefault`, `urlFormat`, `nestedUrlFormat`, `dateCreated`, `dateUpdated`, `uid`) VALUES ('9', '9', 'en_us', '0', '{slug}', '{parent.uri}/{slug}', '2015-01-03 15:33:21', '2015-01-03 15:33:21', '3f307907-bbe5-4eb0-9e35-dc75eca1ecd5');
INSERT INTO `craft_sections_i18n` (`id`, `sectionId`, `locale`, `enabledByDefault`, `urlFormat`, `nestedUrlFormat`, `dateCreated`, `dateUpdated`, `uid`) VALUES ('10', '10', 'en_us', '0', 'panos/{slug}', NULL, '2015-01-11 21:31:51', '2015-01-11 21:31:51', '3e134b69-325b-4457-8d53-0c2e87616d8d');



DROP TABLE IF EXISTS `craft_sessions`;


--
-- Schema for table `craft_sessions`
--
CREATE TABLE `craft_sessions` (
  `id` int(11) NOT NULL AUTO_INCREMENT,
  `userId` int(11) NOT NULL,
  `token` char(100) COLLATE utf8_unicode_ci NOT NULL,
  `dateCreated` datetime NOT NULL,
  `dateUpdated` datetime NOT NULL,
  `uid` char(36) COLLATE utf8_unicode_ci NOT NULL DEFAULT '0',
  PRIMARY KEY (`id`),
  KEY `craft_sessions_uid_idx` (`uid`),
  KEY `craft_sessions_token_idx` (`token`),
  KEY `craft_sessions_dateUpdated_idx` (`dateUpdated`),
  KEY `craft_sessions_userId_fk` (`userId`)
) ENGINE=InnoDB AUTO_INCREMENT=34 DEFAULT CHARSET=utf8 COLLATE=utf8_unicode_ci;

--
-- Data for table `craft_sessions`
--

INSERT INTO `craft_sessions` (`id`, `userId`, `token`, `dateCreated`, `dateUpdated`, `uid`) VALUES ('1', '1', '6c4e00137c49140b26f7533a1add0bce0cc0aa24czozNjoiN2FjNDE3ZmQtODA0NS00ODk3LTlmODgtODkwM2E4NmY4YmY5Ijs=', '2014-11-26 00:20:30', '2014-11-26 00:20:30', '8f7804dc-bdff-459a-832a-146225f2b2f7');
INSERT INTO `craft_sessions` (`id`, `userId`, `token`, `dateCreated`, `dateUpdated`, `uid`) VALUES ('2', '1', '061ad20d10c20cc024211a339113e07dadcf1cb8czozNjoiNTk2N2U0NGYtNTIxOS00YTE4LTkyYjUtNzM0ODljYTliM2YyIjs=', '2014-11-26 14:59:20', '2014-11-26 14:59:20', '659486c7-8ebb-4181-99ec-c82e2b485d3f');
INSERT INTO `craft_sessions` (`id`, `userId`, `token`, `dateCreated`, `dateUpdated`, `uid`) VALUES ('3', '1', '7e161b28cecebcb6032056e071c24a6bd5641b57czozNjoiNDYzYTA5YWItYzg2Yy00OWIyLThhZjYtYjIwOTQxMTMwYzViIjs=', '2014-11-28 16:39:19', '2014-11-28 17:47:38', 'fb87f8c0-84a6-4835-815b-f15098677d35');
INSERT INTO `craft_sessions` (`id`, `userId`, `token`, `dateCreated`, `dateUpdated`, `uid`) VALUES ('4', '1', '83b45ee3c228fdd2b6d3770700215bba19d75a19czozNjoiOWIwMTQzZmYtNmFiMy00MDEzLWJjZWItNzZjYWFhMzlkMTFiIjs=', '2014-11-30 01:05:41', '2014-11-30 01:05:41', 'd08ee5d0-fc72-4ddb-91bc-8988a0adadae');
INSERT INTO `craft_sessions` (`id`, `userId`, `token`, `dateCreated`, `dateUpdated`, `uid`) VALUES ('5', '1', '4245660a97fd2ac75ccb1cf5087f399040438fc3czozNjoiNDYxNzE0NzctMzY1NS00ZDk5LTg0MzYtMDUzMjkyMjUyMWQwIjs=', '2014-11-30 23:15:50', '2014-11-30 23:15:50', '7fe443ba-1a81-4790-918a-30363c73315a');
INSERT INTO `craft_sessions` (`id`, `userId`, `token`, `dateCreated`, `dateUpdated`, `uid`) VALUES ('6', '1', '0b12c4bf7447f84cef31290905e044149adbee55czozNjoiNzJjM2Q4ZDQtY2ViZS00MTkyLWJjZWItMzZiOGJkZDJjZDQ3Ijs=', '2014-12-27 04:39:37', '2014-12-27 04:39:37', 'ac60990e-a461-458e-b37d-5df842a5e788');
INSERT INTO `craft_sessions` (`id`, `userId`, `token`, `dateCreated`, `dateUpdated`, `uid`) VALUES ('7', '1', '3fddb452d517efffadfdac0d853fb0da4b593414czozNjoiNjU2OTBlZTItNDg4NS00OWYzLWFkZDctYjA3NDc4MDkxNGZmIjs=', '2014-12-31 01:23:25', '2014-12-31 02:27:17', '028cbc55-ed07-4cd7-8dca-7c32f02e9e98');
INSERT INTO `craft_sessions` (`id`, `userId`, `token`, `dateCreated`, `dateUpdated`, `uid`) VALUES ('8', '1', '610275125ce868576591421dac921124de719e70czozNjoiZmIyNWI4OGQtYTJhZi00YTkyLTg2OTYtNWEwMGRhNjE1NWE3Ijs=', '2014-12-31 13:36:53', '2014-12-31 14:43:40', '0a7e1d50-1afb-463a-a6ad-404ec6fb6122');
INSERT INTO `craft_sessions` (`id`, `userId`, `token`, `dateCreated`, `dateUpdated`, `uid`) VALUES ('10', '1', '81425b85873be8cdbe2d4f8811d64fd0c810b7d1czozNjoiOTg5NmUyZjgtMTU4NC00YTdkLTlhODYtYTY2MmQ1ZGNkNzU0Ijs=', '2015-01-02 16:16:39', '2015-01-02 17:01:17', '0ecf82b3-a052-4533-90b3-f5c1c3a58b72');
INSERT INTO `craft_sessions` (`id`, `userId`, `token`, `dateCreated`, `dateUpdated`, `uid`) VALUES ('11', '1', 'f954ad6bc4d73f6504101299b4ee8f82d0262127czozNjoiZmQ4NWE5MGUtZDZiMS00YjZmLThiYmQtMzQxODdmOWYwYWQ3Ijs=', '2015-01-03 00:19:42', '2015-01-03 00:19:42', 'a644b0ec-f14e-4df0-ad3a-27a177bf9753');
INSERT INTO `craft_sessions` (`id`, `userId`, `token`, `dateCreated`, `dateUpdated`, `uid`) VALUES ('12', '1', '5b27d1947c75e58b0eb6c4cd6c621493a93f989cczozNjoiYmFhYjdmNDItMTA0OS00MTE0LTkxYzMtYjZlYjViNjFmMjJiIjs=', '2015-01-03 02:42:45', '2015-01-03 04:10:44', '1ae2462c-2e0c-4513-adcd-1c796cd9cc28');
INSERT INTO `craft_sessions` (`id`, `userId`, `token`, `dateCreated`, `dateUpdated`, `uid`) VALUES ('13', '1', '37d0606788e9a3f251701189e05b99533cfbfbaaczozNjoiNGZlNmI3MmQtNjllOS00ZDQ4LThlZTAtZGI0YzQ1ZjllNjVhIjs=', '2015-01-03 05:49:53', '2015-01-03 05:49:53', '4333e57a-6728-4541-959d-e44be9364f4c');
INSERT INTO `craft_sessions` (`id`, `userId`, `token`, `dateCreated`, `dateUpdated`, `uid`) VALUES ('14', '1', 'bd13924850bf11b35ba69d416a84f5255e492c9aczozNjoiYWVlOGZjNzEtMjJmMy00OTZlLWJjMzgtZmU0ZTc1MWJkZTkyIjs=', '2015-01-03 15:17:08', '2015-01-03 15:17:08', '1434ce69-41ec-4a91-86b0-fa62e373a264');
INSERT INTO `craft_sessions` (`id`, `userId`, `token`, `dateCreated`, `dateUpdated`, `uid`) VALUES ('15', '1', 'add3d3b18e4a623367ceb55671180379982907ebczozNjoiZDVmYzNmNjItZTQ5ZC00YjM5LTg5OTYtNTI5NTdhZmQzNjk5Ijs=', '2015-01-03 21:33:27', '2015-01-03 21:33:27', '9d8ce349-012d-45a1-a182-84c291e4e9f7');
INSERT INTO `craft_sessions` (`id`, `userId`, `token`, `dateCreated`, `dateUpdated`, `uid`) VALUES ('16', '1', '51efb47493e6b96641ac51ab680ecd0ff235c4d3czozNjoiMDViYjQ1MDAtMjJkYS00ZTMxLTkzMDItNTVjZTE4Mjc0YmFkIjs=', '2015-01-04 02:03:48', '2015-01-04 02:03:48', 'fc27982f-601a-4eee-ac6a-a33412bbe7f9');
INSERT INTO `craft_sessions` (`id`, `userId`, `token`, `dateCreated`, `dateUpdated`, `uid`) VALUES ('17', '1', 'e8adc537071685a0c8e3b161330ace111a6139b2czozNjoiZDkxZGIwNDItZDg2OC00NDlmLWEzM2EtZWM5ZDY4ZDY0NTU0Ijs=', '2015-01-04 15:32:33', '2015-01-04 17:27:17', '2e347d9e-df67-43f8-9bc3-1228221a505d');
INSERT INTO `craft_sessions` (`id`, `userId`, `token`, `dateCreated`, `dateUpdated`, `uid`) VALUES ('18', '1', '08590ea97471b3a6611dd145b8ad7f91fe2fc8bbczozNjoiNjdjOTQ4NDUtOGQ4Yi00M2MxLWIyMGQtMGFjYjViOWYzNzJkIjs=', '2015-01-04 21:53:03', '2015-01-04 21:53:03', 'cc4b52ae-c21c-4f28-bbb2-ea1033c7c2e6');
INSERT INTO `craft_sessions` (`id`, `userId`, `token`, `dateCreated`, `dateUpdated`, `uid`) VALUES ('19', '1', 'b2130cffaa8d240f35ef8a9c88876bf31c750c0cczozNjoiM2IxMDdmNjEtZWI1NC00Mjk0LWI2ZmEtOTI1NmE4MWRkZWYyIjs=', '2015-01-07 03:47:31', '2015-01-07 03:47:31', '49ce2b6b-3898-49ed-bccb-f240615962fc');
INSERT INTO `craft_sessions` (`id`, `userId`, `token`, `dateCreated`, `dateUpdated`, `uid`) VALUES ('20', '1', 'dd1574ed395bb42b20c4f5ffd58ef25f754cfef6czozNjoiZDIxMjgyNDktNDYwMy00MWFmLWI2NmEtMjVmMWRmNTI0Y2Y5Ijs=', '2015-01-10 01:02:33', '2015-01-10 01:02:33', 'a55f9208-52c6-442e-a9b2-b4bd3741b8c6');
INSERT INTO `craft_sessions` (`id`, `userId`, `token`, `dateCreated`, `dateUpdated`, `uid`) VALUES ('21', '1', '740734ab8de270e5796c40f5c768f4c94182136aczozNjoiM2M1MTk1YzQtZDE4OS00NTMyLWJjODgtOGE2Y2E4NGRlM2EwIjs=', '2015-01-10 14:44:09', '2015-01-10 14:44:09', '3a77a5bd-9be7-46ff-b3fd-a9182dc36993');
INSERT INTO `craft_sessions` (`id`, `userId`, `token`, `dateCreated`, `dateUpdated`, `uid`) VALUES ('22', '1', '9f56db524e77a8a6fe7ab8d34e41321ea1e3871eczozNjoiODEyM2NkNTMtZWFkYS00MjY2LWIyODMtNjZlMjNkMTk3MTQ2Ijs=', '2015-01-10 17:04:56', '2015-01-10 17:04:56', '9da9696b-2f6a-41b9-b92b-773fdf828055');
INSERT INTO `craft_sessions` (`id`, `userId`, `token`, `dateCreated`, `dateUpdated`, `uid`) VALUES ('23', '1', '9df9a8e10d2d877e01e25333227fcbfc477b9597czozNjoiMjc1ZjdjMmMtZmZkYS00OTkzLTllZjMtZGNiZDVlYmVkYzQ4Ijs=', '2015-01-10 22:30:02', '2015-01-10 22:30:02', 'b061496d-f525-491c-82d0-c31aa831ed7c');
INSERT INTO `craft_sessions` (`id`, `userId`, `token`, `dateCreated`, `dateUpdated`, `uid`) VALUES ('24', '1', '242fca5a543bdfac6b65e1550a6b3f6dbd986401czozNjoiZjMyOWJjM2MtNWYzZS00MzJmLWFmOTYtMjg1NGYwODE2NDc3Ijs=', '2015-01-11 16:18:52', '2015-01-11 16:18:52', 'd2821ea2-d8fb-49ca-8a26-bdace0e4561e');
INSERT INTO `craft_sessions` (`id`, `userId`, `token`, `dateCreated`, `dateUpdated`, `uid`) VALUES ('25', '1', '58e1fdca7d05cc36cc1cbd79f8f8d8eeda22c544czozNjoiMjQ4ZTM1YTYtYzA4Mi00ZGMzLTlkNjEtN2U2MjUxMzY5MGUyIjs=', '2015-01-11 21:29:36', '2015-01-11 21:29:36', '6e31a86e-f6ec-4d0a-b2ed-0e5e473f4994');
INSERT INTO `craft_sessions` (`id`, `userId`, `token`, `dateCreated`, `dateUpdated`, `uid`) VALUES ('26', '1', '73312403aec1ee3997ebf13f21ad3670a4babd32czozNjoiYmJjYjE3NTEtZGY3NC00OTgyLTgzYWItMDY5MGYyYzM1ZDEwIjs=', '2015-01-13 01:24:44', '2015-01-13 01:24:44', 'c9f6d9a6-911a-4a01-ba74-685848192a19');
INSERT INTO `craft_sessions` (`id`, `userId`, `token`, `dateCreated`, `dateUpdated`, `uid`) VALUES ('28', '1', 'c3e9e618ffb67a1d00325c65ecbcd0d12cbb9b22czozNjoiYjgzMmRiNDgtNzRlNC00MjMzLTljZjItMzY5YWNjODY5Nzk0Ijs=', '2015-01-19 00:25:27', '2015-01-19 03:06:20', '3692e0ab-140f-4c17-a4e2-0d578acc366a');
INSERT INTO `craft_sessions` (`id`, `userId`, `token`, `dateCreated`, `dateUpdated`, `uid`) VALUES ('29', '1', '7b2941e5fb2dc2d84dc6573e139921cb222949f8czozNjoiZjBmYTUxYjYtODQyNC00ZmQ1LWEzMjMtYTk5MTdlNTFkZTYzIjs=', '2015-01-19 17:35:07', '2015-01-19 17:35:07', 'e9af26ac-338a-4464-9fb5-fd04ada665af');
INSERT INTO `craft_sessions` (`id`, `userId`, `token`, `dateCreated`, `dateUpdated`, `uid`) VALUES ('30', '1', '9eb983fb4d41ea16f3b0475344259b26213504f3czozNjoiYTQ4M2Q3N2UtNjhmNS00NzM4LThkZTktMzEwZmI1ZDQzODZhIjs=', '2015-01-19 21:48:30', '2015-01-19 21:48:30', 'c4a41296-5ca7-4599-977a-1f91e38d42f9');
INSERT INTO `craft_sessions` (`id`, `userId`, `token`, `dateCreated`, `dateUpdated`, `uid`) VALUES ('31', '1', '235686b8d9f5adc2159f9dece0fc65a0935cd9acczozNjoiM2FiZjAxZjYtYzk5OS00ODYzLThmMGYtYzA4Y2ZmZGY5ZTJmIjs=', '2015-01-19 23:59:33', '2015-01-19 23:59:33', 'd93995fa-df2f-4996-8853-0b4ca254f65e');
INSERT INTO `craft_sessions` (`id`, `userId`, `token`, `dateCreated`, `dateUpdated`, `uid`) VALUES ('32', '1', '4f7eb7a88a8b70e25a1dcdf695efd7d90b5c6c18czozNjoiZWIwODAzYmYtMGU0Ni00Y2NjLTk1MTItZThkMzVmNzUyNzlmIjs=', '2015-01-20 00:51:03', '2015-01-20 00:51:03', '37e7435b-6b97-4c71-8b8b-f24e31bf9606');
INSERT INTO `craft_sessions` (`id`, `userId`, `token`, `dateCreated`, `dateUpdated`, `uid`) VALUES ('33', '1', '2f8c7b6a51e4eca21b8adfb3f58aeda922ef91a9czozNjoiODI0MzA0NTMtYWNhYy00ZDE4LWI3OTEtYjAwNThjOWFlNjMzIjs=', '2015-01-20 00:51:06', '2015-01-20 00:51:06', 'f3726ab2-1f8e-4f92-9acd-128cafda5993');



DROP TABLE IF EXISTS `craft_shunnedmessages`;


--
-- Schema for table `craft_shunnedmessages`
--
CREATE TABLE `craft_shunnedmessages` (
  `id` int(11) NOT NULL AUTO_INCREMENT,
  `userId` int(11) NOT NULL,
  `message` varchar(255) COLLATE utf8_unicode_ci NOT NULL,
  `expiryDate` datetime DEFAULT NULL,
  `dateCreated` datetime NOT NULL,
  `dateUpdated` datetime NOT NULL,
  `uid` char(36) COLLATE utf8_unicode_ci NOT NULL DEFAULT '0',
  PRIMARY KEY (`id`),
  UNIQUE KEY `craft_shunnedmessages_userId_message_unq_idx` (`userId`,`message`)
) ENGINE=InnoDB DEFAULT CHARSET=utf8 COLLATE=utf8_unicode_ci;

DROP TABLE IF EXISTS `craft_structureelements`;


--
-- Schema for table `craft_structureelements`
--
CREATE TABLE `craft_structureelements` (
  `id` int(11) NOT NULL AUTO_INCREMENT,
  `structureId` int(11) NOT NULL,
  `elementId` int(11) DEFAULT NULL,
  `root` int(11) unsigned DEFAULT NULL,
  `lft` int(11) unsigned NOT NULL,
  `rgt` int(11) unsigned NOT NULL,
  `level` smallint(6) unsigned NOT NULL,
  `dateCreated` datetime NOT NULL,
  `dateUpdated` datetime NOT NULL,
  `uid` char(36) COLLATE utf8_unicode_ci NOT NULL DEFAULT '0',
  PRIMARY KEY (`id`),
  UNIQUE KEY `craft_structureelements_structureId_elementId_unq_idx` (`structureId`,`elementId`),
  KEY `craft_structureelements_root_idx` (`root`),
  KEY `craft_structureelements_lft_idx` (`lft`),
  KEY `craft_structureelements_rgt_idx` (`rgt`),
  KEY `craft_structureelements_level_idx` (`level`),
  KEY `craft_structureelements_elementId_fk` (`elementId`)
) ENGINE=InnoDB AUTO_INCREMENT=51 DEFAULT CHARSET=utf8 COLLATE=utf8_unicode_ci;

--
-- Data for table `craft_structureelements`
--

INSERT INTO `craft_structureelements` (`id`, `structureId`, `elementId`, `root`, `lft`, `rgt`, `level`, `dateCreated`, `dateUpdated`, `uid`) VALUES ('1', '1', NULL, '1', '1', '2', '0', '2014-11-26 01:07:10', '2014-11-26 01:07:10', '910003e3-3dd1-4e3d-ae00-d4ea44491ae1');
INSERT INTO `craft_structureelements` (`id`, `structureId`, `elementId`, `root`, `lft`, `rgt`, `level`, `dateCreated`, `dateUpdated`, `uid`) VALUES ('9', '2', NULL, '9', '1', '14', '0', '2014-12-31 17:55:20', '2014-12-31 17:55:20', '936806f7-073d-47fd-91db-448e284ae812');
INSERT INTO `craft_structureelements` (`id`, `structureId`, `elementId`, `root`, `lft`, `rgt`, `level`, `dateCreated`, `dateUpdated`, `uid`) VALUES ('10', '2', '35', '9', '2', '3', '1', '2014-12-31 17:55:20', '2014-12-31 17:55:20', '0f6e0230-a326-4398-aa75-8fd0362fa61f');
INSERT INTO `craft_structureelements` (`id`, `structureId`, `elementId`, `root`, `lft`, `rgt`, `level`, `dateCreated`, `dateUpdated`, `uid`) VALUES ('11', '2', '36', '9', '4', '5', '1', '2014-12-31 17:55:30', '2014-12-31 17:55:30', '423d34fd-9f4d-4fbb-98d6-086d568f4569');
INSERT INTO `craft_structureelements` (`id`, `structureId`, `elementId`, `root`, `lft`, `rgt`, `level`, `dateCreated`, `dateUpdated`, `uid`) VALUES ('12', '2', '37', '9', '6', '7', '1', '2014-12-31 17:55:44', '2014-12-31 17:55:44', '42addd76-0194-48eb-af5c-ad17c6aff090');
INSERT INTO `craft_structureelements` (`id`, `structureId`, `elementId`, `root`, `lft`, `rgt`, `level`, `dateCreated`, `dateUpdated`, `uid`) VALUES ('13', '2', '38', '9', '8', '9', '1', '2014-12-31 17:55:58', '2014-12-31 17:55:58', '3c53b604-fe46-4ccc-9eb1-8743f68220e9');
INSERT INTO `craft_structureelements` (`id`, `structureId`, `elementId`, `root`, `lft`, `rgt`, `level`, `dateCreated`, `dateUpdated`, `uid`) VALUES ('14', '2', '39', '9', '10', '11', '1', '2014-12-31 17:56:28', '2014-12-31 17:56:28', '7653c9b1-81b2-474a-82c9-738488780303');
INSERT INTO `craft_structureelements` (`id`, `structureId`, `elementId`, `root`, `lft`, `rgt`, `level`, `dateCreated`, `dateUpdated`, `uid`) VALUES ('15', '2', '40', '9', '12', '13', '1', '2014-12-31 17:56:35', '2014-12-31 17:56:35', '34a811f6-5221-417c-b1d6-6dec4424bb95');
INSERT INTO `craft_structureelements` (`id`, `structureId`, `elementId`, `root`, `lft`, `rgt`, `level`, `dateCreated`, `dateUpdated`, `uid`) VALUES ('16', '3', NULL, '16', '1', '24', '0', '2015-01-02 19:50:33', '2015-01-02 19:50:33', '0952a6bc-a517-4cd9-a4cb-f7123249ef49');
INSERT INTO `craft_structureelements` (`id`, `structureId`, `elementId`, `root`, `lft`, `rgt`, `level`, `dateCreated`, `dateUpdated`, `uid`) VALUES ('18', '3', '59', '16', '2', '3', '1', '2015-01-02 19:50:52', '2015-01-02 19:50:52', '66546b3b-3637-4cff-b43d-5885b125da44');
INSERT INTO `craft_structureelements` (`id`, `structureId`, `elementId`, `root`, `lft`, `rgt`, `level`, `dateCreated`, `dateUpdated`, `uid`) VALUES ('19', '3', '60', '16', '18', '19', '1', '2015-01-02 20:23:08', '2015-01-02 20:23:08', '1279f8d9-20cf-4ba9-ac55-7f67ec0bee2c');
INSERT INTO `craft_structureelements` (`id`, `structureId`, `elementId`, `root`, `lft`, `rgt`, `level`, `dateCreated`, `dateUpdated`, `uid`) VALUES ('20', '3', '61', '16', '8', '9', '1', '2015-01-02 20:25:12', '2015-01-02 20:25:12', 'be2d6e5f-f286-49c3-873b-682bdcfdf6f7');
INSERT INTO `craft_structureelements` (`id`, `structureId`, `elementId`, `root`, `lft`, `rgt`, `level`, `dateCreated`, `dateUpdated`, `uid`) VALUES ('21', '3', '62', '16', '14', '15', '1', '2015-01-02 20:25:33', '2015-01-02 20:25:33', '80a91d22-25e6-45ff-bc97-5c12ddb558b9');
INSERT INTO `craft_structureelements` (`id`, `structureId`, `elementId`, `root`, `lft`, `rgt`, `level`, `dateCreated`, `dateUpdated`, `uid`) VALUES ('22', '3', '63', '16', '20', '21', '1', '2015-01-02 20:25:54', '2015-01-02 20:25:54', '4ec3ea0b-786b-416d-962a-4fac4ecb028f');
INSERT INTO `craft_structureelements` (`id`, `structureId`, `elementId`, `root`, `lft`, `rgt`, `level`, `dateCreated`, `dateUpdated`, `uid`) VALUES ('23', '4', NULL, '23', '1', '14', '0', '2015-01-03 02:59:55', '2015-01-03 02:59:55', 'a8c30626-6b06-4e85-abc4-54a6eb712512');
INSERT INTO `craft_structureelements` (`id`, `structureId`, `elementId`, `root`, `lft`, `rgt`, `level`, `dateCreated`, `dateUpdated`, `uid`) VALUES ('24', '4', '65', '23', '2', '3', '1', '2015-01-03 02:59:55', '2015-01-03 02:59:55', '0550cefe-e1b3-4516-9b3b-f601ad0b4b8d');
INSERT INTO `craft_structureelements` (`id`, `structureId`, `elementId`, `root`, `lft`, `rgt`, `level`, `dateCreated`, `dateUpdated`, `uid`) VALUES ('25', '4', '68', '23', '6', '7', '1', '2015-01-03 03:03:48', '2015-01-03 03:03:48', 'f9894310-7230-45f5-a645-7877bee468dc');
INSERT INTO `craft_structureelements` (`id`, `structureId`, `elementId`, `root`, `lft`, `rgt`, `level`, `dateCreated`, `dateUpdated`, `uid`) VALUES ('26', '4', '71', '23', '4', '5', '1', '2015-01-03 04:13:47', '2015-01-03 04:13:47', '2de69d16-a027-47f2-81cd-e13fa1efe8b4');
INSERT INTO `craft_structureelements` (`id`, `structureId`, `elementId`, `root`, `lft`, `rgt`, `level`, `dateCreated`, `dateUpdated`, `uid`) VALUES ('27', '4', '74', '23', '10', '11', '1', '2015-01-03 04:30:07', '2015-01-03 04:30:07', '15da9c3b-4169-47eb-9640-7ea914bc18c3');
INSERT INTO `craft_structureelements` (`id`, `structureId`, `elementId`, `root`, `lft`, `rgt`, `level`, `dateCreated`, `dateUpdated`, `uid`) VALUES ('28', '4', '77', '23', '8', '9', '1', '2015-01-03 04:33:20', '2015-01-03 04:33:20', '09be97db-f177-4c95-8be3-204e8305726e');
INSERT INTO `craft_structureelements` (`id`, `structureId`, `elementId`, `root`, `lft`, `rgt`, `level`, `dateCreated`, `dateUpdated`, `uid`) VALUES ('29', '4', '80', '23', '12', '13', '1', '2015-01-03 04:36:25', '2015-01-03 04:36:25', '304a6ffb-6d48-4885-b332-12041d76aeac');
INSERT INTO `craft_structureelements` (`id`, `structureId`, `elementId`, `root`, `lft`, `rgt`, `level`, `dateCreated`, `dateUpdated`, `uid`) VALUES ('30', '5', NULL, '30', '1', '18', '0', '2015-01-03 06:09:35', '2015-01-03 06:09:35', '1a54938f-c4a1-407c-aca0-74d190a5679b');
INSERT INTO `craft_structureelements` (`id`, `structureId`, `elementId`, `root`, `lft`, `rgt`, `level`, `dateCreated`, `dateUpdated`, `uid`) VALUES ('31', '5', '82', '30', '2', '3', '1', '2015-01-03 06:09:35', '2015-01-03 06:09:35', 'c903d0f9-6198-4443-9e3c-1351c5c1423b');
INSERT INTO `craft_structureelements` (`id`, `structureId`, `elementId`, `root`, `lft`, `rgt`, `level`, `dateCreated`, `dateUpdated`, `uid`) VALUES ('32', '5', '83', '30', '4', '5', '1', '2015-01-03 06:10:15', '2015-01-03 06:10:15', 'e85cd05d-d12b-4f2e-b4ab-9b403da2e911');
INSERT INTO `craft_structureelements` (`id`, `structureId`, `elementId`, `root`, `lft`, `rgt`, `level`, `dateCreated`, `dateUpdated`, `uid`) VALUES ('33', '5', '84', '30', '16', '17', '1', '2015-01-03 06:10:44', '2015-01-03 06:10:44', '07b9952b-6a11-4921-a2ed-dab6a19d455f');
INSERT INTO `craft_structureelements` (`id`, `structureId`, `elementId`, `root`, `lft`, `rgt`, `level`, `dateCreated`, `dateUpdated`, `uid`) VALUES ('34', '6', NULL, '34', '1', '12', '0', '2015-01-03 15:59:38', '2015-01-03 15:59:38', '1f2202b3-f551-499a-a68d-0bd9f07981ee');
INSERT INTO `craft_structureelements` (`id`, `structureId`, `elementId`, `root`, `lft`, `rgt`, `level`, `dateCreated`, `dateUpdated`, `uid`) VALUES ('35', '6', '86', '34', '2', '3', '1', '2015-01-03 15:59:38', '2015-01-03 15:59:38', 'cceb3314-6570-4573-8b23-b758a631b653');
INSERT INTO `craft_structureelements` (`id`, `structureId`, `elementId`, `root`, `lft`, `rgt`, `level`, `dateCreated`, `dateUpdated`, `uid`) VALUES ('36', '5', '92', '30', '10', '11', '1', '2015-01-03 17:38:51', '2015-01-03 17:38:51', 'd30bb36f-9d34-4697-8809-839bd201af0d');
INSERT INTO `craft_structureelements` (`id`, `structureId`, `elementId`, `root`, `lft`, `rgt`, `level`, `dateCreated`, `dateUpdated`, `uid`) VALUES ('37', '6', '93', '34', '4', '5', '1', '2015-01-03 17:50:35', '2015-01-03 17:50:35', '1c26e71d-ce4b-4da4-a4e0-e5eb0f4e2f8f');
INSERT INTO `craft_structureelements` (`id`, `structureId`, `elementId`, `root`, `lft`, `rgt`, `level`, `dateCreated`, `dateUpdated`, `uid`) VALUES ('38', '5', '100', '30', '12', '13', '1', '2015-01-03 17:51:27', '2015-01-03 17:51:27', '44172a8b-9019-4d7d-ad60-c016c2f18b05');
INSERT INTO `craft_structureelements` (`id`, `structureId`, `elementId`, `root`, `lft`, `rgt`, `level`, `dateCreated`, `dateUpdated`, `uid`) VALUES ('39', '3', '113', '16', '10', '11', '1', '2015-01-04 16:10:46', '2015-01-04 16:10:46', '197d5900-fc5a-4645-8773-7396827b8c4c');
INSERT INTO `craft_structureelements` (`id`, `structureId`, `elementId`, `root`, `lft`, `rgt`, `level`, `dateCreated`, `dateUpdated`, `uid`) VALUES ('40', '3', '122', '16', '4', '5', '1', '2015-01-04 22:18:01', '2015-01-04 22:18:01', 'dca346b0-45f9-4869-b7d8-9602256993f3');
INSERT INTO `craft_structureelements` (`id`, `structureId`, `elementId`, `root`, `lft`, `rgt`, `level`, `dateCreated`, `dateUpdated`, `uid`) VALUES ('41', '3', '123', '16', '6', '7', '1', '2015-01-04 22:18:52', '2015-01-04 22:18:52', '952ef0d4-4f22-4d34-aa10-235d9c54adb4');
INSERT INTO `craft_structureelements` (`id`, `structureId`, `elementId`, `root`, `lft`, `rgt`, `level`, `dateCreated`, `dateUpdated`, `uid`) VALUES ('42', '3', '133', '16', '22', '23', '1', '2015-01-10 15:07:16', '2015-01-10 15:07:16', '457b7230-8372-46ed-8b6d-c791a6d25c49');
INSERT INTO `craft_structureelements` (`id`, `structureId`, `elementId`, `root`, `lft`, `rgt`, `level`, `dateCreated`, `dateUpdated`, `uid`) VALUES ('43', '3', '134', '16', '16', '17', '1', '2015-01-10 15:08:21', '2015-01-10 15:08:21', '6d2d30dd-d107-4e31-8bec-110d0a70c97d');
INSERT INTO `craft_structureelements` (`id`, `structureId`, `elementId`, `root`, `lft`, `rgt`, `level`, `dateCreated`, `dateUpdated`, `uid`) VALUES ('44', '6', '138', '34', '6', '7', '1', '2015-01-11 16:31:39', '2015-01-11 16:31:39', '47515b3f-f1a3-4e6d-a039-e7fade261d62');
INSERT INTO `craft_structureelements` (`id`, `structureId`, `elementId`, `root`, `lft`, `rgt`, `level`, `dateCreated`, `dateUpdated`, `uid`) VALUES ('45', '5', '142', '30', '6', '9', '1', '2015-01-11 16:32:42', '2015-01-11 16:32:42', '1bc143db-3519-4317-95dd-6d320d06aec2');
INSERT INTO `craft_structureelements` (`id`, `structureId`, `elementId`, `root`, `lft`, `rgt`, `level`, `dateCreated`, `dateUpdated`, `uid`) VALUES ('46', '6', '144', '34', '8', '9', '1', '2015-01-11 17:01:30', '2015-01-11 17:01:30', '1eab4b5d-5e67-4af6-a8aa-01076e80c294');
INSERT INTO `craft_structureelements` (`id`, `structureId`, `elementId`, `root`, `lft`, `rgt`, `level`, `dateCreated`, `dateUpdated`, `uid`) VALUES ('47', '5', '146', '30', '7', '8', '2', '2015-01-11 17:07:38', '2015-01-11 17:07:38', 'a00b5575-1a37-4369-8676-0fafba9f8501');
INSERT INTO `craft_structureelements` (`id`, `structureId`, `elementId`, `root`, `lft`, `rgt`, `level`, `dateCreated`, `dateUpdated`, `uid`) VALUES ('48', '3', '154', '16', '12', '13', '1', '2015-01-12 00:16:27', '2015-01-12 00:16:27', '652a1dd1-5e71-4233-9a9e-a906ff40a63b');
INSERT INTO `craft_structureelements` (`id`, `structureId`, `elementId`, `root`, `lft`, `rgt`, `level`, `dateCreated`, `dateUpdated`, `uid`) VALUES ('49', '6', '164', '34', '10', '11', '1', '2015-01-13 01:49:48', '2015-01-13 01:49:48', '78008c6a-ceb7-4064-95ce-512613fd1392');
INSERT INTO `craft_structureelements` (`id`, `structureId`, `elementId`, `root`, `lft`, `rgt`, `level`, `dateCreated`, `dateUpdated`, `uid`) VALUES ('50', '5', '174', '30', '14', '15', '1', '2015-01-13 02:13:25', '2015-01-13 02:13:25', 'dc7c0ebf-6b10-48fb-a5b7-f23abf6ac0f4');



DROP TABLE IF EXISTS `craft_structures`;


--
-- Schema for table `craft_structures`
--
CREATE TABLE `craft_structures` (
  `id` int(11) NOT NULL AUTO_INCREMENT,
  `maxLevels` smallint(6) unsigned DEFAULT NULL,
  `dateCreated` datetime NOT NULL,
  `dateUpdated` datetime NOT NULL,
  `uid` char(36) COLLATE utf8_unicode_ci NOT NULL DEFAULT '0',
  PRIMARY KEY (`id`)
) ENGINE=InnoDB AUTO_INCREMENT=7 DEFAULT CHARSET=utf8 COLLATE=utf8_unicode_ci;

--
-- Data for table `craft_structures`
--

INSERT INTO `craft_structures` (`id`, `maxLevels`, `dateCreated`, `dateUpdated`, `uid`) VALUES ('1', NULL, '2014-11-26 01:06:36', '2014-11-26 01:06:36', '39940967-326f-40ab-a00e-f2490622258b');
INSERT INTO `craft_structures` (`id`, `maxLevels`, `dateCreated`, `dateUpdated`, `uid`) VALUES ('2', NULL, '2014-12-31 17:54:31', '2014-12-31 18:14:28', 'fdee2de0-284a-4bdb-bbaf-11bdfc119e41');
INSERT INTO `craft_structures` (`id`, `maxLevels`, `dateCreated`, `dateUpdated`, `uid`) VALUES ('3', NULL, '2015-01-02 18:38:13', '2015-01-04 15:44:36', 'b8652a75-0a0a-4811-b302-95e276124a4e');
INSERT INTO `craft_structures` (`id`, `maxLevels`, `dateCreated`, `dateUpdated`, `uid`) VALUES ('4', NULL, '2015-01-03 02:59:55', '2015-01-03 02:59:55', '61c3f01c-3c28-4feb-b529-36bad5e24a2b');
INSERT INTO `craft_structures` (`id`, `maxLevels`, `dateCreated`, `dateUpdated`, `uid`) VALUES ('5', NULL, '2015-01-03 06:05:03', '2015-01-03 06:05:03', '88f170c7-ef44-4761-90a3-f876e911a274');
INSERT INTO `craft_structures` (`id`, `maxLevels`, `dateCreated`, `dateUpdated`, `uid`) VALUES ('6', NULL, '2015-01-03 15:33:21', '2015-01-03 21:52:29', '0f9e3dad-c69e-45ca-847e-0f23ec33499a');



DROP TABLE IF EXISTS `craft_systemsettings`;


--
-- Schema for table `craft_systemsettings`
--
CREATE TABLE `craft_systemsettings` (
  `id` int(11) NOT NULL AUTO_INCREMENT,
  `category` varchar(15) COLLATE utf8_unicode_ci NOT NULL,
  `settings` text COLLATE utf8_unicode_ci,
  `dateCreated` datetime NOT NULL,
  `dateUpdated` datetime NOT NULL,
  `uid` char(36) COLLATE utf8_unicode_ci NOT NULL DEFAULT '0',
  PRIMARY KEY (`id`),
  UNIQUE KEY `craft_systemsettings_category_unq_idx` (`category`)
) ENGINE=InnoDB AUTO_INCREMENT=2 DEFAULT CHARSET=utf8 COLLATE=utf8_unicode_ci;

--
-- Data for table `craft_systemsettings`
--

INSERT INTO `craft_systemsettings` (`id`, `category`, `settings`, `dateCreated`, `dateUpdated`, `uid`) VALUES ('1', 'email', '{\"protocol\":\"php\",\"emailAddress\":\"bobmarteal@gmail.com\",\"senderName\":\"Ithaca Children\'s Garden\"}', '2014-11-26 00:20:30', '2014-11-26 00:20:30', 'f560c157-7e2d-4154-bd12-37d1a14f098f');



DROP TABLE IF EXISTS `craft_taggroups`;


--
-- Schema for table `craft_taggroups`
--
CREATE TABLE `craft_taggroups` (
  `id` int(11) NOT NULL AUTO_INCREMENT,
  `name` varchar(255) COLLATE utf8_unicode_ci NOT NULL,
  `handle` varchar(255) COLLATE utf8_unicode_ci NOT NULL,
  `fieldLayoutId` int(10) DEFAULT NULL,
  `dateCreated` datetime NOT NULL,
  `dateUpdated` datetime NOT NULL,
  `uid` char(36) COLLATE utf8_unicode_ci NOT NULL DEFAULT '0',
  PRIMARY KEY (`id`),
  UNIQUE KEY `craft_taggroups_name_unq_idx` (`name`),
  UNIQUE KEY `craft_taggroups_handle_unq_idx` (`handle`),
  KEY `craft_taggroups_fieldLayoutId_fk` (`fieldLayoutId`)
) ENGINE=InnoDB AUTO_INCREMENT=2 DEFAULT CHARSET=utf8 COLLATE=utf8_unicode_ci;

--
-- Data for table `craft_taggroups`
--

INSERT INTO `craft_taggroups` (`id`, `name`, `handle`, `fieldLayoutId`, `dateCreated`, `dateUpdated`, `uid`) VALUES ('1', 'Default', 'default', '1', '2014-11-26 00:20:30', '2014-11-26 00:20:30', '166e71eb-6e86-4ac8-8675-261d655590f8');



DROP TABLE IF EXISTS `craft_tags`;


--
-- Schema for table `craft_tags`
--
CREATE TABLE `craft_tags` (
  `id` int(11) NOT NULL,
  `groupId` int(11) NOT NULL,
  `dateCreated` datetime NOT NULL,
  `dateUpdated` datetime NOT NULL,
  `uid` char(36) COLLATE utf8_unicode_ci NOT NULL DEFAULT '0',
  PRIMARY KEY (`id`),
  KEY `craft_tags_groupId_idx` (`groupId`)
) ENGINE=InnoDB DEFAULT CHARSET=utf8 COLLATE=utf8_unicode_ci;

DROP TABLE IF EXISTS `craft_tasks`;


--
-- Schema for table `craft_tasks`
--
CREATE TABLE `craft_tasks` (
  `id` int(11) NOT NULL AUTO_INCREMENT,
  `root` int(11) unsigned DEFAULT NULL,
  `lft` int(11) unsigned NOT NULL,
  `rgt` int(11) unsigned NOT NULL,
  `level` smallint(6) unsigned NOT NULL,
  `currentStep` int(11) unsigned DEFAULT NULL,
  `totalSteps` int(11) unsigned DEFAULT NULL,
  `status` enum('pending','error','running') COLLATE utf8_unicode_ci DEFAULT NULL,
  `type` varchar(150) COLLATE utf8_unicode_ci NOT NULL,
  `description` varchar(255) COLLATE utf8_unicode_ci DEFAULT NULL,
  `settings` text COLLATE utf8_unicode_ci,
  `dateCreated` datetime NOT NULL,
  `dateUpdated` datetime NOT NULL,
  `uid` char(36) COLLATE utf8_unicode_ci NOT NULL DEFAULT '0',
  PRIMARY KEY (`id`),
  KEY `craft_tasks_root_idx` (`root`),
  KEY `craft_tasks_lft_idx` (`lft`),
  KEY `craft_tasks_rgt_idx` (`rgt`),
  KEY `craft_tasks_level_idx` (`level`)
) ENGINE=InnoDB AUTO_INCREMENT=70 DEFAULT CHARSET=utf8 COLLATE=utf8_unicode_ci;

DROP TABLE IF EXISTS `craft_templatecachecriteria`;


--
-- Schema for table `craft_templatecachecriteria`
--
CREATE TABLE `craft_templatecachecriteria` (
  `id` int(11) NOT NULL AUTO_INCREMENT,
  `cacheId` int(11) NOT NULL,
  `type` varchar(150) COLLATE utf8_unicode_ci NOT NULL,
  `criteria` text COLLATE utf8_unicode_ci NOT NULL,
  PRIMARY KEY (`id`),
  KEY `craft_templatecachecriteria_cacheId_fk` (`cacheId`),
  KEY `craft_templatecachecriteria_type_idx` (`type`)
) ENGINE=InnoDB DEFAULT CHARSET=utf8 COLLATE=utf8_unicode_ci;

DROP TABLE IF EXISTS `craft_templatecacheelements`;


--
-- Schema for table `craft_templatecacheelements`
--
CREATE TABLE `craft_templatecacheelements` (
  `cacheId` int(11) NOT NULL,
  `elementId` int(11) NOT NULL,
  KEY `craft_templatecacheelements_cacheId_fk` (`cacheId`),
  KEY `craft_templatecacheelements_elementId_fk` (`elementId`)
) ENGINE=InnoDB DEFAULT CHARSET=utf8 COLLATE=utf8_unicode_ci;

DROP TABLE IF EXISTS `craft_templatecaches`;


--
-- Schema for table `craft_templatecaches`
--
CREATE TABLE `craft_templatecaches` (
  `id` int(11) NOT NULL AUTO_INCREMENT,
  `cacheKey` varchar(255) COLLATE utf8_unicode_ci NOT NULL,
  `locale` char(12) COLLATE utf8_unicode_ci NOT NULL,
  `path` varchar(255) COLLATE utf8_unicode_ci DEFAULT NULL,
  `expiryDate` datetime NOT NULL,
  `body` mediumtext COLLATE utf8_unicode_ci NOT NULL,
  PRIMARY KEY (`id`),
  KEY `craft_templatecaches_expiryDate_cacheKey_locale_path_idx` (`expiryDate`,`cacheKey`,`locale`,`path`),
  KEY `craft_templatecaches_locale_fk` (`locale`)
) ENGINE=InnoDB DEFAULT CHARSET=utf8 COLLATE=utf8_unicode_ci;

DROP TABLE IF EXISTS `craft_tokens`;


--
-- Schema for table `craft_tokens`
--
CREATE TABLE `craft_tokens` (
  `id` int(11) NOT NULL AUTO_INCREMENT,
  `token` char(32) COLLATE utf8_unicode_ci NOT NULL,
  `route` text COLLATE utf8_unicode_ci,
  `usageLimit` tinyint(3) unsigned DEFAULT NULL,
  `usageCount` tinyint(3) unsigned DEFAULT NULL,
  `expiryDate` datetime NOT NULL,
  `dateCreated` datetime NOT NULL,
  `dateUpdated` datetime NOT NULL,
  `uid` char(36) COLLATE utf8_unicode_ci NOT NULL DEFAULT '0',
  PRIMARY KEY (`id`),
  UNIQUE KEY `craft_tokens_token_unq_idx` (`token`),
  KEY `craft_tokens_expiryDate_idx` (`expiryDate`)
) ENGINE=InnoDB DEFAULT CHARSET=utf8 COLLATE=utf8_unicode_ci;

DROP TABLE IF EXISTS `craft_usergroups`;


--
-- Schema for table `craft_usergroups`
--
CREATE TABLE `craft_usergroups` (
  `id` int(11) NOT NULL AUTO_INCREMENT,
  `name` varchar(255) COLLATE utf8_unicode_ci NOT NULL,
  `handle` varchar(255) COLLATE utf8_unicode_ci NOT NULL,
  `dateCreated` datetime NOT NULL,
  `dateUpdated` datetime NOT NULL,
  `uid` char(36) COLLATE utf8_unicode_ci NOT NULL DEFAULT '0',
  PRIMARY KEY (`id`)
) ENGINE=InnoDB DEFAULT CHARSET=utf8 COLLATE=utf8_unicode_ci;

DROP TABLE IF EXISTS `craft_usergroups_users`;


--
-- Schema for table `craft_usergroups_users`
--
CREATE TABLE `craft_usergroups_users` (
  `id` int(11) NOT NULL AUTO_INCREMENT,
  `groupId` int(11) NOT NULL,
  `userId` int(11) NOT NULL,
  `dateCreated` datetime NOT NULL,
  `dateUpdated` datetime NOT NULL,
  `uid` char(36) COLLATE utf8_unicode_ci NOT NULL DEFAULT '0',
  PRIMARY KEY (`id`),
  UNIQUE KEY `craft_usergroups_users_groupId_userId_unq_idx` (`groupId`,`userId`),
  KEY `craft_usergroups_users_userId_fk` (`userId`)
) ENGINE=InnoDB DEFAULT CHARSET=utf8 COLLATE=utf8_unicode_ci;

DROP TABLE IF EXISTS `craft_userpermissions`;


--
-- Schema for table `craft_userpermissions`
--
CREATE TABLE `craft_userpermissions` (
  `id` int(11) NOT NULL AUTO_INCREMENT,
  `name` varchar(255) COLLATE utf8_unicode_ci NOT NULL,
  `dateCreated` datetime NOT NULL,
  `dateUpdated` datetime NOT NULL,
  `uid` char(36) COLLATE utf8_unicode_ci NOT NULL DEFAULT '0',
  PRIMARY KEY (`id`),
  UNIQUE KEY `craft_userpermissions_name_unq_idx` (`name`)
) ENGINE=InnoDB DEFAULT CHARSET=utf8 COLLATE=utf8_unicode_ci;

DROP TABLE IF EXISTS `craft_userpermissions_usergroups`;


--
-- Schema for table `craft_userpermissions_usergroups`
--
CREATE TABLE `craft_userpermissions_usergroups` (
  `id` int(11) NOT NULL AUTO_INCREMENT,
  `permissionId` int(11) NOT NULL,
  `groupId` int(11) NOT NULL,
  `dateCreated` datetime NOT NULL,
  `dateUpdated` datetime NOT NULL,
  `uid` char(36) COLLATE utf8_unicode_ci NOT NULL DEFAULT '0',
  PRIMARY KEY (`id`),
  UNIQUE KEY `craft_userpermissions_usergroups_permissionId_groupId_unq_idx` (`permissionId`,`groupId`),
  KEY `craft_userpermissions_usergroups_groupId_fk` (`groupId`)
) ENGINE=InnoDB DEFAULT CHARSET=utf8 COLLATE=utf8_unicode_ci;

DROP TABLE IF EXISTS `craft_userpermissions_users`;


--
-- Schema for table `craft_userpermissions_users`
--
CREATE TABLE `craft_userpermissions_users` (
  `id` int(11) NOT NULL AUTO_INCREMENT,
  `permissionId` int(11) NOT NULL,
  `userId` int(11) NOT NULL,
  `dateCreated` datetime NOT NULL,
  `dateUpdated` datetime NOT NULL,
  `uid` char(36) COLLATE utf8_unicode_ci NOT NULL DEFAULT '0',
  PRIMARY KEY (`id`),
  UNIQUE KEY `craft_userpermissions_users_permissionId_userId_unq_idx` (`permissionId`,`userId`),
  KEY `craft_userpermissions_users_userId_fk` (`userId`)
) ENGINE=InnoDB DEFAULT CHARSET=utf8 COLLATE=utf8_unicode_ci;

DROP TABLE IF EXISTS `craft_users`;


--
-- Schema for table `craft_users`
--
CREATE TABLE `craft_users` (
  `id` int(11) NOT NULL,
  `username` varchar(100) COLLATE utf8_unicode_ci NOT NULL,
  `photo` varchar(50) COLLATE utf8_unicode_ci DEFAULT NULL,
  `firstName` varchar(100) COLLATE utf8_unicode_ci DEFAULT NULL,
  `lastName` varchar(100) COLLATE utf8_unicode_ci DEFAULT NULL,
  `email` varchar(255) COLLATE utf8_unicode_ci NOT NULL,
  `password` char(255) COLLATE utf8_unicode_ci DEFAULT NULL,
  `preferredLocale` char(12) COLLATE utf8_unicode_ci DEFAULT NULL,
  `weekStartDay` tinyint(4) NOT NULL DEFAULT '0',
  `admin` tinyint(1) unsigned NOT NULL DEFAULT '0',
  `client` tinyint(1) unsigned NOT NULL DEFAULT '0',
  `locked` tinyint(1) NOT NULL,
  `suspended` tinyint(1) NOT NULL,
  `pending` tinyint(1) NOT NULL,
  `archived` tinyint(1) NOT NULL,
  `lastLoginDate` datetime DEFAULT NULL,
  `lastLoginAttemptIPAddress` varchar(45) COLLATE utf8_unicode_ci DEFAULT NULL,
  `invalidLoginWindowStart` datetime DEFAULT NULL,
  `invalidLoginCount` tinyint(4) unsigned DEFAULT NULL,
  `lastInvalidLoginDate` datetime DEFAULT NULL,
  `lockoutDate` datetime DEFAULT NULL,
  `verificationCode` char(100) COLLATE utf8_unicode_ci DEFAULT NULL,
  `verificationCodeIssuedDate` datetime DEFAULT NULL,
  `unverifiedEmail` varchar(255) COLLATE utf8_unicode_ci DEFAULT NULL,
  `passwordResetRequired` tinyint(1) unsigned NOT NULL DEFAULT '0',
  `lastPasswordChangeDate` datetime DEFAULT NULL,
  `dateCreated` datetime NOT NULL,
  `dateUpdated` datetime NOT NULL,
  `uid` char(36) COLLATE utf8_unicode_ci NOT NULL DEFAULT '0',
  PRIMARY KEY (`id`),
  UNIQUE KEY `craft_users_username_unq_idx` (`username`),
  UNIQUE KEY `craft_users_email_unq_idx` (`email`),
  KEY `craft_users_verificationCode_idx` (`verificationCode`),
  KEY `craft_users_uid_idx` (`uid`),
  KEY `craft_users_preferredLocale_fk` (`preferredLocale`)
) ENGINE=InnoDB DEFAULT CHARSET=utf8 COLLATE=utf8_unicode_ci;

--
-- Data for table `craft_users`
--

INSERT INTO `craft_users` (`id`, `username`, `photo`, `firstName`, `lastName`, `email`, `password`, `preferredLocale`, `weekStartDay`, `admin`, `client`, `locked`, `suspended`, `pending`, `archived`, `lastLoginDate`, `lastLoginAttemptIPAddress`, `invalidLoginWindowStart`, `invalidLoginCount`, `lastInvalidLoginDate`, `lockoutDate`, `verificationCode`, `verificationCodeIssuedDate`, `unverifiedEmail`, `passwordResetRequired`, `lastPasswordChangeDate`, `dateCreated`, `dateUpdated`, `uid`) VALUES ('1', 'icgadmin', NULL, NULL, NULL, 'bobmarteal@gmail.com', '$2a$13$0Vo4rcJvls7NS7cufwba6.JHfxoFqBqOy2.lNc/xC9mxrxuiEy4hW', NULL, '0', '1', '0', '0', '0', '0', '0', '2015-01-20 00:51:06', '127.0.0.1', NULL, NULL, '2015-01-19 23:59:25', NULL, NULL, NULL, NULL, '0', '2014-11-26 00:20:27', '2014-11-26 00:20:27', '2015-01-20 00:51:06', '9ac7bf57-6204-45de-993d-df22988fdf83');



DROP TABLE IF EXISTS `craft_widgets`;


--
-- Schema for table `craft_widgets`
--
CREATE TABLE `craft_widgets` (
  `id` int(11) NOT NULL AUTO_INCREMENT,
  `userId` int(11) NOT NULL,
  `type` varchar(150) COLLATE utf8_unicode_ci NOT NULL,
  `sortOrder` tinyint(4) DEFAULT NULL,
  `settings` text COLLATE utf8_unicode_ci,
  `enabled` tinyint(1) unsigned NOT NULL DEFAULT '1',
  `dateCreated` datetime NOT NULL,
  `dateUpdated` datetime NOT NULL,
  `uid` char(36) COLLATE utf8_unicode_ci NOT NULL DEFAULT '0',
  PRIMARY KEY (`id`),
  KEY `craft_widgets_userId_fk` (`userId`)
) ENGINE=InnoDB AUTO_INCREMENT=7 DEFAULT CHARSET=utf8 COLLATE=utf8_unicode_ci;

--
-- Data for table `craft_widgets`
--

INSERT INTO `craft_widgets` (`id`, `userId`, `type`, `sortOrder`, `settings`, `enabled`, `dateCreated`, `dateUpdated`, `uid`) VALUES ('1', '1', 'RecentEntries', '1', NULL, '1', '2014-11-26 00:20:33', '2014-11-26 00:20:33', '499f2f3d-3f14-4e15-bc34-9ab4fd440bf4');
INSERT INTO `craft_widgets` (`id`, `userId`, `type`, `sortOrder`, `settings`, `enabled`, `dateCreated`, `dateUpdated`, `uid`) VALUES ('2', '1', 'GetHelp', '2', NULL, '1', '2014-11-26 00:20:33', '2014-11-26 00:20:33', 'e822017e-be52-4190-ae57-4cdc2f8caeb2');
INSERT INTO `craft_widgets` (`id`, `userId`, `type`, `sortOrder`, `settings`, `enabled`, `dateCreated`, `dateUpdated`, `uid`) VALUES ('3', '1', 'Updates', '3', NULL, '1', '2014-11-26 00:20:33', '2014-11-26 00:20:33', 'd7c3bb56-b94d-49fb-a703-3eb840fc29e5');
INSERT INTO `craft_widgets` (`id`, `userId`, `type`, `sortOrder`, `settings`, `enabled`, `dateCreated`, `dateUpdated`, `uid`) VALUES ('4', '1', 'Feed', '4', '{\"url\":\"http:\\/\\/feeds.feedburner.com\\/blogandtonic\",\"title\":\"Blog & Tonic\"}', '1', '2014-11-26 00:20:33', '2014-11-26 00:20:33', '9173f900-f416-45b2-bd65-32f50d0c0d4b');
INSERT INTO `craft_widgets` (`id`, `userId`, `type`, `sortOrder`, `settings`, `enabled`, `dateCreated`, `dateUpdated`, `uid`) VALUES ('5', '1', 'RecentEntries', '5', '{\"section\":\"*\",\"limit\":\"10\"}', '0', '2015-01-02 18:11:32', '2015-01-20 00:02:16', '7398f03f-e0e6-41dd-b6ce-9c37217db6c8');
INSERT INTO `craft_widgets` (`id`, `userId`, `type`, `sortOrder`, `settings`, `enabled`, `dateCreated`, `dateUpdated`, `uid`) VALUES ('6', '1', 'QuickPost', '6', '{\"section\":\"5\",\"entryType\":\"\",\"fields\":[\"16\",\"21\",\"52\",\"54\",\"57\",\"14\",\"53\",\"20\",\"51\"]}', '1', '2015-01-20 00:03:02', '2015-01-20 00:03:02', '15a58a91-623b-455a-8c90-50b78a4e4bc3');


--
-- Constraints for tables
--


--
-- Constraints for table `craft_assetfiles`
--
ALTER TABLE `craft_assetfiles`
	ADD CONSTRAINT `craft_assetfiles_folderId_fk` FOREIGN KEY (`folderId`) REFERENCES `craft_assetfolders` (`id`) ON DELETE CASCADE,
	ADD CONSTRAINT `craft_assetfiles_id_fk` FOREIGN KEY (`id`) REFERENCES `craft_elements` (`id`) ON DELETE CASCADE,
	ADD CONSTRAINT `craft_assetfiles_sourceId_fk` FOREIGN KEY (`sourceId`) REFERENCES `craft_assetsources` (`id`) ON DELETE CASCADE;

--
-- Constraints for table `craft_assetfolders`
--
ALTER TABLE `craft_assetfolders`
	ADD CONSTRAINT `craft_assetfolders_parentId_fk` FOREIGN KEY (`parentId`) REFERENCES `craft_assetfolders` (`id`) ON DELETE CASCADE,
	ADD CONSTRAINT `craft_assetfolders_sourceId_fk` FOREIGN KEY (`sourceId`) REFERENCES `craft_assetsources` (`id`) ON DELETE CASCADE;

--
-- Constraints for table `craft_assetindexdata`
--
ALTER TABLE `craft_assetindexdata`
	ADD CONSTRAINT `craft_assetindexdata_sourceId_fk` FOREIGN KEY (`sourceId`) REFERENCES `craft_assetsources` (`id`) ON DELETE CASCADE;

--
-- Constraints for table `craft_assetsources`
--
ALTER TABLE `craft_assetsources`
	ADD CONSTRAINT `craft_assetsources_fieldLayoutId_fk` FOREIGN KEY (`fieldLayoutId`) REFERENCES `craft_fieldlayouts` (`id`) ON DELETE SET NULL;

--
-- Constraints for table `craft_categories`
--
ALTER TABLE `craft_categories`
	ADD CONSTRAINT `craft_categories_groupId_fk` FOREIGN KEY (`groupId`) REFERENCES `craft_categorygroups` (`id`) ON DELETE CASCADE,
	ADD CONSTRAINT `craft_categories_id_fk` FOREIGN KEY (`id`) REFERENCES `craft_elements` (`id`) ON DELETE CASCADE;

--
-- Constraints for table `craft_categorygroups`
--
ALTER TABLE `craft_categorygroups`
	ADD CONSTRAINT `craft_categorygroups_fieldLayoutId_fk` FOREIGN KEY (`fieldLayoutId`) REFERENCES `craft_fieldlayouts` (`id`) ON DELETE SET NULL,
	ADD CONSTRAINT `craft_categorygroups_structureId_fk` FOREIGN KEY (`structureId`) REFERENCES `craft_structures` (`id`) ON DELETE CASCADE;

--
-- Constraints for table `craft_categorygroups_i18n`
--
ALTER TABLE `craft_categorygroups_i18n`
	ADD CONSTRAINT `craft_categorygroups_i18n_groupId_fk` FOREIGN KEY (`groupId`) REFERENCES `craft_categorygroups` (`id`) ON DELETE CASCADE,
	ADD CONSTRAINT `craft_categorygroups_i18n_locale_fk` FOREIGN KEY (`locale`) REFERENCES `craft_locales` (`locale`) ON DELETE CASCADE ON UPDATE CASCADE;

--
-- Constraints for table `craft_content`
--
ALTER TABLE `craft_content`
	ADD CONSTRAINT `craft_content_elementId_fk` FOREIGN KEY (`elementId`) REFERENCES `craft_elements` (`id`) ON DELETE CASCADE,
	ADD CONSTRAINT `craft_content_locale_fk` FOREIGN KEY (`locale`) REFERENCES `craft_locales` (`locale`) ON DELETE CASCADE ON UPDATE CASCADE;

--
-- Constraints for table `craft_elements_i18n`
--
ALTER TABLE `craft_elements_i18n`
	ADD CONSTRAINT `craft_elements_i18n_elementId_fk` FOREIGN KEY (`elementId`) REFERENCES `craft_elements` (`id`) ON DELETE CASCADE,
	ADD CONSTRAINT `craft_elements_i18n_locale_fk` FOREIGN KEY (`locale`) REFERENCES `craft_locales` (`locale`) ON DELETE CASCADE ON UPDATE CASCADE;

--
-- Constraints for table `craft_emailmessages`
--
ALTER TABLE `craft_emailmessages`
	ADD CONSTRAINT `craft_emailmessages_locale_fk` FOREIGN KEY (`locale`) REFERENCES `craft_locales` (`locale`) ON DELETE CASCADE ON UPDATE CASCADE;

--
-- Constraints for table `craft_entries`
--
ALTER TABLE `craft_entries`
	ADD CONSTRAINT `craft_entries_authorId_fk` FOREIGN KEY (`authorId`) REFERENCES `craft_users` (`id`) ON DELETE CASCADE,
	ADD CONSTRAINT `craft_entries_id_fk` FOREIGN KEY (`id`) REFERENCES `craft_elements` (`id`) ON DELETE CASCADE,
	ADD CONSTRAINT `craft_entries_sectionId_fk` FOREIGN KEY (`sectionId`) REFERENCES `craft_sections` (`id`) ON DELETE CASCADE,
	ADD CONSTRAINT `craft_entries_typeId_fk` FOREIGN KEY (`typeId`) REFERENCES `craft_entrytypes` (`id`) ON DELETE CASCADE;

--
-- Constraints for table `craft_entrydrafts`
--
ALTER TABLE `craft_entrydrafts`
	ADD CONSTRAINT `craft_entrydrafts_creatorId_fk` FOREIGN KEY (`creatorId`) REFERENCES `craft_users` (`id`) ON DELETE CASCADE,
	ADD CONSTRAINT `craft_entrydrafts_entryId_fk` FOREIGN KEY (`entryId`) REFERENCES `craft_entries` (`id`) ON DELETE CASCADE,
	ADD CONSTRAINT `craft_entrydrafts_locale_fk` FOREIGN KEY (`locale`) REFERENCES `craft_locales` (`locale`) ON DELETE CASCADE ON UPDATE CASCADE,
	ADD CONSTRAINT `craft_entrydrafts_sectionId_fk` FOREIGN KEY (`sectionId`) REFERENCES `craft_sections` (`id`) ON DELETE CASCADE;

--
-- Constraints for table `craft_entrytypes`
--
ALTER TABLE `craft_entrytypes`
	ADD CONSTRAINT `craft_entrytypes_fieldLayoutId_fk` FOREIGN KEY (`fieldLayoutId`) REFERENCES `craft_fieldlayouts` (`id`) ON DELETE SET NULL,
	ADD CONSTRAINT `craft_entrytypes_sectionId_fk` FOREIGN KEY (`sectionId`) REFERENCES `craft_sections` (`id`) ON DELETE CASCADE;

--
-- Constraints for table `craft_entryversions`
--
ALTER TABLE `craft_entryversions`
	ADD CONSTRAINT `craft_entryversions_creatorId_fk` FOREIGN KEY (`creatorId`) REFERENCES `craft_users` (`id`) ON DELETE SET NULL,
	ADD CONSTRAINT `craft_entryversions_entryId_fk` FOREIGN KEY (`entryId`) REFERENCES `craft_entries` (`id`) ON DELETE CASCADE,
	ADD CONSTRAINT `craft_entryversions_locale_fk` FOREIGN KEY (`locale`) REFERENCES `craft_locales` (`locale`) ON DELETE CASCADE ON UPDATE CASCADE,
	ADD CONSTRAINT `craft_entryversions_sectionId_fk` FOREIGN KEY (`sectionId`) REFERENCES `craft_sections` (`id`) ON DELETE CASCADE;

--
-- Constraints for table `craft_fieldlayoutfields`
--
ALTER TABLE `craft_fieldlayoutfields`
	ADD CONSTRAINT `craft_fieldlayoutfields_fieldId_fk` FOREIGN KEY (`fieldId`) REFERENCES `craft_fields` (`id`) ON DELETE CASCADE,
	ADD CONSTRAINT `craft_fieldlayoutfields_layoutId_fk` FOREIGN KEY (`layoutId`) REFERENCES `craft_fieldlayouts` (`id`) ON DELETE CASCADE,
	ADD CONSTRAINT `craft_fieldlayoutfields_tabId_fk` FOREIGN KEY (`tabId`) REFERENCES `craft_fieldlayouttabs` (`id`) ON DELETE CASCADE;

--
-- Constraints for table `craft_fieldlayouttabs`
--
ALTER TABLE `craft_fieldlayouttabs`
	ADD CONSTRAINT `craft_fieldlayouttabs_layoutId_fk` FOREIGN KEY (`layoutId`) REFERENCES `craft_fieldlayouts` (`id`) ON DELETE CASCADE;

--
-- Constraints for table `craft_fields`
--
ALTER TABLE `craft_fields`
	ADD CONSTRAINT `craft_fields_groupId_fk` FOREIGN KEY (`groupId`) REFERENCES `craft_fieldgroups` (`id`) ON DELETE CASCADE;

--
-- Constraints for table `craft_globalsets`
--
ALTER TABLE `craft_globalsets`
	ADD CONSTRAINT `craft_globalsets_fieldLayoutId_fk` FOREIGN KEY (`fieldLayoutId`) REFERENCES `craft_fieldlayouts` (`id`) ON DELETE SET NULL,
	ADD CONSTRAINT `craft_globalsets_id_fk` FOREIGN KEY (`id`) REFERENCES `craft_elements` (`id`) ON DELETE CASCADE;

--
-- Constraints for table `craft_matrixblocks`
--
ALTER TABLE `craft_matrixblocks`
	ADD CONSTRAINT `craft_matrixblocks_fieldId_fk` FOREIGN KEY (`fieldId`) REFERENCES `craft_fields` (`id`) ON DELETE CASCADE,
	ADD CONSTRAINT `craft_matrixblocks_id_fk` FOREIGN KEY (`id`) REFERENCES `craft_elements` (`id`) ON DELETE CASCADE,
	ADD CONSTRAINT `craft_matrixblocks_ownerId_fk` FOREIGN KEY (`ownerId`) REFERENCES `craft_elements` (`id`) ON DELETE CASCADE,
	ADD CONSTRAINT `craft_matrixblocks_ownerLocale_fk` FOREIGN KEY (`ownerLocale`) REFERENCES `craft_locales` (`locale`) ON DELETE CASCADE ON UPDATE CASCADE,
	ADD CONSTRAINT `craft_matrixblocks_typeId_fk` FOREIGN KEY (`typeId`) REFERENCES `craft_matrixblocktypes` (`id`) ON DELETE CASCADE;

--
-- Constraints for table `craft_matrixblocktypes`
--
ALTER TABLE `craft_matrixblocktypes`
	ADD CONSTRAINT `craft_matrixblocktypes_fieldId_fk` FOREIGN KEY (`fieldId`) REFERENCES `craft_fields` (`id`) ON DELETE CASCADE,
	ADD CONSTRAINT `craft_matrixblocktypes_fieldLayoutId_fk` FOREIGN KEY (`fieldLayoutId`) REFERENCES `craft_fieldlayouts` (`id`) ON DELETE SET NULL;

--
-- Constraints for table `craft_matrixcontent_featuredlinkblock`
--
ALTER TABLE `craft_matrixcontent_featuredlinkblock`
	ADD CONSTRAINT `craft_matrixcontent_featuredlinkblock_elementId_fk` FOREIGN KEY (`elementId`) REFERENCES `craft_elements` (`id`) ON DELETE CASCADE,
	ADD CONSTRAINT `craft_matrixcontent_featuredlinkblock_locale_fk` FOREIGN KEY (`locale`) REFERENCES `craft_locales` (`locale`) ON DELETE CASCADE ON UPDATE CASCADE;

--
-- Constraints for table `craft_matrixcontent_gardenscontent`
--
ALTER TABLE `craft_matrixcontent_gardenscontent`
	ADD CONSTRAINT `craft_matrixcontent_gardenscontent_elementId_fk` FOREIGN KEY (`elementId`) REFERENCES `craft_elements` (`id`) ON DELETE CASCADE,
	ADD CONSTRAINT `craft_matrixcontent_gardenscontent_locale_fk` FOREIGN KEY (`locale`) REFERENCES `craft_locales` (`locale`) ON DELETE CASCADE ON UPDATE CASCADE;

--
-- Constraints for table `craft_matrixcontent_gardenssidebar`
--
ALTER TABLE `craft_matrixcontent_gardenssidebar`
	ADD CONSTRAINT `craft_matrixcontent_gardenssidebar_elementId_fk` FOREIGN KEY (`elementId`) REFERENCES `craft_elements` (`id`) ON DELETE CASCADE,
	ADD CONSTRAINT `craft_matrixcontent_gardenssidebar_locale_fk` FOREIGN KEY (`locale`) REFERENCES `craft_locales` (`locale`) ON DELETE CASCADE ON UPDATE CASCADE;

--
-- Constraints for table `craft_matrixcontent_programdates`
--
ALTER TABLE `craft_matrixcontent_programdates`
	ADD CONSTRAINT `craft_matrixcontent_programdates_elementId_fk` FOREIGN KEY (`elementId`) REFERENCES `craft_elements` (`id`) ON DELETE CASCADE,
	ADD CONSTRAINT `craft_matrixcontent_programdates_locale_fk` FOREIGN KEY (`locale`) REFERENCES `craft_locales` (`locale`) ON DELETE CASCADE ON UPDATE CASCADE;

--
-- Constraints for table `craft_matrixcontent_programfullcontent`
--
ALTER TABLE `craft_matrixcontent_programfullcontent`
	ADD CONSTRAINT `craft_matrixcontent_programfullcontent_elementId_fk` FOREIGN KEY (`elementId`) REFERENCES `craft_elements` (`id`) ON DELETE CASCADE,
	ADD CONSTRAINT `craft_matrixcontent_programfullcontent_locale_fk` FOREIGN KEY (`locale`) REFERENCES `craft_locales` (`locale`) ON DELETE CASCADE ON UPDATE CASCADE;

--
-- Constraints for table `craft_matrixcontent_programsidebar`
--
ALTER TABLE `craft_matrixcontent_programsidebar`
	ADD CONSTRAINT `craft_matrixcontent_programsidebar_elementId_fk` FOREIGN KEY (`elementId`) REFERENCES `craft_elements` (`id`) ON DELETE CASCADE,
	ADD CONSTRAINT `craft_matrixcontent_programsidebar_locale_fk` FOREIGN KEY (`locale`) REFERENCES `craft_locales` (`locale`) ON DELETE CASCADE ON UPDATE CASCADE;

--
-- Constraints for table `craft_matrixcontent_singlepagecontent`
--
ALTER TABLE `craft_matrixcontent_singlepagecontent`
	ADD CONSTRAINT `craft_matrixcontent_singlepagecontent_elementId_fk` FOREIGN KEY (`elementId`) REFERENCES `craft_elements` (`id`) ON DELETE CASCADE,
	ADD CONSTRAINT `craft_matrixcontent_singlepagecontent_locale_fk` FOREIGN KEY (`locale`) REFERENCES `craft_locales` (`locale`) ON DELETE CASCADE ON UPDATE CASCADE;

--
-- Constraints for table `craft_matrixcontent_singlepagesidebar`
--
ALTER TABLE `craft_matrixcontent_singlepagesidebar`
	ADD CONSTRAINT `craft_matrixcontent_singlepagesidebar_elementId_fk` FOREIGN KEY (`elementId`) REFERENCES `craft_elements` (`id`) ON DELETE CASCADE,
	ADD CONSTRAINT `craft_matrixcontent_singlepagesidebar_locale_fk` FOREIGN KEY (`locale`) REFERENCES `craft_locales` (`locale`) ON DELETE CASCADE ON UPDATE CASCADE;

--
-- Constraints for table `craft_migrations`
--
ALTER TABLE `craft_migrations`
	ADD CONSTRAINT `craft_migrations_pluginId_fk` FOREIGN KEY (`pluginId`) REFERENCES `craft_plugins` (`id`) ON DELETE CASCADE;

--
-- Constraints for table `craft_recurringdate_dates`
--
ALTER TABLE `craft_recurringdate_dates`
	ADD CONSTRAINT `craft_recurringdate_dates_ruleId_fk` FOREIGN KEY (`ruleId`) REFERENCES `craft_recurringdate_rules` (`id`) ON DELETE CASCADE;

--
-- Constraints for table `craft_recurringdate_rules`
--
ALTER TABLE `craft_recurringdate_rules`
	ADD CONSTRAINT `craft_recurringdate_rules_elementId_fk` FOREIGN KEY (`elementId`) REFERENCES `craft_elements` (`id`) ON DELETE CASCADE;

--
-- Constraints for table `craft_relations`
--
ALTER TABLE `craft_relations`
	ADD CONSTRAINT `craft_relations_fieldId_fk` FOREIGN KEY (`fieldId`) REFERENCES `craft_fields` (`id`) ON DELETE CASCADE,
	ADD CONSTRAINT `craft_relations_sourceId_fk` FOREIGN KEY (`sourceId`) REFERENCES `craft_elements` (`id`) ON DELETE CASCADE,
	ADD CONSTRAINT `craft_relations_sourceLocale_fk` FOREIGN KEY (`sourceLocale`) REFERENCES `craft_locales` (`locale`) ON DELETE CASCADE ON UPDATE CASCADE,
	ADD CONSTRAINT `craft_relations_targetId_fk` FOREIGN KEY (`targetId`) REFERENCES `craft_elements` (`id`) ON DELETE CASCADE;

--
-- Constraints for table `craft_routes`
--
ALTER TABLE `craft_routes`
	ADD CONSTRAINT `craft_routes_locale_fk` FOREIGN KEY (`locale`) REFERENCES `craft_locales` (`locale`) ON DELETE CASCADE ON UPDATE CASCADE;

--
-- Constraints for table `craft_sections`
--
ALTER TABLE `craft_sections`
	ADD CONSTRAINT `craft_sections_structureId_fk` FOREIGN KEY (`structureId`) REFERENCES `craft_structures` (`id`) ON DELETE SET NULL;

--
-- Constraints for table `craft_sections_i18n`
--
ALTER TABLE `craft_sections_i18n`
	ADD CONSTRAINT `craft_sections_i18n_locale_fk` FOREIGN KEY (`locale`) REFERENCES `craft_locales` (`locale`) ON DELETE CASCADE ON UPDATE CASCADE,
	ADD CONSTRAINT `craft_sections_i18n_sectionId_fk` FOREIGN KEY (`sectionId`) REFERENCES `craft_sections` (`id`) ON DELETE CASCADE;

--
-- Constraints for table `craft_sessions`
--
ALTER TABLE `craft_sessions`
	ADD CONSTRAINT `craft_sessions_userId_fk` FOREIGN KEY (`userId`) REFERENCES `craft_users` (`id`) ON DELETE CASCADE;

--
-- Constraints for table `craft_shunnedmessages`
--
ALTER TABLE `craft_shunnedmessages`
	ADD CONSTRAINT `craft_shunnedmessages_userId_fk` FOREIGN KEY (`userId`) REFERENCES `craft_users` (`id`) ON DELETE CASCADE;

--
-- Constraints for table `craft_structureelements`
--
ALTER TABLE `craft_structureelements`
	ADD CONSTRAINT `craft_structureelements_elementId_fk` FOREIGN KEY (`elementId`) REFERENCES `craft_elements` (`id`) ON DELETE CASCADE,
	ADD CONSTRAINT `craft_structureelements_structureId_fk` FOREIGN KEY (`structureId`) REFERENCES `craft_structures` (`id`) ON DELETE CASCADE;

--
-- Constraints for table `craft_taggroups`
--
ALTER TABLE `craft_taggroups`
	ADD CONSTRAINT `craft_taggroups_fieldLayoutId_fk` FOREIGN KEY (`fieldLayoutId`) REFERENCES `craft_fieldlayouts` (`id`) ON DELETE SET NULL;

--
-- Constraints for table `craft_tags`
--
ALTER TABLE `craft_tags`
	ADD CONSTRAINT `craft_tags_groupId_fk` FOREIGN KEY (`groupId`) REFERENCES `craft_taggroups` (`id`) ON DELETE CASCADE,
	ADD CONSTRAINT `craft_tags_id_fk` FOREIGN KEY (`id`) REFERENCES `craft_elements` (`id`) ON DELETE CASCADE;

--
-- Constraints for table `craft_templatecachecriteria`
--
ALTER TABLE `craft_templatecachecriteria`
	ADD CONSTRAINT `craft_templatecachecriteria_cacheId_fk` FOREIGN KEY (`cacheId`) REFERENCES `craft_templatecaches` (`id`) ON DELETE CASCADE;

--
-- Constraints for table `craft_templatecacheelements`
--
ALTER TABLE `craft_templatecacheelements`
	ADD CONSTRAINT `craft_templatecacheelements_cacheId_fk` FOREIGN KEY (`cacheId`) REFERENCES `craft_templatecaches` (`id`) ON DELETE CASCADE,
	ADD CONSTRAINT `craft_templatecacheelements_elementId_fk` FOREIGN KEY (`elementId`) REFERENCES `craft_elements` (`id`) ON DELETE CASCADE;

--
-- Constraints for table `craft_templatecaches`
--
ALTER TABLE `craft_templatecaches`
	ADD CONSTRAINT `craft_templatecaches_locale_fk` FOREIGN KEY (`locale`) REFERENCES `craft_locales` (`locale`) ON DELETE CASCADE ON UPDATE CASCADE;

--
-- Constraints for table `craft_usergroups_users`
--
ALTER TABLE `craft_usergroups_users`
	ADD CONSTRAINT `craft_usergroups_users_groupId_fk` FOREIGN KEY (`groupId`) REFERENCES `craft_usergroups` (`id`) ON DELETE CASCADE,
	ADD CONSTRAINT `craft_usergroups_users_userId_fk` FOREIGN KEY (`userId`) REFERENCES `craft_users` (`id`) ON DELETE CASCADE;

--
-- Constraints for table `craft_userpermissions_usergroups`
--
ALTER TABLE `craft_userpermissions_usergroups`
	ADD CONSTRAINT `craft_userpermissions_usergroups_groupId_fk` FOREIGN KEY (`groupId`) REFERENCES `craft_usergroups` (`id`) ON DELETE CASCADE,
	ADD CONSTRAINT `craft_userpermissions_usergroups_permissionId_fk` FOREIGN KEY (`permissionId`) REFERENCES `craft_userpermissions` (`id`) ON DELETE CASCADE;

--
-- Constraints for table `craft_userpermissions_users`
--
ALTER TABLE `craft_userpermissions_users`
	ADD CONSTRAINT `craft_userpermissions_users_permissionId_fk` FOREIGN KEY (`permissionId`) REFERENCES `craft_userpermissions` (`id`) ON DELETE CASCADE,
	ADD CONSTRAINT `craft_userpermissions_users_userId_fk` FOREIGN KEY (`userId`) REFERENCES `craft_users` (`id`) ON DELETE CASCADE;

--
-- Constraints for table `craft_users`
--
ALTER TABLE `craft_users`
	ADD CONSTRAINT `craft_users_id_fk` FOREIGN KEY (`id`) REFERENCES `craft_elements` (`id`) ON DELETE CASCADE,
	ADD CONSTRAINT `craft_users_preferredLocale_fk` FOREIGN KEY (`preferredLocale`) REFERENCES `craft_locales` (`locale`) ON DELETE SET NULL ON UPDATE CASCADE;

--
-- Constraints for table `craft_widgets`
--
ALTER TABLE `craft_widgets`
	ADD CONSTRAINT `craft_widgets_userId_fk` FOREIGN KEY (`userId`) REFERENCES `craft_users` (`id`) ON DELETE CASCADE;

SET FOREIGN_KEY_CHECKS = 1;
